ID,Language_ID,Parameter_ID,Form,Segments,Comment,Source,Media_ID,Morpho_Segments
mokontomo-2pl-pro-ya-erg,yab,2pl-pro-erg,mokontomo ya,,,,,
mokontomo-2pl-pro-yenijpe-drink-pst,yab,2pl-pro-drink-pst,mokontomo yeni-jpë,,,,,
mokontomo-2pl-pro-ta-say-ipfv,yab,2pl-pro-say-ipfv,mokontomo ta-∅,,,,,
mokontomo-2pl-pro-ta-say-acnnmlz,yab,2pl-pro-say-acnnmlz,mokontomo ta-∅,,,,,
tewi-3pro-yoti-lk-meat-pert,yab,3pro-lk-meat-pert,tëwï y-oti-∅,,,,,
tewi-3pro-warai-like,yab,3pro-like,tëwï warai,,,,,
tewi-3pro-ta-say-acnnmlz,yab,3pro-say-acnnmlz,tëwï ta-∅,,,,,
tewi-3pro-waraij-like,yab,3pro-like,tëwï waraij,,,,,
tewi-3pro-tase-say-pst,yab,3pro-say-pst,tëwï ta-se,,,,,
tewi-3pro-asuka-sugar,yab,3pro-sugar,tëwï asuka,,,,,
tewi-3pro-chi-cop-acnnmlz,yab,3pro-cop-acnnmlz,tëwï chi-∅,,,,,
tewi-3pro-yawe-loc,yab,3pro-loc,tëwï yawë,,,,,
ejne-1-2pro-wejsape-cop-pst,yab,1-2pro-cop-pst,ejnë wej-sapë,,,,,
tewi-3pro-kajwe-coffee,yab,3pro-coffee,tëwï kajwe,,,,,
tewi-3pro-yenija-drink-neg,yab,3pro-drink-neg,tëwï yeni-ja,,,,,
ejne-1-2pro-sere-bitter-manioc,yab,1-2pro-bitter-manioc,ejnë sere,,,,,
ejne-1-2pro-ke-ins,yab,1-2pro-ins,ejnë ke,,,,,
ejne-1-2pro-warai-like,yab,1-2pro-like,ejnë warai,,,,,
ejne-1-2pro-inijpe-see-pst-acnnmlz,yab,1-2pro-see-pst-acnnmlz,ejnë ini-jpë,,,,,
ejne-1-2pro-chawe-loc,yab,1-2pro-loc,ejnë chawë,,,,,
tewi-3pro-yenija-drink-neg-1,yab,3pro-drink-neg,tëwï yëni-ja,,,,,
ejne-1-2pro-yeneja-eat-meat-neg,yab,1-2pro-eat-meat-neg,ejnë yënë-ja,,,,,
ejne-1-2pro-yoti-lk-meat-pert,yab,1-2pro-lk-meat-pert,ejnë y-oti-∅,,,,,
ejne-1-2pro-yuru-lk-starchy-food-pert,yab,1-2pro-lk-starchy-food-pert,ejnë y-u-ru,,,,,
tewi-3pro-yenipeke-drink-prog-tr,yab,3pro-drink-prog-tr,tëwï yeni-pëkë,,,,,
ejne-1-2pro-yemepeti-eat-fruits-eggs-soup-plur-ipfv,yab,1-2pro-eat-fruits-eggs-soup-plur-ipfv,ejnë yeme-pëti-∅,,,,,
ejne-1-2pro-ya-erg,yab,1-2pro-erg,ejnë ya,,,,,
tewi-3pro-enireno-now-nmlz,yab,3pro-now-nmlz,tëwï enirë-no,,,,,
tewi-3pro-toto-non-indian,yab,3pro-non-indian,tëwï toto,,,,,
ejne-1-2pro-yene-eat-meat-ipfv,yab,1-2pro-eat-meat-ipfv,ejnë yënë-∅,,,,,
ejne-1-2pro-kampra-big,yab,1-2pro-big,ejnë kampra,,,,,
tewi-3pro-senkaja-finish-neg,yab,3pro-finish-neg,tëwï sënka-ja,,,,,
mokontomo-2pl-pro-yoti-lk-meat-pert,yab,2pl-pro-lk-meat-pert,mokontomo y-oti-∅,,,,,
mokontomo-2pl-pro-tajtoj-say-circ-nmlz,yab,2pl-pro-say-circ-nmlz,mokontomo taj-toj,,,,,
ejne-1-2pro-inawe-have,yab,1-2pro-have,ejnë inawë,,,,,
ejne-1-2pro-keyatajpe-grow-pst-acnnmlz,yab,1-2pro-grow-pst-acnnmlz,ejnë këyata-jpë,,,,,
ejne-1-2pro-yaweno-loc-nmlz,yab,1-2pro-loc-nmlz,ejnë yawë-no,,,,,
ejne-1-2pro-tajtoj-say-circ-nmlz,yab,1-2pro-say-circ-nmlz,ejnë taj-toj,,,,,
ejne-1-2pro-yamane-make-ipfv,yab,1-2pro-make-ipfv,ejnë yamanë-∅,,,,,
tewi-3pro-ya-erg,yab,3pro-erg,tëwï ya,,,,,
tewi-3pro-nepijpe-bring-pst,yab,3pro-bring-pst,tëwï nepï-jpë,,,,,
tewi-3pro-wejsape-cop-pst,yab,3pro-cop-pst,tëwï wej-sapë,,,,,
ejne-1-2pro-ijmojkatopo-cook-circ-nmlz,yab,1-2pro-cook-circ-nmlz,ejnë ijmojka-topo,,,,,
ejne-1-2pro-yaponteri-lk-seat-pert,yab,1-2pro-lk-seat-pert,ejnë y-apontë-ri,,,,,
ejne-1-2pro-wepija-come-neg,yab,1-2pro-come-neg,ejnë wepï-ja,,,,,
tewi-3pro-empamija-learn-neg,yab,3pro-learn-neg,tëwï ëmpamï-ja,,,,,
tewi-3pro-yiwiti-lk-house-pert,yab,3pro-lk-house-pert,tëwï y-ïwïtï-∅,,,,,
mokontomo-2pl-pro-empamija-learn-neg,yab,2pl-pro-learn-neg,mokontomo ëmpamï-ja,,,,,
wire-1pro-peke-about,yab,1pro-about,wïrë pëkë,,,,,
wire-1pro-ya-erg,yab,1pro-erg,wïrë ya,,,,,
mokontomo-2pl-pro-empampejteke-learn-plur-pl-imp,yab,2pl-pro-learn-plur-pl-imp,mokontomo ëmpam-pëj-të-kë,,,,,
ejne-1-2pro-empamija-learn-neg,yab,1-2pro-learn-neg,ejnë ëmpamï-ja,,,,,
ejne-1-2pro-yenepeja-send-away-neg,yab,1-2pro-send-away-neg,ejnë yenepe-ja,,,,,
wire-1pro-chi-cop-acnnmlz,yab,1pro-cop-acnnmlz,wïrë chi-∅,,,,,
wire-1pro-yawe-loc,yab,1pro-loc,wïrë yawë,,,,,
wire-1pro-empamija-learn-neg,yab,1pro-learn-neg,wïrë ëmpamï-ja,,,,,
wire-1pro-tajpetiri-say-plur-ipfv,yab,1pro-say-plur-ipfv,wïrë taj-pëti-ri,,,,,
wire-1pro-chiripo-cop-irr,yab,1pro-cop-irr,wïrë chi-ripo,,,,,
wire-1pro-empansaj-learn-pfv,yab,1pro-learn-pfv,wïrë ëmpan-saj,,,,,
wire-1pro-mukutomo-child-pl,yab,1pro-child-pl,wïrë muku-tomo,,,,,
tewi-3pro-pojte-want-acnnmlz,yab,3pro-want-acnnmlz,tëwï pojtë-∅,,,,,
wire-1pro-wejsaj-cop-pst,yab,1pro-cop-pst,wïrë wej-saj,,,,,
tewi-3pro-indigena-indigenous-person,yab,3pro-indigenous-person,tëwï indigena,,,,,
wire-1pro-taro-say-ipfv,yab,1pro-say-ipfv,wïrë taro-∅,,,,,
ejne-1-2pro-peke-about,yab,1-2pro-about,ejnë pëkë,,,,,
wire-1pro-mukuru-child-pert,yab,1pro-child-pert,wïrë muku-ru,,,,,
wire-1pro-ijteri-3-go-ipfv,yab,1pro-3-go-ipfv,wïrë ij-të-ri,,,,,
mere-2pro-iniri-see-ipfv,yab,2pro-see-ipfv,mërë ini-ri,,,,,
ejne-1-2pro-pekepene-alone,yab,1-2pro-alone,ejnë pëkëpene,,,,,
ejne-1-2pro-yaruwaja-laugh-neg,yab,1-2pro-laugh-neg,ejnë yaruwa-ja,,,,,
ejne-1-2pro-wanene-aunt,yab,1-2pro-aunt,ejnë wanene,,,,,
ejne-1-2pro-yaruwari-laugh-ipfv,yab,1-2pro-laugh-ipfv,ejnë yaruwa-ri,,,,,
tajne-3-pl-yakarama-tell-acnnmlz,yab,3-pl-tell-acnnmlz,ta-jne yakarama-∅,,,,,
tajne-3-pl-peke-about,yab,3-pl-about,ta-jne pëkë,,,,,
tajne-3-pl-esene-see-self-ipfv,yab,3-pl-see-self-ipfv,ta-jne esene-∅,,,,,
mokontomo-2pl-pro-yaruwari-laugh-ipfv,yab,2pl-pro-laugh-ipfv,mokontomo yaruwa-ri,,,,,
wire-1pro-ta-say-ipfv,yab,1pro-say-ipfv,wïrë ta-∅,,,,,
tajne-3-pl-pokono-about-nmlz,yab,3-pl-about-nmlz,ta-jne poko-no,,,,,
tajne-3-pl-iri-put-ipfv,yab,3-pl-put-ipfv,ta-jne i-ri,,,,,
tajne-3-pl-yarikari-laugh-ipfv,yab,3-pl-laugh-ipfv,ta-jne yarika-ri,,,,,
ejne-1-2pro-yarikaja-laugh-neg,yab,1-2pro-laugh-neg,ejnë yarika-ja,,,,,
ejne-1-2pro-yarikatopo-laugh-circ-nmlz,yab,1-2pro-laugh-circ-nmlz,ejnë yarika-topo,,,,,
wire-1pro-senejkari-stay-ipfv,yab,1pro-stay-ipfv,wïrë senejka-rï,,,,,
wire-1pro-yaka-all,yab,1pro-all,wïrë yaka,,,,,
wire-1pro-itari-hear-ipfv,yab,1pro-hear-ipfv,wïrë ita-ri,,,,,
ejne-1-2pro-pana-dat,yab,1-2pro-dat,ejnë pana,,,,,
ejne-1-2pro-seneja-see-self-neg,yab,1-2pro-see-self-neg,ejnë sene-ja,,,,,
ejne-1-2pro-yaruwatopo-laugh-circ-nmlz,yab,1-2pro-laugh-circ-nmlz,ejnë yaruwa-topo,,,,,
tewisantomo-3pro-pl-yaruwatepeke-laugh-prog-intr,yab,3pro-pl-laugh-prog-intr,tëwïsantomo yaruwa-tëpëkë,,,,,
tajne-3-pl-ini-see-acnnmlz,yab,3-pl-see-acnnmlz,ta-jne ini-∅,,,,,
tajne-3-pl-ya-erg,yab,3-pl-erg,ta-jne ya,,,,,
tajne-3-pl-ijpe-put-pst,yab,3-pl-put-pst,ta-jne i-jpë,,,,,
tajne-3-pl-yekerema-boast-sexually-ipfv,yab,3-pl-boast-sexually-ipfv,ta-jne yekerema-∅,,,,,
tajne-3-pl-ta-say-ipfv,yab,3-pl-say-ipfv,ta-jne ta-∅,,,,,
wire-1pro-onono-another,yab,1pro-another,wïrë onono,,,,,
wire-1pro-inija-see-neg,yab,1pro-see-neg,wïrë ini-ja,,,,,
mokontomo-2pl-pro-wajyakiti-be-happy-ipfv,yab,2pl-pro-be-happy-ipfv,mokontomo wajyakïtï-∅,,,,,
wire-1pro-peremekiri-talk-ipfv,yab,1pro-talk-ipfv,wïrë përemekï-rï,,,,,
ejne-1-2pro-peremekiri-talk-ipfv,yab,1-2pro-talk-ipfv,ejnë përemekï-rï,,,,,
ejne-1-2pro-chiyakon-friend-pert,yab,1-2pro-friend-pert,ejnë chiyakon-∅,,,,,
ejne-1-2pro-chi-cop-acnnmlz,yab,1-2pro-cop-acnnmlz,ejnë chi-∅,,,,,
ejne-1-2pro-yawe-loc,yab,1-2pro-loc,ejnë yawë,,,,,
ejne-1-2pro-yarikari-laugh-ipfv,yab,1-2pro-laugh-ipfv,ejnë yarika-ri,,,,,
tewi-3pro-muku-child,yab,3pro-child,tëwï muku,,,,,
tewi-3pro-tajtoj-say-circ-nmlz,yab,3pro-say-circ-nmlz,tëwï taj-toj,,,,,
wire-1pro-tawaru-nyctidromus-albicollis-pert,yab,1pro-nyctidromus-albicollis-pert,wïrë tawa-ru,,,,,
wire-1pro-tetojpe-go-fut,yab,1pro-go-fut,wïrë të-tojpe,,,,,
wire-1pro-tatase-3p-say-pst,yab,1pro-3p-say-pst,wïrë ta-ta-se,,,,,
mere-2pro-wepiri-come-ipfv,yab,2pro-come-ipfv,mërë wepï-rï,,,,,
tewi-3pro-tawaru-nyctidromus-albicollis-pert,yab,3pro-nyctidromus-albicollis-pert,tëwï tawa-ru,,,,,
tewi-3pro-taro-say-ipfv,yab,3pro-say-ipfv,tëwï taro-∅,,,,,
tewi-3pro-tayenese-3p-eat-meat-pst,yab,3pro-3p-eat-meat-pst,tëwï ta-yënë-se,,,,,
tewi-3pro-anajmori-2-grandmother-pert,yab,3pro-2-grandmother-pert,tëwï a-najmo-ri,,,,,
tewi-3pro-yakarama-tell-ipfv,yab,3pro-tell-ipfv,tëwï yakarama-∅,,,,,
tewi-3pro-tajromini-bad-omen,yab,3pro-bad-omen,tëwï tajromini,,,,,
wire-1pro-itaja-hear-neg,yab,1pro-hear-neg,wïrë ita-ja,,,,,
ana-1-3pro-chi-cop-acnnmlz,yab,1-3pro-cop-acnnmlz,ana chi-∅,,,,,
ana-1-3pro-yawe-loc,yab,1-3pro-loc,ana yawë,,,,,
wire-1pro-ejte-house-npert,yab,1pro-house-npert,wïrë ëj-të,,,,,
tewi-3pro-tajromin-bad-omen,yab,3pro-bad-omen,tëwï tajromin,,,,,
ejne-1-2pro-yakerej-lk-relative-pert,yab,1-2pro-lk-relative-pert,ejnë y-akere-j,,,,,
wire-1pro-tayakaramari-3p-tell-ipfv,yab,1pro-3p-tell-ipfv,wïrë ta-yakarama-ri,,,,,
wire-1pro-wenkejpejse-forget-plur-pst,yab,1pro-forget-plur-pst,wïrë wënkej-pëj-se,,,,,
wire-1pro-anajmo-2-grandmother-pert,yab,1pro-2-grandmother-pert,wïrë a-najmo-∅,,,,,
wire-1pro-sepanke-get-married-imp,yab,1pro-get-married-imp,wïrë sepan-kë,,,,,
wire-1pro-waraijtokon-man,yab,1pro-man,wïrë waraijtokon,,,,,
wire-1pro-kintase-become-tired-pst,yab,1pro-become-tired-pst,wïrë kinta-se,,,,,
ejne-1-2pro-yakereti-lk-relative-pert,yab,1-2pro-lk-relative-pert,ejnë y-akere-ti,,,,,
wire-1pro-pojteja-want-neg,yab,1pro-want-neg,wïrë pojtë-ja,,,,,
wire-1pro-waraijtokomo-man,yab,1pro-man,wïrë waraijtokomo,,,,,
wire-1pro-waraijtori-husband-pert,yab,1pro-husband-pert,wïrë waraijto-ri,,,,,
wire-1pro-taja-say-neg,yab,1pro-say-neg,wïrë ta-ja,,,,,
wire-1pro-winikiri-sleep-ipfv,yab,1pro-sleep-ipfv,wïrë wïnïkï-rï,,,,,
wire-1pro-winikija-sleep-neg,yab,1pro-sleep-neg,wïrë wïnïkï-ja,,,,,
wire-1pro-sepamija-get-married-neg,yab,1pro-get-married-neg,wïrë sepamï-ja,,,,,
wire-1pro-waraijtokom-man,yab,1pro-man,wïrë waraijtokom,,,,,
ana-1-3pro-peke-about,yab,1-3pro-about,ana pëkë,,,,,
ana-1-3pro-wejsape-cop-pst,yab,1-3pro-cop-pst,ana wej-sapë,,,,,
wire-1pro-pachi-older-sister-of-woman,yab,1pro-older-sister-of-woman,wïrë pachi,,,,,
wire-1pro-tepeke-go-prog-tr,yab,1pro-go-prog-tr,wïrë të-pëkë,,,,,
wire-1pro-tapejsaj-say-plur-pfv,yab,1pro-say-plur-pfv,wïrë ta-pëj-saj,,,,,
wire-1pro-muku-child,yab,1pro-child,wïrë muku,,,,,
wire-1pro-pirikaja-endure-neg,yab,1pro-endure-neg,wïrë pïrïka-ja,,,,,
ana-1-3pro-tepeke-go-prog-tr,yab,1-3pro-go-prog-tr,ana të-pëkë,,,,,
tewi-3pro-apatakaja-come-out-neg,yab,3pro-come-out-neg,tëwï apataka-ja,,,,,
mokonton-2pl-pro-chiripo-cop-irr,yab,2pl-pro-cop-irr,mokonton chi-ripo,,,,,
mere-2pro-ya-erg,yab,2pro-erg,mërë ya,,,,,
ejne-1-2pro-nonori-earth-pert,yab,1-2pro-earth-pert,ejnë nono-ri,,,,,
ejne-1-2pro-tapeke-say-prog-tr,yab,1-2pro-say-prog-tr,ejnë ta-pëkë,,,,,
ejne-1-2pro-anajmo-2-grandmother-pert,yab,1-2pro-2-grandmother-pert,ejnë a-najmo-∅,,,,,
ejne-1-2pro-waraij-like,yab,1-2pro-like,ejnë waraij,,,,,
ejne-1-2pro-ya-ra-grandchild,yab,1-2pro-grandchild,ejnë ya'ra,,,,,
ejne-1-2pro-muku-child,yab,1-2pro-child,ejnë muku,,,,,
wire-1pro-yape-lk-arm-wing-pert,yab,1pro-lk-arm-wing-pert,wïrë y-apë-∅,,,,,
tewi-3pro-tejwej-3-hammock-pert,yab,3pro-3-hammock-pert,tëwï t-ejwe-j,,,,,
tewi-3pro-po-loc,yab,3pro-loc,tëwï po,,,,,
wire-1pro-yaperi-lk-arm-wing-pert,yab,1pro-lk-arm-wing-pert,wïrë y-apë-ri,,,,,
wire-1pro-moronta-hurt-ipfv,yab,1pro-hurt-ipfv,wïrë moronta-∅,,,,,
wire-1pro-chi-cop-ipfv,yab,1pro-cop-ipfv,wïrë chi-∅,,,,,
wire-1pro-wejsape-cop-pst,yab,1pro-cop-pst,wïrë wej-sapë,,,,,
wire-1pro-pipi-younger-brother-of-woman,yab,1pro-younger-brother-of-woman,wïrë pipi,,,,,
wire-1pro-senejkari-stay-ipfv-1,yab,1pro-stay-ipfv,wïrë senejka-ri,,,,,
wire-1pro-waijte-head,yab,1pro-head,wïrë waijtë,,,,,
wire-1pro-ita-hear-ipfv,yab,1pro-hear-ipfv,wïrë ita-∅,,,,,
wire-1pro-tejwej-3-hammock-pert,yab,1pro-3-hammock-pert,wïrë t-ejwe-j,,,,,
wire-1pro-pekepene-alone,yab,1pro-alone,wïrë pëkëpene,,,,,
tewi-3pro-julieta-j,yab,3pro-j,tëwï julieta,,,,,
tewi-3pro-imuku-3-child-pert,yab,3pro-3-child-pert,tëwï i-muku-∅,,,,,
tewi-3pro-enteno-here-loc-nmlz,yab,3pro-here-loc-nmlz,tëwï entë-no,,,,,
tewi-3pro-waraijtokomo-man,yab,3pro-man,tëwï waraijtokomo,,,,,
tewi-3pro-sepantepeke-get-married-prog-intr,yab,3pro-get-married-prog-intr,tëwï sepan-tëpëkë,,,,,
tewi-3pro-pokono-about-nmlz,yab,3pro-about-nmlz,tëwï poko-no,,,,,
tewi-3pro-chi-cop-ipfv,yab,3pro-cop-ipfv,tëwï chi-∅,,,,,
tewi-3pro-imukuru-3-child-pert,yab,3pro-3-child-pert,tëwï i-muku-ru,,,,,
tewi-3pro-tayarese-3p-bring-pst,yab,3pro-3p-bring-pst,tëwï ta-yarë-se,,,,,
tewi-3pro-mukuru-child-pert,yab,3pro-child-pert,tëwï muku-ru,,,,,
tewijpe-3pro-pst-imukurujpe-3-child-pert-pst,yab,3pro-pst-3-child-pert-pst,tëwï-jpë i-muku-ru-jpë,,,,,
tewi-3pro-papa-father,yab,3pro-father,tëwï papa,,,,,
tewi-3pro-kampra-big,yab,3pro-big,tëwï kampra,,,,,
tewi-3pro-onono-another,yab,3pro-another,tëwï onono,,,,,
ejne-1-2pro-chija-cop-neg,yab,1-2pro-cop-neg,ejnë chi-ja,,,,,
wire-1pro-chija-cop-neg,yab,1pro-cop-neg,wïrë chi-ja,,,,,
ana-1-3pro-keyetajpe-grow-pst,yab,1-3pro-grow-pst,ana këyeta-jpë,,,,,
ana-1-3pro-yimi-lk-father,yab,1-3pro-lk-father,ana y-ïmï,,,,,
ana-1-3pro-semajpe-die-pst-acnnmlz,yab,1-3pro-die-pst-acnnmlz,ana sëma-jpë,,,,,
ana-1-3pro-pe-ess,yab,1-3pro-ess,ana pe,,,,,
ana-1-3pro-keyetase-grow-pst,yab,1-3pro-grow-pst,ana këyeta-se,,,,,
ana-1-3pro-papa-father,yab,1-3pro-father,ana papa,,,,,
ana-1-3pro-kampra-big,yab,1-3pro-big,ana kampra,,,,,
ana-1-3pro-ya-erg,yab,1-3pro-erg,ana ya,,,,,
ana-1-3pro-yoti-lk-meat-pert,yab,1-3pro-lk-meat-pert,ana y-oti-∅,,,,,
ana-1-3pro-yojte-fish-with-hook-ipfv,yab,1-3pro-fish-with-hook-ipfv,ana yojtë-∅,,,,,
ana-1-3pro-aroma-limpet,yab,1-3pro-limpet,ana aroma,,,,,
ana-1-3pro-warai-like,yab,1-3pro-like,ana warai,,,,,
ana-1-3pro-yakuri-agouti,yab,1-3pro-agouti,ana yakuri,,,,,
ana-1-3pro-wejsaj-cop-pst,yab,1-3pro-cop-pst,ana wej-saj,,,,,
ana-1-3pro-patajpe-axe-pst,yab,1-3pro-axe-pst,ana pata-jpë,,,,,
ana-1-3pro-te-loc,yab,1-3pro-loc,ana të,,,,,
ana-1-3pro-pipi-younger-brother-of-woman,yab,1-3pro-younger-brother-of-woman,ana pipi,,,,,
ana-1-3pro-chawe-loc,yab,1-3pro-loc,ana chawë,,,,,
ana-1-3pro-makampra-aunt,yab,1-3pro-aunt,ana makampra,,,,,
ana-1-3pro-ya-obl,yab,1-3pro-obl,ana ya,,,,,
tewi-3pro-pana-dat,yab,3pro-dat,tëwï pana,,,,,
tewi-3pro-kaimotata-hunt-motimp,yab,3pro-hunt-motimp,tëwï kaimota-ta,,,,,
ana-1-3pro-make-mom,yab,1-3pro-mom,ana makë,,,,,
ana-1-3pro-keyatajpe-grow-pst,yab,1-3pro-grow-pst,ana këyata-jpë,,,,,
ana-1-3pro-onono-another,yab,1-3pro-another,ana onono,,,,,
tewi-3pro-kimii-chili,yab,3pro-chili,tëwï kïmïi,,,,,
tewi-3pro-yemetikene-eat-fruits-eggs-soup-post,yab,3pro-eat-fruits-eggs-soup-post,tëwï yeme-tïkene,,,,,
ana-1-3pro-yeni-drink-ipfv,yab,1-3pro-drink-ipfv,ana yeni-∅,,,,,
ana-1-3pro-sukutaka-yucuta,yab,1-3pro-yucuta,ana sukutaka,,,,,
ana-1-3pro-keyatase-grow-pst,yab,1-3pro-grow-pst,ana këyata-se,,,,,
ana-1-3pro-tese-go-pst,yab,1-3pro-go-pst,ana të-se,,,,,
ana-1-3pro-ijtese-3-go-pst,yab,1-3pro-3-go-pst,ana ij-të-se,,,,,
ana-1-3pro-padrastro-stepfather-pert,yab,1-3pro-stepfather-pert,ana padrastro-∅,,,,,
ana-1-3pro-keyamase-raise-pst,yab,1-3pro-raise-pst,ana këyama-se,,,,,
ana-1-3pro-tapaja-beat-neg,yab,1-3pro-beat-neg,ana tapa-ja,,,,,
tewi-3pro-waraijtokon-man,yab,3pro-man,tëwï waraijtokon,,,,,
wire-1pro-sepanse-get-married-pst,yab,1pro-get-married-pst,wïrë sepan-se,,,,,
ana-1-3pro-yiwiti-lk-house-pert,yab,1-3pro-lk-house-pert,ana y-ïwïtï-∅,,,,,
ana-1-3pro-yiwij-lk-house-pert,yab,1-3pro-lk-house-pert,ana y-ïwïj-∅,,,,,
ana-1-3pro-senejka-stay-ipfv,yab,1-3pro-stay-ipfv,ana senejka-∅,,,,,
wire-1pro-makeri-mom-pert,yab,1pro-mom-pert,wïrë makë-ri,,,,,
wire-1pro-make-mom,yab,1pro-mom,wïrë makë,,,,,
wire-1pro-yarese-bring-pst,yab,1pro-bring-pst,wïrë yarë-se,,,,,
wire-1pro-tiwij-3-house-pert,yab,1pro-3-house-pert,wïrë t-ïwïj-∅,,,,,
wire-1pro-imu-3-father,yab,1pro-3-father,wïrë i-mu,,,,,
tewi-3pro-yaye-loc,yab,3pro-loc,tëwï yaye,,,,,
ejne-1-2pro-make-mom,yab,1-2pro-mom,ejnë makë,,,,,
wire-1pro-tase-say-pst,yab,1pro-say-pst,wïrë ta-se,,,,,
ejne-1-2pro-mukuru-child-pert,yab,1-2pro-child-pert,ejnë muku-ru,,,,,
ejne-1-2pro-yansemi-pick-up-ptcp-nmlz,yab,1-2pro-pick-up-ptcp-nmlz,ejnë yan-se-mï,,,,,
wire-1pro-majawa-m,yab,1pro-m,wïrë majawa,,,,,
ana-1-3pro-chi-cop-ipfv,yab,1-3pro-cop-ipfv,ana chi-∅,,,,,
ana-1-3pro-wasai-attalea-maripa,yab,1-3pro-attalea-maripa,ana wasai,,,,,
ana-1-3pro-pekepene-alone,yab,1-3pro-alone,ana pëkëpene,,,,,
wire-1pro-yawakiri-grate-ipfv,yab,1pro-grate-ipfv,wïrë yawakï-rï,,,,,
wire-1pro-yumukunu-lk-hand-pert,yab,1pro-lk-hand-pert,wïrë y-umukunu-∅,,,,,
mere-2pro-yumukunu-lk-hand-pert,yab,2pro-lk-hand-pert,mërë y-umukunu-∅,,,,,
wire-1pro-tata-3p-say-ipfv,yab,1pro-3p-say-ipfv,wïrë ta-ta-∅,,,,,
ana-1-3pro-keyamajpe-raise-pst,yab,1-3pro-raise-pst,ana këyama-jpë,,,,,
ana-1-3pro-kuneri-cook-ipfv,yab,1-3pro-cook-ipfv,ana kunë-ri,,,,,
wire-1pro-te-go-acnnmlz,yab,1pro-go-acnnmlz,wïrë të-∅,,,,,
ejne-1-2pro-yaka-all,yab,1-2pro-all,ejnë yaka,,,,,
wire-1pro-seremaja-eat-neg,yab,1pro-eat-neg,wïrë serema-ja,,,,,
wire-1pro-pike-when,yab,1pro-when,wïrë pïkë,,,,,
wire-1pro-wejse-cop-pst,yab,1pro-cop-pst,wïrë wej-se,,,,,
wire-1pro-poseti-belly,yab,1pro-belly,wïrë poseti,,,,,
ana-1-3pro-majawa-m,yab,1-3pro-m,ana majawa,,,,,
ana-1-3pro-jwaka-ill-aq,yab,1-3pro-ill-aq,ana jwaka,,,,,
wire-1pro-weroro-dog,yab,1pro-dog,wïrë weroro,,,,,
ana-1-3pro-wejse-come-pst,yab,1-3pro-come-pst,ana wej-se,,,,,
wire-1pro-jtari-foot-pert,yab,1pro-foot-pert,wïrë jta-ri,,,,,
wire-1pro-moronkapike-make-suffer-prog-tr,yab,1pro-make-suffer-prog-tr,wïrë moronka-pïkë,,,,,
tewi-3pro-tatojpase-3p-hit-pst,yab,3pro-3p-hit-pst,tëwï ta-tojpa-se,,,,,
wire-1pro-yeye-tree,yab,1pro-tree,wïrë yëye,,,,,
wire-1pro-moronemi-hurting-nmlz,yab,1pro-hurting-nmlz,wïrë morone-mï,,,,,
tewi-3pro-ta-say-ipfv,yab,3pro-say-ipfv,tëwï ta-∅,,,,,
tewi-3pro-wurijyan-woman,yab,3pro-woman,tëwï wurijyan,,,,,
tewi-3pro-moyochi-spider-sp,yab,3pro-spider-sp,tëwï moyochi,,,,,
wire-1pro-yejweti-lk-hammock-pert,yab,1pro-lk-hammock-pert,wïrë y-ejwe-ti,,,,,
wire-1pro-yaketejrama-cut-proh,yab,1pro-cut-proh,wïrë yakëtë-jrama,,,,,
wire-1pro-yaketejpe-cut-pst,yab,1pro-cut-pst,wïrë yakëtë-jpë,,,,,
wire-1pro-taj-say-ipfv,yab,1pro-say-ipfv,wïrë taj-∅,,,,,
wire-1pro-yawaka-sow-ipfv,yab,1pro-sow-ipfv,wïrë yawaka-∅,,,,,
wire-1pro-kamprari-big-pert,yab,1pro-big-pert,wïrë kampra-ri,,,,,
tewi-3pro-enijpeteno-one-nmlz,yab,3pro-one-nmlz,tëwï enijpëtë-no,,,,,
tewi-3pro-sere-bitter-manioc,yab,3pro-bitter-manioc,tëwï sere,,,,,
mokontomo-2pl-pro-yemi-be-hungry-acnnmlz,yab,2pl-pro-be-hungry-acnnmlz,mokontomo yëmi-∅,,,,,
mokontomo-2pl-pro-pe-ess,yab,2pl-pro-ess,mokontomo pe,,,,,
wire-1pro-sere-bitter-manioc,yab,1pro-bitter-manioc,wïrë sere,,,,,
tewi-3pro-yane-mother,yab,3pro-mother,tëwï yanë,,,,,
ejne-1-2pro-yenipeke-drink-prog-tr-1,yab,1-2pro-drink-prog-tr,ejnë yënï-pëkë,,,,,
tewi-3pro-wasai-attalea-maripa,yab,3pro-attalea-maripa,tëwï wasai,,,,,
ejne-1-2pro-inija-see-neg,yab,1-2pro-see-neg,ejnë ini-ja,,,,,
wire-1pro-tajtoj-say-circ-nmlz,yab,1pro-say-circ-nmlz,wïrë taj-toj,,,,,
wire-1pro-ke-ins,yab,1pro-ins,wïrë ke,,,,,
wire-1pro-tojpajpe-hit-pst,yab,1pro-hit-pst,wïrë tojpa-jpë,,,,,
wire-1pro-semari-die-acnnmlz,yab,1pro-die-acnnmlz,wïrë sëma-ri,,,,,
wire-1pro-pe-ess,yab,1pro-ess,wïrë pe,,,,,
wire-1pro-tapeke-say-prog-tr,yab,1pro-say-prog-tr,wïrë ta-pëkë,,,,,
wire-1pro-semo-cry-acnnmlz,yab,1pro-cry-acnnmlz,wïrë sëmo-∅,,,,,
tajne-3-pl-yamiri-pick-up-ipfv,yab,3-pl-pick-up-ipfv,ta-jne yamï-rï,,,,,
tajne-3-pl-ejte-house-npert,yab,3-pl-house-npert,ta-jne ëj-të,,,,,
tajne-3-pl-ya-ra-grandchild,yab,3-pl-grandchild,ta-jne ya'ra,,,,,
tajne-3-pl-yiwiti-lk-house-pert,yab,3-pl-lk-house-pert,ta-jne y-ïwïtï-∅,,,,,
tewi-3pro-nwajtenepeke-dance-prog-intr,yab,3pro-dance-prog-intr,tëwï nwajtë-nëpëkë,,,,,
ejne-1-2pro-yape-lk-arm-wing-pert,yab,1-2pro-lk-arm-wing-pert,ejnë y-apë-∅,,,,,
wire-1pro-mujnajtejrama-bury-proh,yab,1pro-bury-proh,wïrë mujnajtë-jrama,,,,,
wire-1pro-yajno-brother-in-law-man,yab,1pro-brother-in-law-man,wïrë yajno,,,,,
wire-1pro-ike-put-imp,yab,1pro-put-imp,wïrë i-kë,,,,,
wire-1pro-tarojpe-say-pst-acnnmlz,yab,1pro-say-pst-acnnmlz,wïrë taro-jpë,,,,,
ana-1-3pro-mukutomo-child-pl,yab,1-3pro-child-pl,ana muku-tomo,,,,,
ana-1-3pro-yawarana-yawarana,yab,1-3pro-yawarana,ana yawarana,,,,,
ana-1-3pro-muku-child,yab,1-3pro-child,ana muku,,,,,
ana-1-3pro-ke-ins,yab,1-3pro-ins,ana ke,,,,,
tewi-3pro-ke-ins,yab,3pro-ins,tëwï ke,,,,,
wire-1pro-tepetiri-go-plur-ipfv,yab,1pro-go-plur-ipfv,wïrë tëpëti-ri,,,,,
wire-1pro-enijpeteno-one-nmlz,yab,1pro-one-nmlz,wïrë enijpëtë-no,,,,,
wire-1pro-wurijyamo-woman,yab,1pro-woman,wïrë wurijyamo,,,,,
ana-1-3pro-yawaranatomo-yawarana-pl,yab,1-3pro-yawarana-pl,ana yawarana-tomo,,,,,
wire-1pro-patakajpe-take-out-pst-acnnmlz,yab,1pro-take-out-pst-acnnmlz,wïrë pataka-jpë,,,,,
wire-1pro-papa-father,yab,1pro-father,wïrë papa,,,,,
wire-1pro-po-loc,yab,1pro-loc,wïrë po,,,,,
ejne-1-2pro-waimuja-speak-neg,yab,1-2pro-speak-neg,ejnë waimu-ja,,,,,
wire-1pro-wanene-aunt,yab,1pro-aunt,wïrë wanene,,,,,
wire-1pro-yasukari-lk-sugar-pert,yab,1pro-lk-sugar-pert,wïrë y-asuka-ri,,,,,
wire-1pro-wajto-fire,yab,1pro-fire,wïrë wajto,,,,,
wire-1pro-kune-cook-ipfv,yab,1pro-cook-ipfv,wïrë kunë-∅,,,,,
wire-1pro-kimii-chili,yab,1pro-chili,wïrë kïmïi,,,,,
wire-1pro-mukupijke-child-dim,yab,1pro-child-dim,wïrë muku-pïjkë,,,,,
wire-1pro-inke-see-imp,yab,1pro-see-imp,wïrë in-kë,,,,,
ejne-1-2pro-wenkepiri-forget-ipfv,yab,1-2pro-forget-ipfv,ejnë wënkepï-rï,,,,,
ejne-1-2pro-warotasemi-work-ptcp-nmlz,yab,1-2pro-work-ptcp-nmlz,ejnë warota-se-mï,,,,,
ana-1-3pro-poye-above,yab,1-3pro-above,ana poye,,,,,
mokontomo-2pl-pro-sawankuitojpano-die-fut-concl,yab,2pl-pro-die-fut-concl,mokontomo sawankui-tojpano,,,,,
mokontomo-2pl-pro-warota-work-acnnmlz,yab,2pl-pro-work-acnnmlz,mokontomo warota-∅,,,,,
mokontomo-2pl-pro-yawe-loc,yab,2pl-pro-loc,mokontomo yawë,,,,,
mokontomo-2pl-pro-sere-bitter-manioc,yab,2pl-pro-bitter-manioc,mokontomo sere,,,,,
mokontomo-2pl-pro-peke-about,yab,2pl-pro-about,mokontomo pëkë,,,,,
mokontomo-2pl-pro-yeretapi-lk-cultivated-plant-pert,yab,2pl-pro-lk-cultivated-plant-pert,mokontomo y-eretapi-∅,,,,,
mokontomo-2pl-pro-tarojpe-say-pst,yab,2pl-pro-say-pst,mokontomo taro-jpë,,,,,
wire-1pro-wepija-come-neg,yab,1pro-come-neg,wïrë wepï-ja,,,,,
wire-1pro-warotapeke-work-prog-tr,yab,1pro-work-prog-tr,wïrë warota-pëkë,,,,,
wire-1pro-wepiri-come-ipfv,yab,1pro-come-ipfv,wïrë wepï-rï,,,,,
wire-1pro-yamaneja-make-neg,yab,1pro-make-neg,wïrë yamanë-ja,,,,,
wire-1pro-naijtopo-do-circ-nmlz,yab,1pro-do-circ-nmlz,wïrë naij-topo,,,,,
ejne-1-2pro-yenipeke-drink-prog-tr,yab,1-2pro-drink-prog-tr,ejnë yeni-pëkë,,,,,
ejne-1-2pro-najmotom-grandmother-pl,yab,1-2pro-grandmother-pl,ejnë najmo-tom,,,,,
wire-1pro-sempinuku-close-eyes-acnnmlz,yab,1pro-close-eyes-acnnmlz,wïrë sëmpinuku-∅,,,,,
wire-1pro-yeni-drink-ipfv-1,yab,1pro-drink-ipfv,wïrë yëni-∅,,,,,
wire-1pro-terepunu-3-sick-pert,yab,1pro-3-sick-pert,wïrë t-erepunu-∅,,,,,
wire-1pro-semaja-die-neg,yab,1pro-die-neg,wïrë sëma-ja,,,,,
wire-1pro-ketaja-stink-neg,yab,1pro-stink-neg,wïrë këta-ja,,,,,
ejne-1-2pro-tajtojpano-say-fut-concl,yab,1-2pro-say-fut-concl,ejnë taj-tojpano,,,,,
ana-1-3pro-oki-chicha,yab,1-3pro-chicha,ana okï,,,,,
ana-1-3pro-ijmojkapeke-cook-prog-tr,yab,1-3pro-cook-prog-tr,ana ijmojka-pëkë,,,,,
wire-1pro-wera-like,yab,1pro-like,wïrë wëra,,,,,
tewi-3pro-nepiri-bring-ipfv,yab,3pro-bring-ipfv,tëwï nepï-rï,,,,,
tewi-3pro-tuni-give-agtnmlz,yab,3pro-give-agtnmlz,tëwï tu-ni,,,,,
tewi-3pro-merisiyo-m,yab,3pro-m,tëwï merisiyo,,,,,
tewi-3pro-inteke-see-pl-imp,yab,3pro-see-pl-imp,tëwï in-të-kë,,,,,
tewi-3pro-wejkapetiri-fall-plur-ipfv,yab,3pro-fall-plur-ipfv,tëwï wëjka-pëti-ri,,,,,
ana-1-3pro-ejwate-hammock-npert,yab,1-3pro-hammock-npert,ana ëjwa-të,,,,,
ana-1-3pro-po-loc,yab,1-3pro-loc,ana po,,,,,
ana-1-3pro-yapejpo-grab-des-ipfv,yab,1-3pro-grab-des-ipfv,ana yapëj-po-∅,,,,,
ana-1-3pro-nwapeke-glute-about,yab,1-3pro-glute-about,ana nwa-pëkë,,,,,
mokontomo-2pl-pro-wejkaja-fall-neg,yab,2pl-pro-fall-neg,mokontomo wëjka-ja,,,,,
montomo-2pl-pro-ya-erg,yab,2pl-pro-erg,montomo ya,,,,,
montomo-2pl-pro-margarita-m,yab,2pl-pro-m,montomo margarita,,,,,
tewi-3pro-antonio-a,yab,3pro-a,tëwï antonio,,,,,
tewi-3pro-yawankajpe-kill-pst,yab,3pro-kill-pst,tëwï yawanka-jpë,,,,,
tewi-3pro-tapejmajpe-3p-bewitch-pst,yab,3pro-3p-bewitch-pst,tëwï ta-pejma-jpë,,,,,
wire-1pro-najmo-grandmother,yab,1pro-grandmother,wïrë najmo,,,,,
wire-1pro-taijpe-3p-put-pst,yab,1pro-3p-put-pst,wïrë ta-i-jpë,,,,,
tewi-3pro-isere-3-bitter-manioc-pert,yab,3pro-3-bitter-manioc-pert,tëwï i-sere-∅,,,,,
montomo-2pl-pro-yapejpo-grab-des-ipfv,yab,2pl-pro-grab-des-ipfv,montomo yapëj-po-∅,,,,,
montomo-2pl-pro-wejsaj-cop-pst,yab,2pl-pro-cop-pst,montomo wej-saj,,,,,
tewi-3pro-peke-about,yab,3pro-about,tëwï pëkë,,,,,
tewijpe-3pro-pst-tayarese-3p-bring-pst,yab,3pro-pst-3p-bring-pst,tëwï-jpë ta-yarë-se,,,,,
tewijpe-3pro-pst-wejsape-cop-pst,yab,3pro-pst-cop-pst,tëwï-jpë wej-sapë,,,,,
tewijpe-3pro-pst-yakucho-p-a,yab,3pro-pst-p-a,tëwï-jpë yakucho,,,,,
tewi-3pro-warotasemi-work-ptcp-nmlz,yab,3pro-work-ptcp-nmlz,tëwï warota-se-mï,,,,,
tewi-3pro-nepi-bring-ipfv,yab,3pro-bring-ipfv,tëwï nepï-∅,,,,,
tewi-3pro-wejsaj-cop-pst,yab,3pro-cop-pst,tëwï wej-saj,,,,,
tewi-3pro-yapijtomo-old,yab,3pro-old,tëwï yapijtomo,,,,,
tewijpe-3pro-pst-apuni-soap,yab,3pro-pst-soap,tëwï-jpë apuni,,,,,
tewijpe-3pro-pst-yamane-make-ipfv,yab,3pro-pst-make-ipfv,tëwï-jpë yamanë-∅,,,,,
ana-1-3pro-teja-go-neg,yab,1-3pro-go-neg,ana të-ja,,,,,
ejne-1-2pro-winiki-sleep-acnnmlz,yab,1-2pro-sleep-acnnmlz,ejnë wïnïkï-∅,,,,,
ejne-1-2pro-pe-ess,yab,1-2pro-ess,ejnë pe,,,,,
ejne-1-2pro-sejpetiri-dream-ipfv,yab,1-2pro-dream-ipfv,ejnë sejpëti-ri,,,,,
wire-1pro-sejpejse-dream-pst,yab,1pro-dream-pst,wïrë sejpëj-se,,,,,
ana-1-3pro-waimu-language-pert,yab,1-3pro-language-pert,ana waimu-∅,,,,,
wire-1pro-yojse-eat-starch-pst,yab,1pro-eat-starch-pst,wïrë yoj-se,,,,,
wire-1pro-wajyama-kiss-ipfv,yab,1pro-kiss-ipfv,wïrë wajyama-∅,,,,,
ejne-1-2pro-sejpeti-dream-acnnmlz,yab,1-2pro-dream-acnnmlz,ejnë sejpëti-∅,,,,,
ejne-1-2pro-yakaramari-tell-ipfv,yab,1-2pro-tell-ipfv,ejnë yakarama-ri,,,,,
ejne-1-2pro-winikiri-sleep-ipfv,yab,1-2pro-sleep-ipfv,ejnë wïnïkï-rï,,,,,
ana-1-3pro-waimuru-speak-ipfv,yab,1-3pro-speak-ipfv,ana waimu-ru,,,,,
ejne-1-2pro-tuna-water,yab,1-2pro-water,ejnë tuna,,,,,
ejne-1-2pro-yakiri-lk-worm-pert,yab,1-2pro-lk-worm-pert,ejnë y-akï-rï,,,,,
ejne-1-2pro-yapichijpe-grab-pst,yab,1-2pro-grab-pst,ejnë yapïchi-jpë,,,,,
ejne-1-2pro-tejpe-go-pst,yab,1-2pro-go-pst,ejnë të-jpë,,,,,
ejne-1-2pro-sejpetijpe-dream-pst,yab,1-2pro-dream-pst,ejnë sejpëti-jpë,,,,,
ejne-1-2pro-te-go-acnnmlz,yab,1-2pro-go-acnnmlz,ejnë të-∅,,,,,
ejne-1-2pro-yare-lk-leaf-pert,yab,1-2pro-lk-leaf-pert,ejnë y-are-∅,,,,,
ejne-1-2pro-yakete-cut-ipfv,yab,1-2pro-cut-ipfv,ejnë yakëtë-∅,,,,,
ejne-1-2pro-moroni-pain,yab,1-2pro-pain,ejnë moroni,,,,,
ejne-1-2pro-ye-tooth-pert,yab,1-2pro-tooth-pert,ejnë yë-∅,,,,,
ejne-1-2pro-wejkari-fall-ipfv,yab,1-2pro-fall-ipfv,ejnë wëjka-ri,,,,,
ejne-1-2pro-wejka-fall-ipfv,yab,1-2pro-fall-ipfv,ejnë wëjka-∅,,,,,
ejne-1-2pro-esematojpano-die-fut-concl,yab,1-2pro-die-fut-concl,ejnë ësëma-tojpano,,,,,
ejne-1-2pro-yane-mother,yab,1-2pro-mother,ejnë yanë,,,,,
ejne-1-2pro-chiri-cop-ipfv,yab,1-2pro-cop-ipfv,ejnë chi-ri,,,,,
ejne-1-2pro-yakereti-lk-relative-pert-1,yab,1-2pro-lk-relative-pert,ejnë y-akërë-ti,,,,,
ejne-1-2pro-chiyakono-friend-pert,yab,1-2pro-friend-pert,ejnë chiyakono-∅,,,,,
ejne-1-2pro-semari-die-ipfv,yab,1-2pro-die-ipfv,ejnë sëma-ri,,,,,
wire-1pro-yare-lk-leaf-pert,yab,1pro-lk-leaf-pert,wïrë y-are-∅,,,,,
wire-1pro-yaketese-cut-pst,yab,1pro-cut-pst,wïrë yakëtë-se,,,,,
mere-2pro-ta-say-acnnmlz,yab,2pro-say-acnnmlz,mërë ta-∅,,,,,
wire-1pro-ta-say-acnnmlz,yab,1pro-say-acnnmlz,wïrë ta-∅,,,,,
ejne-1-2pro-sematojpano-die-fut-concl,yab,1-2pro-die-fut-concl,ejnë sëma-tojpano,,,,,
mere-2pro-chiri-cop-ipfv,yab,2pro-cop-ipfv,mërë chi-ri,,,,,
mere-2pro-ya-obl,yab,2pro-obl,mërë ya,,,,,
ejne-1-2pro-sematopo-die-circ-nmlz,yab,1-2pro-die-circ-nmlz,ejnë sëma-topo,,,,,
wire-1pro-wejtojpe-cop-fut,yab,1pro-cop-fut,wïrë wej-tojpe,,,,,
ejne-1-2pro-yakerej-lk-relative-pert-1,yab,1-2pro-lk-relative-pert,ejnë y-akërë-j,,,,,
tewi-3pro-ijpu-summit,yab,3pro-summit,tëwï ijpu,,,,,
tewi-3pro-wejtojpe-cop-fut,yab,3pro-cop-fut,tëwï wej-tojpe,,,,,
wire-1pro-sejpeti-dream-ipfv,yab,1pro-dream-ipfv,wïrë sejpëti-∅,,,,,
wire-1pro-nono-earth,yab,1pro-earth,wïrë nono,,,,,
wire-1pro-sejpetiri-dream-ipfv,yab,1pro-dream-ipfv,wïrë sejpëti-ri,,,,,
wire-1pro-ya-obl,yab,1pro-obl,wïrë ya,,,,,
ejne-1-2pro-taitaja-3p-hear-neg,yab,1-2pro-3p-hear-neg,ejnë ta-ita-ja,,,,,
mere-2pro-ta-say-ipfv,yab,2pro-say-ipfv,mërë ta-∅,,,,,
wire-1pro-pana-dat,yab,1pro-dat,wïrë pana,,,,,
wire-1pro-empampori-learn-des-ipfv,yab,1pro-learn-des-ipfv,wïrë ëmpam-po-ri,,,,,
mere-2pro-yatun-day,yab,2pro-day,mërë yatun,,,,,
mere-2pro-peke-about,yab,2pro-about,mërë pëkë,,,,,
mere-2pro-pe-ess,yab,2pro-ess,mërë pe,,,,,
mere-2pro-wejtojpe-cop-fut,yab,2pro-cop-fut,mërë wej-tojpe,,,,,
wire-1pro-iche-put-pst,yab,1pro-put-pst,wïrë i-che,,,,,
wire-1pro-pojtepori-want-des-ipfv,yab,1pro-want-des-ipfv,wïrë pojtë-po-ri,,,,,
mokontomo-2pl-pro-neme-leave-ipfv,yab,2pl-pro-leave-ipfv,mokontomo nëmë-∅,,,,,
mokontomo-2pl-pro-nemeri-leave-ipfv,yab,2pl-pro-leave-ipfv,mokontomo nëmë-ri,,,,,
wire-1pro-imukuru-3-child-pert,yab,1pro-3-child-pert,wïrë i-muku-ru,,,,,
ejne-1-2pro-tejta-hollow,yab,1-2pro-hollow,ejnë tëjta,,,,,
ejne-1-2pro-tajtopo-say-circ-nmlz,yab,1-2pro-say-circ-nmlz,ejnë taj-topo,,,,,
ejne-1-2pro-onono-another,yab,1-2pro-another,ejnë onono,,,,,
ana-1-3pro-yotijpe-lk-meat-pert-pst,yab,1-3pro-lk-meat-pert-pst,ana y-oti-∅-jpë,,,,,
tewi-3pro-yenepeke-eat-meat-prog-tr,yab,3pro-eat-meat-prog-tr,tëwï yënë-pëkë,,,,,
ana-1-3pro-teri-go-ipfv,yab,1-3pro-go-ipfv,ana të-ri,,,,,
ana-1-3pro-nopano-good-nmlz,yab,1-3pro-good-nmlz,ana nop-ano,,,,,
mokontomo-2pl-pro-wepi-come-acnnmlz,yab,2pl-pro-come-acnnmlz,mokontomo wepï-∅,,,,,
mokontomo-2pl-pro-toto-non-indian,yab,2pl-pro-non-indian,mokontomo toto,,,,,
wire-1pro-waimuru-speak-ipfv,yab,1pro-speak-ipfv,wïrë waimu-ru,,,,,
wire-1pro-iyajteke-care-for-imp,yab,1pro-care-for-imp,wïrë iyajtë-kë,,,,,
ejne-1-2pro-taja-say-neg,yab,1-2pro-say-neg,ejnë ta-ja,,,,,
tewi-3pro-yaka-all,yab,3pro-all,tëwï yaka,,,,,
mere-2pro-itari-hear-ipfv,yab,2pro-hear-ipfv,mërë ita-ri,,,,,
mokontomo-2pl-pro-ekejna-where-nmlz,yab,2pl-pro-where-nmlz,mokontomo ëkëj-na,,,,,
mokontomo-2pl-pro-ijteri-3-go-ipfv,yab,2pl-pro-3-go-ipfv,mokontomo ij-të-ri,,,,,
mokontomo-2pl-pro-te-go-acnnmlz,yab,2pl-pro-go-acnnmlz,mokontomo të-∅,,,,,
ejne-1-2pro-poye-above,yab,1-2pro-above,ejnë poye,,,,,
mere-2pro-nono-earth-pert,yab,2pro-earth-pert,mërë nono-∅,,,,,
mokontomo-2pl-pro-asane-2-mother-pert,yab,2pl-pro-2-mother-pert,mokontomo a-sanë-∅,,,,,
ejne-1-2pro-ya-ratom-grandchild-pl,yab,1-2pro-grandchild-pl,ejnë ya'ra-tom,,,,,
wire-1pro-nepi-bring-ipfv,yab,1pro-bring-ipfv,wïrë nepï-∅,,,,,
tewi-3pro-tapojtejpe-3p-want-pst,yab,3pro-3p-want-pst,tëwï ta-pojtë-jpë,,,,,
wire-1pro-yareja-bring-neg,yab,1pro-bring-neg,wïrë yarë-ja,,,,,
tewi-3pro-mujnajtejpe-bury-pst,yab,3pro-bury-pst,tëwï mujnajtë-jpë,,,,,
mokontomo-2pl-pro-chiri-cop-ipfv,yab,2pl-pro-cop-ipfv,mokontomo chi-ri,,,,,
ejne-1-2pro-tata-3p-say-ipfv,yab,1-2pro-3p-say-ipfv,ejnë ta-ta-∅,,,,,
ejne-1-2pro-tototomo-non-indian-pl,yab,1-2pro-non-indian-pl,ejnë toto-tomo,,,,,
ejne-1-2pro-ta-say-ipfv,yab,1-2pro-say-ipfv,ejnë ta-∅,,,,,
ejne-1-2pro-wejsaj-cop-pst,yab,1-2pro-cop-pst,ejnë wej-saj,,,,,
ejne-1-2pro-semekiri-defend-ipfv,yab,1-2pro-defend-ipfv,ejnë semekï-rï,,,,,
ejne-1-2pro-waimu-language-pert,yab,1-2pro-language-pert,ejnë waimu-∅,,,,,
ejne-1-2pro-yaye-loc,yab,1-2pro-loc,ejnë yaye,,,,,
wire-1pro-pojteke-want-imp,yab,1pro-want-imp,wïrë pojtë-kë,,,,,
wire-1pro-ya-ratomo-grandchild-pl,yab,1pro-grandchild-pl,wïrë ya'ra-tomo,,,,,
wire-1pro-imuku-3-child-pert,yab,1pro-3-child-pert,wïrë i-muku-∅,,,,,
wire-1pro-sema-die-acnnmlz,yab,1pro-die-acnnmlz,wïrë sëma-∅,,,,,
wire-1pro-ijtese-3-go-pst,yab,1pro-3-go-pst,wïrë ij-të-se,,,,,
ana-1-3pro-sukasemi-all-nmlz,yab,1-3pro-all-nmlz,ana sukase-mï,,,,,
ana-1-3pro-nankaja-find-neg,yab,1-3pro-find-neg,ana nanka-ja,,,,,
ana-1-3pro-nankajpe-find-pst,yab,1-3pro-find-pst,ana nanka-jpë,,,,,
tajne-3-pl-warai-like,yab,3-pl-like,ta-jne warai,,,,,
tajne-3-pl-taro-say-ipfv,yab,3-pl-say-ipfv,ta-jne taro-∅,,,,,
tewi-3pro-tiwij-3-house-pert,yab,3pro-3-house-pert,tëwï t-ïwïj-∅,,,,,
tewi-3pro-nankaja-find-neg,yab,3pro-find-neg,tëwï nanka-ja,,,,,
wire-1pro-tayamanijpe-3p-make-pst,yab,1pro-3p-make-pst,wïrë ta-yamani-jpë,,,,,
wire-1pro-nankaja-find-neg,yab,1pro-find-neg,wïrë nanka-ja,,,,,
wire-1pro-yolanda-y,yab,1pro-y,wïrë yolanda,,,,,
ejne-1-2pro-po-loc,yab,1-2pro-loc,ejnë po,,,,,
mokontomo-2pl-pro-chijpe-cop-pst-acnnmlz,yab,2pl-pro-cop-pst-acnnmlz,mokontomo chi-jpë,,,,,
wire-1pro-yakaramajpe-tell-pst,yab,1pro-tell-pst,wïrë yakarama-jpë,,,,,
tewi-3pro-chijpe-cop-pst-acnnmlz,yab,3pro-cop-pst-acnnmlz,tëwï chi-jpë,,,,,
tewi-3pro-senkatoj-finish-circ-nmlz,yab,3pro-finish-circ-nmlz,tëwï sënka-toj,,,,,
tajne-3-pl-pana-dat,yab,3-pl-dat,ta-jne pana,,,,,
ana-1-3pro-wepiri-come-ipfv,yab,1-3pro-come-ipfv,ana wepï-rï,,,,,
ana-1-3pro-chijpe-cop-pst-acnnmlz,yab,1-3pro-cop-pst-acnnmlz,ana chi-jpë,,,,,
ana-1-3pro-wanene-aunt,yab,1-3pro-aunt,ana wanene,,,,,
ana-1-3pro-ejte-house-npert,yab,1-3pro-house-npert,ana ëj-të,,,,,
ana-1-3pro-yaka-all,yab,1-3pro-all,ana yaka,,,,,
ana-1-3pro-kukurito-k,yab,1-3pro-k,ana kukurito,,,,,
mokontomo-2pl-pro-ijtese-3-go-pst,yab,2pl-pro-3-go-pst,mokontomo ij-të-se,,,,,
mokontomo-2pl-pro-majawa-m,yab,2pl-pro-m,mokontomo majawa,,,,,
wire-1pro-minteno-there-loc-nmlz,yab,1pro-there-loc-nmlz,wïrë mïntë-no,,,,,
ana-1-3pro-najpi-grandfather,yab,1-3pro-grandfather,ana najpï,,,,,
tewisantomo-3pro-pl-papa-father,yab,3pro-pl-father,tëwïsantomo papa,,,,,
tewisantomo-3pro-pl-tayakarama-3p-tell-ipfv,yab,3pro-pl-3p-tell-ipfv,tëwïsantomo ta-yakarama-∅,,,,,
tewisantomo-3pro-pl-wejsape-cop-pst,yab,3pro-pl-cop-pst,tëwïsantomo wej-sapë,,,,,
wire-1pro-nemepeti-leave-plur-ipfv,yab,1pro-leave-plur-ipfv,wïrë nëmë-pëti-∅,,,,,
tewi-3pro-yamanepike-make-prog-tr,yab,3pro-make-prog-tr,tëwï yamanë-pïkë,,,,,
tewi-3pro-minteno-there-loc-nmlz,yab,3pro-there-loc-nmlz,tëwï mïntë-no,,,,,
tewi-3pro-oki-chicha,yab,3pro-chicha,tëwï okï,,,,,
ana-1-3pro-kuyari-tree-sp-pert,yab,1-3pro-tree-sp-pert,ana kuya-ri,,,,,
tewi-3pro-yemepike-eat-fruits-eggs-soup-prog-tr,yab,3pro-eat-fruits-eggs-soup-prog-tr,tëwï yeme-pïkë,,,,,
tewi-3pro-tuna-water,yab,3pro-water,tëwï tuna,,,,,
tewi-3pro-jwaka-ill-aq,yab,3pro-ill-aq,tëwï jwaka,,,,,
wire-1pro-teseti-3-name-pert,yab,1pro-3-name-pert,wïrë t-ese-ti,,,,,
tewi-3pro-tesekemi-prop-name-prop-nmlz,yab,3pro-prop-name-prop-nmlz,tëwï t-ese-ke-mï,,,,,
tewi-3pro-najpi-grandfather,yab,3pro-grandfather,tëwï najpï,,,,,
tewisantomo-3pro-pl-imukuru-3-child-pert,yab,3pro-pl-3-child-pert,tëwïsantomo i-muku-ru,,,,,
tewisantomo-3pro-pl-tanejse-3p-bring-pst,yab,3pro-pl-3p-bring-pst,tëwïsantomo ta-nej-se,,,,,
tewisantomo-3pro-pl-tanemese-3p-leave-pst,yab,3pro-pl-3p-leave-pst,tëwïsantomo ta-nëmë-se,,,,,
ana-1-3pro-yu-lk-starchy-food-pert,yab,1-3pro-lk-starchy-food-pert,ana y-u-∅,,,,,
ana-1-3pro-yamanepeke-make-prog-tr,yab,1-3pro-make-prog-tr,ana yamanë-pëkë,,,,,
ana-1-3pro-chijpe-cop-pst,yab,1-3pro-cop-pst,ana chi-jpë,,,,,
ana-1-3pro-taro-say-ipfv,yab,1-3pro-say-ipfv,ana taro-∅,,,,,
tewi-3pro-weretaja-arrive-neg,yab,3pro-arrive-neg,tëwï wereta-ja,,,,,
ana-1-3pro-taitapeke-3p-hear-prog-tr,yab,1-3pro-3p-hear-prog-tr,ana ta-ita-pëkë,,,,,
ana-1-3pro-rui-older-brother,yab,1-3pro-older-brother,ana rui,,,,,
ejne-1-2pro-yawo-loc,yab,1-2pro-loc,ejnë yawo,,,,,
tewisantomo-3pro-pl-tonko-play-ipfv,yab,3pro-pl-play-ipfv,tëwïsantomo tonko-∅,,,,,
wire-1pro-wenkepija-forget-neg,yab,1pro-forget-neg,wïrë wënkepï-ja,,,,,
ana-1-3pro-yawo-loc,yab,1-3pro-loc,ana yawo,,,,,
ejne-1-2pro-sema-die-ipfv,yab,1-2pro-die-ipfv,ejnë sëma-∅,,,,,
tajne-3-pl-yawankatoj-kill-circ-nmlz,yab,3-pl-kill-circ-nmlz,ta-jne yawanka-toj,,,,,
tajne-3-pl-yawe-loc,yab,3-pl-loc,ta-jne yawë,,,,,
tajne-3-pl-oki-chicha,yab,3-pl-chicha,ta-jne okï,,,,,
tajne-3-pl-yamanpejteke-make-plur-pl-imp,yab,3-pl-make-plur-pl-imp,ta-jne yaman-pëj-të-kë,,,,,
tajne-3-pl-tase-say-pst,yab,3-pl-say-pst,ta-jne ta-se,,,,,
tajne-3-pl-wejsaj-cop-pst,yab,3-pl-cop-pst,ta-jne wej-saj,,,,,
ana-1-3pro-wejtojpano-come-fut-concl,yab,1-3pro-come-fut-concl,ana wej-tojpano,,,,,
ana-1-3pro-yamanpejteke-make-plur-pl-imp,yab,1-3pro-make-plur-pl-imp,ana yaman-pëj-të-kë,,,,,
ana-1-3pro-tajpe-say-pst,yab,1-3pro-say-pst,ana ta-jpë,,,,,
ana-1-3pro-yamantojpe-make-fut,yab,1-3pro-make-fut,ana yaman-tojpe,,,,,
ejne-1-2pro-wesare-kill-imn,yab,1-2pro-kill-imn,ejnë wë-sarë,,,,,
ana-1-3pro-wesare-kill-imn,yab,1-3pro-kill-imn,ana wë-sarë,,,,,
ana-1-3pro-waraijto-husband,yab,1-3pro-husband,ana waraijto,,,,,
ejne-1-2pro-tuke-give-imp,yab,1-2pro-give-imp,ejnë tu-kë,,,,,
ana-1-3pro-ta-say-ipfv,yab,1-3pro-say-ipfv,ana ta-∅,,,,,
ejne-1-2pro-turu-give-ipfv,yab,1-2pro-give-ipfv,ejnë tu-ru,,,,,
ejne-1-2pro-yawankasare-kill-imn,yab,1-2pro-kill-imn,ejnë yawanka-sarë,,,,,
tewi-3pro-wanene-aunt,yab,3pro-aunt,tëwï wanene,,,,,
ana-1-3pro-yawankase-kill-pst,yab,1-3pro-kill-pst,ana yawanka-se,,,,,
tewi-3pro-wurijyamo-woman,yab,3pro-woman,tëwï wurijyamo,,,,,
wire-1pro-yemepori-eat-fruits-eggs-soup-des-ipfv,yab,1pro-eat-fruits-eggs-soup-des-ipfv,wïrë yeme-po-ri,,,,,
wire-1pro-yemepo-eat-fruits-eggs-soup-des-ipfv,yab,1pro-eat-fruits-eggs-soup-des-ipfv,wïrë yeme-po-∅,,,,,
wire-1pro-kajke-say-imp,yab,1pro-say-imp,wïrë kaj-kë,,,,,
tewi-3pro-nopano-good-nmlz,yab,3pro-good-nmlz,tëwï nop-ano,,,,,
tewi-3pro-teseti-3-name-pert,yab,3pro-3-name-pert,tëwï t-ese-ti,,,,,
tewi-3pro-inwa-3-glute-pert,yab,3pro-3-glute-pert,tëwï i-nwa-∅,,,,,
tewi-3pro-tapiremi-red-nmlz,yab,3pro-red-nmlz,tëwï tapire-mï,,,,,
ejne-1-2pro-patakapeti-take-out-plur-ipfv,yab,1-2pro-take-out-plur-ipfv,ejnë pataka-pëti-∅,,,,,
ejne-1-2pro-tase-say-pst,yab,1-2pro-say-pst,ejnë ta-se,,,,,
wire-1pro-mukuton-child-pl,yab,1pro-child-pl,wïrë muku-ton,,,,,
wire-1pro-ye-tooth,yab,1pro-tooth,wïrë ye,,,,,
wire-1pro-tayamijpe-3p-pick-up-pst,yab,1pro-3p-pick-up-pst,wïrë ta-yamï-jpë,,,,,
tewijpe-3pro-pst-ta-say-ipfv,yab,3pro-pst-say-ipfv,tëwï-jpë ta-∅,,,,,
tajne-3-pl-naijpetiri-do-plur-ipfv,yab,3-pl-do-plur-ipfv,ta-jne naij-pëti-ri,,,,,
tewi-3pro-waijtatomo-mouse-pl,yab,3pro-mouse-pl,tëwï waijta-tomo,,,,,
tewi-3pro-nwajteri-dance-ipfv,yab,3pro-dance-ipfv,tëwï nwajtë-ri,,,,,
tewi-3pro-ajpachi-undergrowth,yab,3pro-undergrowth,tëwï ajpachi,,,,,
tewi-3pro-wonse-enter-pst,yab,3pro-enter-pst,tëwï won-se,,,,,
tewi-3pro-make-mom,yab,3pro-mom,tëwï makë,,,,,
wire-1pro-yamiri-pick-up-ipfv,yab,1pro-pick-up-ipfv,wïrë yamï-rï,,,,,
tewisantomo-3pro-pl-tapeke-say-prog-tr,yab,3pro-pl-say-prog-tr,tëwïsantomo ta-pëkë,,,,,
ejne-1-2pro-ijtari-3-foot-pert,yab,1-2pro-3-foot-pert,ejnë i-jta-ri,,,,,
ana-1-3pro-yatunu-day,yab,1-3pro-day,ana yatunu,,,,,
tewi-3pro-tayojtese-3p-fish-with-hook-pst,yab,3pro-3p-fish-with-hook-pst,tëwï ta-yojtë-se,,,,,
tewi-3pro-kamprari-big-pert,yab,3pro-big-pert,tëwï kampra-ri,,,,,
wire-1pro-tujpe-give-pst,yab,1pro-give-pst,wïrë tu-jpë,,,,,
wire-1pro-tayenepo-3p-eat-meat-des-ipfv,yab,1pro-3p-eat-meat-des-ipfv,wïrë ta-yënë-po-∅,,,,,
ejne-1-2pro-yenari-lk-nose-pert,yab,1-2pro-lk-nose-pert,ejnë y-ëna-ri,,,,,
wire-1pro-yoti-lk-meat-pert,yab,1pro-lk-meat-pert,wïrë y-oti-∅,,,,,
wire-1pro-tuna-water,yab,1pro-water,wïrë tuna,,,,,
wire-1pro-jwaka-ill-aq,yab,1pro-ill-aq,wïrë jwaka,,,,,
wire-1pro-roka-wash-acnnmlz,yab,1pro-wash-acnnmlz,wïrë roka-∅,,,,,
wire-1pro-poye-above,yab,1pro-above,wïrë poye,,,,,
ana-1-3pro-winikiri-sleep-ipfv,yab,1-3pro-sleep-ipfv,ana wïnïkï-rï,,,,,
tewi-3pro-yantoj-pick-up-circ-nmlz,yab,3pro-pick-up-circ-nmlz,tëwï yan-toj,,,,,
mokontomo-2pl-pro-ijtari-3-foot-pert,yab,2pl-pro-3-foot-pert,mokontomo i-jta-ri,,,,,
mokontomo-2pl-pro-yamane-make-ipfv,yab,2pl-pro-make-ipfv,mokontomo yamanë-∅,,,,,
mokontomo-2pl-pro-putuja-feel-neg,yab,2pl-pro-feel-neg,mokontomo putu-ja,,,,,
wire-1pro-tuke-give-imp,yab,1pro-give-imp,wïrë tu-kë,,,,,
wire-1pro-tutojpano-give-fut-concl,yab,1pro-give-fut-concl,wïrë tu-tojpano,,,,,
wire-1pro-inta-see-motimp,yab,1pro-see-motimp,wïrë in-ta,,,,,
ejne-1-2pro-waimu-speak-ipfv,yab,1-2pro-speak-ipfv,ejnë waimu-∅,,,,,
wire-1pro-yepematopo-pay-circ-nmlz,yab,1pro-pay-circ-nmlz,wïrë yepema-topo,,,,,
ana-1-3pro-ijtari-3-foot-pert,yab,1-3pro-3-foot-pert,ana i-jta-ri,,,,,
tewi-3pro-inawe-have,yab,3pro-have,tëwï inawë,,,,,
tewi-3pro-entono-from-here,yab,3pro-from-here,tëwï entono,,,,,
wire-1pro-mayawaka-m,yab,1pro-m,wïrë mayawaka,,,,,
tewijpe-3pro-pst-ijtese-3-go-pst,yab,3pro-pst-3-go-pst,tëwï-jpë ij-të-se,,,,,
tewi-3pro-inwari-3-glute-pert,yab,3pro-3-glute-pert,tëwï i-nwa-ri,,,,,
tewi-3pro-chiri-cop-ipfv,yab,3pro-cop-ipfv,tëwï chi-ri,,,,,
wire-1pro-pirikari-endure-ipfv,yab,1pro-endure-ipfv,wïrë pïrïka-ri,,,,,
tewi-3pro-tanejse-3p-bring-pst,yab,3pro-3p-bring-pst,tëwï ta-nej-se,,,,,
wire-1pro-keyaja-think-neg,yab,1pro-think-neg,wïrë këya-ja,,,,,
ejne-1-2pro-yapichija-grab-neg,yab,1-2pro-grab-neg,ejnë yapïchi-ja,,,,,
wire-1pro-ante-fish-hook,yab,1pro-fish-hook,wïrë antë,,,,,
tewi-3pro-turu-3-starchy-food-pert,yab,3pro-3-starchy-food-pert,tëwï t-u-ru,,,,,
tewi-3pro-poye-above,yab,3pro-above,tëwï poye,,,,,
tewijpe-3pro-pst-ya-erg,yab,3pro-pst-erg,tëwï-jpë ya,,,,,
ejne-1-2pro-weri-kill-ipfv,yab,1-2pro-kill-ipfv,ejnë wë-ri,,,,,
wire-1pro-we-kill-acnnmlz,yab,1pro-kill-acnnmlz,wïrë wë-∅,,,,,
wire-1pro-takinori-3-younger-brother-pert,yab,1pro-3-younger-brother-pert,wïrë t-akino-ri,,,,,
wire-1pro-yakino-lk-younger-brother-pert,yab,1pro-lk-younger-brother-pert,wïrë y-akino-∅,,,,,
ejne-1-2pro-yakino-lk-younger-brother-pert,yab,1-2pro-lk-younger-brother-pert,ejnë y-akino-∅,,,,,
ejne-1-2pro-yakono-lk-younger-sister-of-woman-pert,yab,1-2pro-lk-younger-sister-of-woman-pert,ejnë y-akono-∅,,,,,
tewi-3pro-yawo-loc,yab,3pro-loc,tëwï yawo,,,,,
tewi-3pro-ipachi-3-older-sister-of-woman-pert,yab,3pro-3-older-sister-of-woman-pert,tëwï i-pachi-∅,,,,,
wire-1pro-tatemekiri-3p-defend-ipfv,yab,1pro-3p-defend-ipfv,wïrë ta-temekï-rï,,,,,
ejne-1-2pro-tamu-3-ripeness-pert,yab,1-2pro-3-ripeness-pert,ejnë t-amu-∅,,,,,
ejne-1-2pro-eme-2-father,yab,1-2pro-2-father,ejnë ë-më,,,,,
ejne-1-2pro-teijpono-far-nmlz-1,yab,1-2pro-far-nmlz,ejnë tëijpo-no,,,,,
ejne-1-2pro-yorojyamo-lk-evil-being-pert,yab,1-2pro-lk-evil-being-pert,ejnë y-orojyamo-∅,,,,,
ejne-1-2pro-yenu-lk-eye-pert,yab,1-2pro-lk-eye-pert,ejnë y-ënu-∅,,,,,
tewi-3pro-yakaramari-tell-ipfv,yab,3pro-tell-ipfv,tëwï yakarama-ri,,,,,
tewi-3pro-chijpe-cop-pst,yab,3pro-cop-pst,tëwï chi-jpë,,,,,
ejne-1-2pro-mukupijke-child-dim,yab,1-2pro-child-dim,ejnë muku-pïjkë,,,,,
ejne-1-2pro-yeneni-eat-meat-agtnmlz,yab,1-2pro-eat-meat-agtnmlz,ejnë yënë-ni,,,,,
tewi-3pro-inajpiri-3-grandfather-pert,yab,3pro-3-grandfather-pert,tëwï i-najpï-rï,,,,,
tewi-3pro-ijtese-3-go-pst,yab,3pro-3-go-pst,tëwï ij-të-se,,,,,
wire-1pro-waraijtorijpe-husband-pert-pst,yab,1pro-husband-pert-pst,wïrë waraijto-ri-jpë,,,,,
wire-1pro-yenepo-eat-meat-des-ipfv,yab,1pro-eat-meat-des-ipfv,wïrë yënë-po-∅,,,,,
wire-1pro-inawe-have,yab,1pro-have,wïrë inawë,,,,,
wire-1pro-ami-unidentified-plant,yab,1pro-unidentified-plant,wïrë amï,,,,,
tewi-3pro-tanaise-3p-do-pst,yab,3pro-3p-do-pst,tëwï ta-nai-se,,,,,
tewi-3pro-tanaijpetiri-3p-do-plur-ipfv,yab,3pro-3p-do-plur-ipfv,tëwï ta-naij-pëti-ri,,,,,
tewi-3pro-moronori-poison-pert,yab,3pro-poison-pert,tëwï morono-ri,,,,,
wire-1pro-yakaramasaj-tell-abs-nmlz,yab,1pro-tell-abs-nmlz,wïrë yakarama-saj,,,,,
wire-1pro-waijterijpe-head-pert-pst,yab,1pro-head-pert-pst,wïrë waijtë-ri-jpë,,,,,
wire-1pro-pojteni-want-agtnmlz,yab,1pro-want-agtnmlz,wïrë pojtë-ni,,,,,
wire-1pro-yatiri-lk-plot-of-cultivated-land-pert,yab,1pro-lk-plot-of-cultivated-land-pert,wïrë y-atï-rï,,,,,
wire-1pro-yaketeke-cut-imp,yab,1pro-cut-imp,wïrë yakëtë-kë,,,,,
tewi-3pro-yatiri-lk-plot-of-cultivated-land-pert,yab,3pro-lk-plot-of-cultivated-land-pert,tëwï y-atï-rï,,,,,
wire-1pro-winikijnari-sleep-ipfv-neg,yab,1pro-sleep-ipfv-neg,wïrë wïnïkï-∅-jnari,,,,,
wirejpe-1pro-pst-waraijtori-husband-pert,yab,1pro-pst-husband-pert,wïrë-jpë waraijto-ri,,,,,
tewijpe-3pro-pst-wejse-cop-pst,yab,3pro-pst-cop-pst,tëwï-jpë wej-se,,,,,
tewijpe-3pro-pst-taiche-3p-put-pst,yab,3pro-pst-3p-put-pst,tëwï-jpë ta-i-che,,,,,
tewi-3pro-wanita-j,yab,3pro-j,tëwï wanita,,,,,
tewijpe-3pro-pst-chijpe-cop-pst-acnnmlz,yab,3pro-pst-cop-pst-acnnmlz,tëwï-jpë chi-jpë,,,,,
tewijpe-3pro-pst-warai-like,yab,3pro-pst-like,tëwï-jpë warai,,,,,
tewi-3pro-yapichija-grab-neg,yab,3pro-grab-neg,tëwï yapïchi-ja,,,,,
wire-1pro-yepemaja-pay-neg,yab,1pro-pay-neg,wïrë yepema-ja,,,,,
tajne-3-pl-nankase-find-pst,yab,3-pl-find-pst,ta-jne nanka-se,,,,,
tajne-3-pl-takerejtomo-3-relative-pert-pl,yab,3-pl-3-relative-pert-pl,ta-jne t-akere-j-tomo,,,,,
tewi-3pro-yakucho-p-a,yab,3pro-p-a,tëwï yakucho,,,,,
wire-1pro-yerepunu-lk-sick-pert,yab,1pro-lk-sick-pert,wïrë y-erepunu-∅,,,,,
wire-1pro-yakucho-p-a,yab,1pro-p-a,wïrë yakucho,,,,,
wire-1pro-nune-moon,yab,1pro-moon,wïrë nunë,,,,,
wire-1pro-pachiri-older-sister-of-woman-pert,yab,1pro-older-sister-of-woman-pert,wïrë pachi-ri,,,,,
wire-1pro-tesaj-go-abs-nmlz,yab,1pro-go-abs-nmlz,wïrë të-saj,,,,,
ana-1-3pro-tesaj-go-abs-nmlz,yab,1-3pro-go-abs-nmlz,ana të-saj,,,,,
tewi-3pro-yeye-tree,yab,3pro-tree,tëwï yëye,,,,,
tewi-3pro-mukurujpe-child-pert-pst,yab,3pro-child-pert-pst,tëwï muku-ru-jpë,,,,,
tewi-3pro-yeseti-lk-name-pert,yab,3pro-lk-name-pert,tëwï y-ese-ti,,,,,
wire-1pro-yakerej-lk-relative-pert,yab,1pro-lk-relative-pert,wïrë y-akere-j,,,,,
mokontomo-2pl-pro-yaye-loc,yab,2pl-pro-loc,mokontomo yaye,,,,,
wire-1pro-waimupeke-speak-prog-tr,yab,1pro-speak-prog-tr,wïrë waimu-pëkë,,,,,
ejne-1-2pro-tapojte-3p-want-ipfv,yab,1-2pro-3p-want-ipfv,ejnë ta-pojtë-∅,,,,,
ana-1-3pro-semasaj-die-abs-nmlz,yab,1-3pro-die-abs-nmlz,ana sëma-saj,,,,,
ana-1-3pro-chiripo-cop-irr,yab,1-3pro-cop-irr,ana chi-ripo,,,,,
ana-1-3pro-chiwapure-c,yab,1-3pro-c,ana chiwapure,,,,,
tewi-3pro-iyipi-3-mountain-pert,yab,3pro-3-mountain-pert,tëwï i-yïpï-∅,,,,,
wire-1pro-yakereti-lk-relative-pert,yab,1pro-lk-relative-pert,wïrë y-akere-ti,,,,,
wire-1pro-tajnon-piaroa,yab,1pro-piaroa,wïrë tajnon,,,,,
wire-1pro-yaye-loc,yab,1pro-loc,wïrë yaye,,,,,
ana-1-3pro-wurijyamo-woman,yab,1-3pro-woman,ana wurijyamo,,,,,
ejne-1-2pro-tamutom-3-ripeness-pert-pl,yab,1-2pro-3-ripeness-pert-pl,ejnë t-amu-∅-tom,,,,,
mokonton-2pl-pro-wejse-cop-pst,yab,2pl-pro-cop-pst,mokonton wej-se,,,,,
tewisantomo-3pro-pl-warota-work-acnnmlz,yab,3pro-pl-work-acnnmlz,tëwïsantomo warota-∅,,,,,
tewisantomo-3pro-pl-yawe-loc,yab,3pro-pl-loc,tëwïsantomo yawë,,,,,
tewisantomo-3pro-pl-pijiguao-bactris-gasipaes,yab,3pro-pl-bactris-gasipaes,tëwïsantomo pijiguao,,,,,
tewisantomo-3pro-pl-tajtopo-say-circ-nmlz,yab,3pro-pl-say-circ-nmlz,tëwïsantomo taj-topo,,,,,
wire-1pro-yane-mother,yab,1pro-mother,wïrë yanë,,,,,
tewi-3pro-wine-from,yab,3pro-from,tëwï winë,,,,,
tewi-3pro-saku-sweet-potato,yab,3pro-sweet-potato,tëwï saku,,,,,
ejne-1-2pro-yipiri-mountain-pert-1,yab,1-2pro-mountain-pert,ejnë yïpï-ri,,,,,
mokonton-2pl-pro-te-go-acnnmlz,yab,2pl-pro-go-acnnmlz,mokonton të-∅,,,,,
mokonton-2pl-pro-yawe-loc,yab,2pl-pro-loc,mokonton yawë,,,,,
mokonton-2pl-pro-wejsape-cop-pst,yab,2pl-pro-cop-pst,mokonton wej-sapë,,,,,
mokonton-2pl-pro-yaye-loc,yab,2pl-pro-loc,mokonton yaye,,,,,
mokonton-2pl-pro-chimari-path-pert,yab,2pl-pro-path-pert,mokonton chima-ri,,,,,
wire-1pro-yipi-mountain,yab,1pro-mountain,wïrë yïpï,,,,,
wire-1pro-yeseti-lk-name-pert,yab,1pro-lk-name-pert,wïrë y-ese-ti,,,,,
ejne-1-2pro-yipiri-mountain-pert,yab,1-2pro-mountain-pert,ejnë yïpï-rï,,,,,
ejne-1-2pro-tajtopojpe-say-circ-nmlz-pst,yab,1-2pro-say-circ-nmlz-pst,ejnë taj-topo-jpë,,,,,
mokontomo-2pl-pro-yenu-lk-eye-pert,yab,2pl-pro-lk-eye-pert,mokontomo y-ënu-∅,,,,,
ana-1-3pro-tenu-3-eye-pert,yab,1-3pro-3-eye-pert,ana t-ënu-∅,,,,,
ana-1-3pro-tapa-beat-acnnmlz,yab,1-3pro-beat-acnnmlz,ana tapa-∅,,,,,
ejne-1-2pro-weseyu-be-angry-acnnmlz,yab,1-2pro-be-angry-acnnmlz,ejnë weseyu-∅,,,,,
ejne-1-2pro-wera-like,yab,1-2pro-like,ejnë wëra,,,,,
ejne-1-2pro-yu-lk-starchy-food-pert,yab,1-2pro-lk-starchy-food-pert,ejnë y-u-∅,,,,,
ejne-1-2pro-pokono-about-nmlz,yab,1-2pro-about-nmlz,ejnë poko-no,,,,,
wire-1pro-itapejteke-hear-plur-pl-imp,yab,1pro-hear-plur-pl-imp,wïrë ita-pëj-të-kë,,,,,
mokontom-2pl-pro-peke-about,yab,2pl-pro-about,mokontom pëkë,,,,,
wire-1pro-chijpe-cop-pst-acnnmlz,yab,1pro-cop-pst-acnnmlz,wïrë chi-jpë,,,,,
wire-1pro-takonojpe-other-pst,yab,1pro-other-pst,wïrë takono-jpë,,,,,
tewijpe-3pro-pst-chi-cop-acnnmlz,yab,3pro-pst-cop-acnnmlz,tëwï-jpë chi-∅,,,,,
tewijpe-3pro-pst-yawe-loc,yab,3pro-pst-loc,tëwï-jpë yawë,,,,,
tewijpe-3pro-pst-ke-ins,yab,3pro-pst-ins,tëwï-jpë ke,,,,,
wire-1pro-yenu-lk-eye-pert,yab,1pro-lk-eye-pert,wïrë y-ënu-∅,,,,,
wire-1pro-yopojpe-find-pst,yab,1pro-find-pst,wïrë yopo-jpë,,,,,
ana-1-3pro-chija-cop-neg,yab,1-3pro-cop-neg,ana chi-ja,,,,,
ejne-1-2pro-yewukuja-answer-neg,yab,1-2pro-answer-neg,ejnë yëwuku-ja,,,,,
ejne-1-2pro-yiwij-lk-house-pert,yab,1-2pro-lk-house-pert,ejnë y-ïwïj-∅,,,,,
ejne-1-2pro-ichemi-put-ptcp-nmlz,yab,1-2pro-put-ptcp-nmlz,ejnë i-che-mï,,,,,
ejne-1-2pro-yatun-day,yab,1-2pro-day,ejnë yatun,,,,,
tewi-3pro-inija-see-neg,yab,3pro-see-neg,tëwï ini-ja,,,,,
ejne-1-2pro-kune-cook-ipfv,yab,1-2pro-cook-ipfv,ejnë kunë-∅,,,,,
ejne-1-2pro-1-ya-erg,yab,1-2pro-erg,ejne ya,,,,,
wire-1pro-itajpe-hear-pst-acnnmlz,yab,1pro-hear-pst-acnnmlz,wïrë ita-jpë,,,,,
wire-1pro-pokono-about-nmlz,yab,1pro-about-nmlz,wïrë poko-no,,,,,
ejne-1-2pro-keyamajpe-raise-pst,yab,1-2pro-raise-pst,ejnë këyama-jpë,,,,,
ejne-1-2pro-yeniri-drink-ipfv,yab,1-2pro-drink-ipfv,ejnë yëni-ri,,,,,
ejne-1-2pro-oki-chicha,yab,1-2pro-chicha,ejnë okï,,,,,
ejne-1-2pro-wepiri-come-ipfv,yab,1-2pro-come-ipfv,ejnë wepï-rï,,,,,
tewi-3pro-yawarana-yawarana,yab,3pro-yawarana,tëwï yawarana,,,,,
wire-1pro-yakonojpe-lk-younger-sister-of-woman-pert-pst,yab,1pro-lk-younger-sister-of-woman-pert-pst,wïrë y-akono-∅-jpë,,,,,
wire-1pro-yenke-drink-imp,yab,1pro-drink-imp,wïrë yën-kë,,,,,
wire-1pro-sempinukuja-close-eyes-neg,yab,1pro-close-eyes-neg,wïrë sëmpinuku-ja,,,,,
tewi-3pro-yewukuja-answer-neg,yab,3pro-answer-neg,tëwï yëwuku-ja,,,,,
ejne-1-2pro-wenkejne-forget-inf,yab,1-2pro-forget-inf,ejnë wënkej-në,,,,,
wire-1pro-ejwate-hammock-npert,yab,1pro-hammock-npert,wïrë ëjwa-të,,,,,
wire-1pro-peremekiri-speak-ipfv,yab,1pro-speak-ipfv,wïrë peremekï-rï,,,,,
wire-1pro-epepeke-escape-prog-tr,yab,1pro-escape-prog-tr,wïrë epe-pëkë,,,,,
wire-1pro-yapejpetiri-grab-plur-ipfv,yab,1pro-grab-plur-ipfv,wïrë yapëj-pëti-ri,,,,,
ejne-1-2pro-wenkepija-forget-neg-1,yab,1-2pro-forget-neg,ejnë wenkepï-ja,,,,,
ejne-1-2pro-wenkepija-forget-neg,yab,1-2pro-forget-neg,ejnë wënkepï-ja,,,,,
wire-1pro-yawo-loc,yab,1pro-loc,wïrë yawo,,,,,
wire-1pro-itateke-hear-pl-imp,yab,1pro-hear-pl-imp,wïrë ita-të-kë,,,,,
mokontom-2pl-pro-keya-think-acnnmlz,yab,2pl-pro-think-acnnmlz,mokontom këya-∅,,,,,
mokontom-2pl-pro-pe-ess,yab,2pl-pro-ess,mokontom pe,,,,,
wire-1pro-waijteri-head-pert,yab,1pro-head-pert,wïrë waijtë-ri,,,,,
ejne-1-2pro-waimute-speak-inf,yab,1-2pro-speak-inf,ejnë waimu-të,,,,,
tewi-3pro-itapeke-hear-prog-tr,yab,3pro-hear-prog-tr,tëwï ita-pëkë,,,,,
wire-1pro-yeni-drink-acnnmlz,yab,1pro-drink-acnnmlz,wïrë yëni-∅,,,,,
mokontom-2pl-pro-peremekija-speak-neg,yab,2pl-pro-speak-neg,mokontom peremekï-ja,,,,,
ejne-1-2pro-toto-non-indian,yab,1-2pro-non-indian,ejnë toto,,,,,
ejne-1-2pro-nonorijpe-earth-pert-pst,yab,1-2pro-earth-pert-pst,ejnë nono-ri-jpë,,,,,
wire-1pro-yami-pick-up-ipfv,yab,1pro-pick-up-ipfv,wïrë yamï-∅,,,,,
wire-1pro-nono-earth-pert,yab,1pro-earth-pert,wïrë nono-∅,,,,,
wire-1pro-nonori-earth-pert,yab,1pro-earth-pert,wïrë nono-ri,,,,,
wire-1pro-peremekija-speak-neg,yab,1pro-speak-neg,wïrë peremekï-ja,,,,,
mokontomo-2pl-pro-chimarijpe-path-pert-pst,yab,2pl-pro-path-pert-pst,mokontomo chima-ri-jpë,,,,,
mokontomo-2pl-pro-make-mom,yab,2pl-pro-mom,mokontomo makë,,,,,
ejne-1-2pro-enirono-now-nmlz,yab,1-2pro-now-nmlz,ejnë eniro-no,,,,,
ejne-1-2pro-keyamaja-raise-neg,yab,1-2pro-raise-neg,ejnë këyama-ja,,,,,
ana-1-3pro-tesej-3-name-pert,yab,1-3pro-3-name-pert,ana t-ese-j,,,,,
ana-1-3pro-teseti-3-name-pert,yab,1-3pro-3-name-pert,ana t-ese-ti,,,,,
wire-1pro-tuja-give-neg,yab,1pro-give-neg,wïrë tu-ja,,,,,
ejne-1-2pro-imuku-3-child-pert,yab,1-2pro-3-child-pert,ejnë i-muku-∅,,,,,
tajne-3-pl-wepejse-kill-plur-pst,yab,3-pl-kill-plur-pst,ta-jne wë-pëj-se,,,,,
ejne-1-2pro-wepejsaj-kill-plur-pfv,yab,1-2pro-kill-plur-pfv,ejnë wë-pëj-saj,,,,,
wire-1pro-ekejna-where-nmlz,yab,1pro-where-nmlz,wïrë ëkëj-na,,,,,
tewi-3pro-ijtejpe-3-go-pst,yab,3pro-3-go-pst,tëwï ij-të-jpë,,,,,
tewisantomo-3pro-pl-tajtoj-say-circ-nmlz,yab,3pro-pl-say-circ-nmlz,tëwïsantomo taj-toj,,,,,
tewisantomo-3pro-pl-yawaranatom-yawarana-pl,yab,3pro-pl-yawarana-pl,tëwïsantomo yawarana-tom,,,,,
tewisantomo-3pro-pl-chijpe-cop-pst-acnnmlz,yab,3pro-pl-cop-pst-acnnmlz,tëwïsantomo chi-jpë,,,,,
tewisantomo-3pro-pl-ta-say-ipfv,yab,3pro-pl-say-ipfv,tëwïsantomo ta-∅,,,,,
mokontomo-2pl-pro-ejte-house-npert,yab,2pl-pro-house-npert,mokontomo ëj-të,,,,,
mokontomo-2pl-pro-wera-like,yab,2pl-pro-like,mokontomo wëra,,,,,
tewi-3pro-i-put-ipfv,yab,3pro-put-ipfv,tëwï i-∅,,,,,
tewi-3pro-tajtopo-say-circ-nmlz,yab,3pro-say-circ-nmlz,tëwï taj-topo,,,,,
ana-1-3pro-tepetijpe-go-plur-pst,yab,1-3pro-go-plur-pst,ana tëpëti-jpë,,,,,
wire-1pro-tepeti-go-plur-ipfv,yab,1pro-go-plur-ipfv,wïrë tëpëti-∅,,,,,
wire-1pro-emo-2-father,yab,1pro-2-father,wïrë ë-mo,,,,,
tewi-3pro-ejte-house-npert,yab,3pro-house-npert,tëwï ëj-të,,,,,
wire-1pro-pota-mouth,yab,1pro-mouth,wïrë pota,,,,,
ana-1-3pro-ayakono-2-younger-sister-of-woman-pert,yab,1-3pro-2-younger-sister-of-woman-pert,ana ay-akono-∅,,,,,
ejne-1-2pro-yawaranatom-yawarana-pl,yab,1-2pro-yawarana-pl,ejnë yawarana-tom,,,,,
ejne-1-2pro-ini-see-ipfv,yab,1-2pro-see-ipfv,ejnë ini-∅,,,,,
wire-1pro-najmotom-grandmother-pl,yab,1pro-grandmother-pl,wïrë najmo-tom,,,,,
wire-1pro-chimarijpe-path-pert-pst,yab,1pro-path-pert-pst,wïrë chima-ri-jpë,,,,,
wire-1pro-semekiri-defend-ipfv,yab,1pro-defend-ipfv,wïrë semekï-rï,,,,,
tewi-3pro-nonorijpe-earth-pert-pst,yab,3pro-earth-pert-pst,tëwï nono-ri-jpë,,,,,
wire-1pro-tetojpano-go-fut-concl,yab,1pro-go-fut-concl,wïrë të-tojpano,,,,,
wire-1pro-sempinujsaj-close-eyes-abs-nmlz,yab,1pro-close-eyes-abs-nmlz,wïrë sëmpinuj-saj,,,,,
wire-1pro-yenepetojpano-send-away-fut-concl,yab,1pro-send-away-fut-concl,wïrë yenepe-tojpano,,,,,
ejne-1-2pro-chimarijpe-path-pert-pst,yab,1-2pro-path-pert-pst,ejnë chima-ri-jpë,,,,,
ejne-1-2pro-wanenetom-aunt-pl,yab,1-2pro-aunt-pl,ejnë wanene-tom,,,,,
ejne-1-2pro-najpitomo-grandfather-pl,yab,1-2pro-grandfather-pl,ejnë najpï-tomo,,,,,
tewi-3pro-chimarijpe-path-pert-pst,yab,3pro-path-pert-pst,tëwï chima-ri-jpë,,,,,
tewi-3pro-yipi-mountain,yab,3pro-mountain,tëwï yïpï,,,,,
wire-1pro-weretasare-arrive-imn,yab,1pro-arrive-imn,wïrë wereta-sarë,,,,,
wire-1pro-sempinujsare-close-eyes-imn,yab,1pro-close-eyes-imn,wïrë sëmpinuj-sarë,,,,,
wire-1pro-yipirijpe-mountain-pert-pst,yab,1pro-mountain-pert-pst,wïrë yïpï-rï-jpë,,,,,
wire-1pro-sempinujtopo-close-eyes-circ-nmlz,yab,1pro-close-eyes-circ-nmlz,wïrë sëmpinuj-topo,,,,,
wire-1pro-senkasare-finish-imn,yab,1pro-finish-imn,wïrë sënka-sarë,,,,,
tewi-3pro-tajnontomo-piaroa-pl,yab,3pro-piaroa-pl,tëwï tajnon-tomo,,,,,
tewi-3pro-pojtepori-want-des-ipfv,yab,3pro-want-des-ipfv,tëwï pojtë-po-ri,,,,,
wire-1pro-wintika-disappear-acnnmlz,yab,1pro-disappear-acnnmlz,wïrë wintika-∅,,,,,
ejne-1-2pro-najmotomo-grandmother-pl,yab,1-2pro-grandmother-pl,ejnë najmo-tomo,,,,,
ejne-1-2pro-yamaneri-make-acnnmlz,yab,1-2pro-make-acnnmlz,ejnë yamanë-ri,,,,,
ejne-1-2pro-parangana-pot,yab,1-2pro-pot,ejnë parangana,,,,,
ana-1-3pro-ta-say-acnnmlz,yab,1-3pro-say-acnnmlz,ana ta-∅,,,,,
tewi-3pro-inijpe-see-pst,yab,3pro-see-pst,tëwï ini-jpë,,,,,
tewi-3pro-chiripo-cop-irr,yab,3pro-cop-irr,tëwï chi-ripo,,,,,
ejne-1-2pro-wepi-come-acnnmlz,yab,1-2pro-come-acnnmlz,ejnë wepï-∅,,,,,
tewi-3pro-nono-earth,yab,3pro-earth,tëwï nono,,,,,
tewi-3pro-yantopo-pick-up-circ-nmlz,yab,3pro-pick-up-circ-nmlz,tëwï yan-topo,,,,,
tewi-3pro-yojmatopo-mix-circ-nmlz,yab,3pro-mix-circ-nmlz,tëwï yojma-topo,,,,,
tewi-3pro-tanai-3p-do-ipfv,yab,3pro-3p-do-ipfv,tëwï ta-nai-∅,,,,,
wire-1pro-ini-see-acnnmlz,yab,1pro-see-acnnmlz,wïrë ini-∅,,,,,
ejne-1-2pro-yemetopo-eat-fruits-eggs-soup-circ-nmlz,yab,1-2pro-eat-fruits-eggs-soup-circ-nmlz,ejnë yeme-topo,,,,,
wire-1pro-wejkari-fall-acnnmlz,yab,1pro-fall-acnnmlz,wïrë wëjka-ri,,,,,
tewi-3pro-enirono-now-nmlz,yab,3pro-now-nmlz,tëwï eniro-no,,,,,
tewi-3pro-tari-say-acnnmlz,yab,3pro-say-acnnmlz,tëwï ta-ri,,,,,
tewi-3pro-yamanijpe-make-pst,yab,3pro-make-pst,tëwï yamani-jpë,,,,,
wire-1pro-asamo-cry-acnnmlz,yab,1pro-cry-acnnmlz,wïrë asamo-∅,,,,,
wire-1pro-teri-go-ipfv,yab,1pro-go-ipfv,wïrë të-ri,,,,,
wire-1pro-yempekapori-offend-des-ipfv,yab,1pro-offend-des-ipfv,wïrë yëmpëka-po-ri,,,,,
wire-1pro-tototomo-non-indian-pl,yab,1pro-non-indian-pl,wïrë toto-tomo,,,,,
wire-1pro-waimurujpe-language-pert-pst,yab,1pro-language-pert-pst,wïrë waimu-ru-jpë,,,,,
wire-1pro-itake-hear-imp,yab,1pro-hear-imp,wïrë ita-kë,,,,,
tewisanton-3pro-pl-empamija-learn-neg,yab,3pro-pl-learn-neg,tëwïsanton ëmpamï-ja,,,,,
mokontomo-2pl-pro-waimuja-speak-neg,yab,2pl-pro-speak-neg,mokontomo waimu-ja,,,,,
ejne-1-2pro-chiripo-cop-irr,yab,1-2pro-cop-irr,ejnë chi-ripo,,,,,
wire-1pro-waimuja-speak-neg,yab,1pro-speak-neg,wïrë waimu-ja,,,,,
ejne-1-2pro-yawarana-yawarana,yab,1-2pro-yawarana,ejnë yawarana,,,,,
ejne-1-2pro-nopano-good-nmlz,yab,1-2pro-good-nmlz,ejnë nop-ano,,,,,
ejne-1-2pro-wintikatojpano-disappear-fut-concl,yab,1-2pro-disappear-fut-concl,ejnë wintika-tojpano,,,,,
ejne-1-2pro-wintikasare-disappear-imn,yab,1-2pro-disappear-imn,ejnë wintika-sarë,,,,,
wire-1pro-warai-like,yab,1pro-like,wïrë warai,,,,,
wire-1pro-wintikasare-disappear-imn,yab,1pro-disappear-imn,wïrë wintika-sarë,,,,,
wire-1pro-senka-finish-acnnmlz,yab,1pro-finish-acnnmlz,wïrë sënka-∅,,,,,
ejne-1-2pro-waimurunpejteke-speak-plur-pl-imp,yab,1-2pro-speak-plur-pl-imp,ejnë waimurun-pëj-të-kë,,,,,
wire-1pro-wurijyan-woman,yab,1pro-woman,wïrë wurijyan,,,,,
wire-1pro-waimujrama-speak-proh,yab,1pro-speak-proh,wïrë waimu-jrama,,,,,
wire-1pro-empampo-learn-des-ipfv,yab,1pro-learn-des-ipfv,wïrë ëmpam-po-∅,,,,,
tewi-3pro-empampo-learn-des-ipfv,yab,3pro-learn-des-ipfv,tëwï ëmpam-po-∅,,,,,
wire-1pro-wejka-fall-acnnmlz,yab,1pro-fall-acnnmlz,wïrë wëjka-∅,,,,,
ejne-1-2pro-waimupori-speak-des-ipfv,yab,1-2pro-speak-des-ipfv,ejnë waimu-po-ri,,,,,
ejne-1-2pro-waimuru-speak-ipfv,yab,1-2pro-speak-ipfv,ejnë waimu-ru,,,,,
tewisantomo-3pro-pl-wejsaj-cop-pst,yab,3pro-pl-cop-pst,tëwïsantomo wej-saj,,,,,
ejne-1-2pro-wejkaja-fall-neg,yab,1-2pro-fall-neg,ejnë wëjka-ja,,,,,
ejne-1-2pro-iwaijte-3-head-pert,yab,1-2pro-3-head-pert,ejnë i-waijtë-∅,,,,,
ejne-1-2pro-wenkepijrama-forget-proh,yab,1-2pro-forget-proh,ejnë wënkepï-jrama,,,,,
wire-1pro-tai-say-hort,yab,1pro-say-hort,wïrë ta-i,,,,,
wire-1pro-keya-think-acnnmlz,yab,1pro-think-acnnmlz,wïrë këya-∅,,,,,
wire-1pro-teja-go-neg,yab,1pro-go-neg,wïrë të-ja,,,,,
wire-1pro-mukujpe-child-pst,yab,1pro-child-pst,wïrë muku-jpë,,,,,
ana-1-3pro-yopoja-find-neg,yab,1-3pro-find-neg,ana yopo-ja,,,,,
ana-1-3pro-yopose-find-pst,yab,1-3pro-find-pst,ana yopo-se,,,,,
mokontomo-2pl-pro-sojpa-take-out-ipfv,yab,2pl-pro-take-out-ipfv,mokontomo sojpa-∅,,,,,
mokontomo-2pl-pro-wejsape-cop-pst,yab,2pl-pro-cop-pst,mokontomo wej-sapë,,,,,
ana-1-3pro-enrike-e,yab,1-3pro-e,ana enrike,,,,,
tewi-3pro-potari-mouth-pert,yab,3pro-mouth-pert,tëwï pota-ri,,,,,
ana-1-3pro-ijtejpe-3-go-pst,yab,1-3pro-3-go-pst,ana ij-të-jpë,,,,,
ana-1-3pro-tuna-water,yab,1-3pro-water,ana tuna,,,,,
ejne-1-2pro-chi-cop-ipfv,yab,1-2pro-cop-ipfv,ejnë chi-∅,,,,,
mokontomo-2pl-pro-yare-bring-acnnmlz,yab,2pl-pro-bring-acnnmlz,mokontomo yarë-∅,,,,,
mokontomo-2pl-pro-emo-2-father,yab,2pl-pro-2-father,mokontomo ë-mo,,,,,
ejne-1-2pro-yiwiti-lk-house-pert,yab,1-2pro-lk-house-pert,ejnë y-ïwïtï-∅,,,,,
ejne-1-2pro-wereta-arrive-ipfv,yab,1-2pro-arrive-ipfv,ejnë wereta-∅,,,,,
tewisanton-3pro-pl-emo-2-father,yab,3pro-pl-2-father,tëwïsanton ë-mo,,,,,
tewisanton-3pro-pl-warota-work-ipfv,yab,3pro-pl-work-ipfv,tëwïsanton warota-∅,,,,,
tewisanton-3pro-pl-wejsape-cop-pst,yab,3pro-pl-cop-pst,tëwïsanton wej-sapë,,,,,
tewisanton-3pro-pl-yoj-eat-starch-acnnmlz,yab,3pro-pl-eat-starch-acnnmlz,tëwïsanton yoj-∅,,,,,
tewisanton-3pro-pl-pe-ess,yab,3pro-pl-ess,tëwïsanton pe,,,,,
wire-1pro-yerema-feed-ipfv,yab,1pro-feed-ipfv,wïrë yerema-∅,,,,,
wire-1pro-tayarese-3p-bring-pst,yab,1pro-3p-bring-pst,wïrë ta-yarë-se,,,,,
tewijpe-3pro-pst-entono-from-here,yab,3pro-pst-from-here,tëwï-jpë entono,,,,,
wire-1pro-tayakaramase-3p-tell-pst,yab,1pro-3p-tell-pst,wïrë ta-yakarama-se,,,,,
wire-1pro-roka-wash-ipfv,yab,1pro-wash-ipfv,wïrë roka-∅,,,,,
wire-1pro-mesuku-blood,yab,1pro-blood,wïrë mesuku,,,,,
wire-1pro-rotoro-doctor,yab,1pro-doctor,wïrë rotoro,,,,,
ajpachikejra-clean,yab,undergrowth-PROP=NEG,ajpachikejra,,,,YarLex_0052_PaPe_apachike-02,
akajra-arc,yab,ouch(cry_of_pain)=NEG,akajra,,,,YarLex_0018_PaPe_akajra-02,
asakejne-two,yab,two=PL,asakëjne,,,,YarLex_0103_AnFo_asakejne,
kaimokejra-unsuccessfully-hunted,yab,game-PROP=NEG,kaimokejra,,,,YarLex_2905_AnFo_kaimokejra,
keyape-cautious,yab,think-ACNNMLZ=ESS,këyape,,,,YarLex_0736_AnFo_keyape,
panakejra-disobedient,yab,ear-PROP=NEG,panakejra,,,,YarLex_1249_PaPe_panakejra,
tatune-hot,yab,3P-give-IPFV=INTS,tatune,,,,YarLex_1906_PaPe_tatune,
teijpojra-close,yab,far=NEG,teijpojra,,,,YarLex_1946_PaPe_teijpojra-02,
weseyupe-brave,yab,be_angry-ACNNMLZ=ESS,weseyupe,,,,YarLex_2406_AnFo_wesepoya,
