ID,Name,Description,Media_Type,Download_URL,Path_In_Zip
yarlex-0052-pape-apachike-02-wav,YarLex_0052_PaPe_apachike-02,,x/wav,YarLex_0052_PaPe_apachike-02.wav,
yarlex-0017-anfo-aka-02-wav,YarLex_0017_AnFo_aka-02,,x/wav,YarLex_0017_AnFo_aka-02.wav,
yarlex-0044-pape-aniki-02-wav,YarLex_0044_PaPe_aniki-02,,x/wav,YarLex_0044_PaPe_aniki-02.wav,
yarlex-0068-anfo-apo-wav,YarLex_0068_AnFo_apo,,x/wav,YarLex_0068_AnFo_apo.wav,
yarlex-0074-anfo-arajmate-02-wav,YarLex_0074_AnFo_arajmate-02,,x/wav,YarLex_0074_AnFo_arajmate-02.wav,
yarlex-0092-anfo-arokate-wav,YarLex_0092_AnFo_arokate,,x/wav,YarLex_0092_AnFo_arokate.wav,
yarlex-0110-anfo-asakontompene-wav,YarLex_0110_AnFo_asakontompene,,x/wav,YarLex_0110_AnFo_asakontompene.wav,
yarlex-0101-anfo-asake-wav,YarLex_0101_AnFo_asake,,x/wav,YarLex_0101_AnFo_asake.wav,
yarlex-0114-pape-asane-wav,YarLex_0114_PaPe_asane,,x/wav,YarLex_0114_PaPe_asane.wav,
yarlex-0126-anfo-asereke-wav,YarLex_0126_AnFo_asereke,,x/wav,YarLex_0126_AnFo_asereke.wav,
yarlex-0188-anfo-chijchipuru-wav,YarLex_0188_AnFo_chijchipuru,,x/wav,YarLex_0188_AnFo_chijchipuru.wav,
yarlex-0291-anfo-ejne-02-wav,YarLex_0291_AnFo_ejne-02,,x/wav,YarLex_0291_AnFo_ejne-02.wav,
yarlex-0358-anfo-eni-02-wav,YarLex_0358_AnFo_eni-02,,x/wav,YarLex_0358_AnFo_eni-02.wav,
yarlex-0360-anfo-enijpete-02-wav,YarLex_0360_AnFo_enijpete-02,,x/wav,YarLex_0360_AnFo_enijpete-02.wav,
yarlex-0368-pape-enirono-02-wav,YarLex_0368_PaPe_enirono-02,,x/wav,YarLex_0368_PaPe_enirono-02.wav,
yarlex-0376-pape-ente-wav,YarLex_0376_PaPe_ente,,x/wav,YarLex_0376_PaPe_ente.wav,
yarlex-0434-pape-ewine-wav,YarLex_0434_PaPe_ewine,,x/wav,YarLex_0434_PaPe_ewine.wav,
yarlex-0466-anfo-ijmokani-wav,YarLex_0466_AnFo_ijmokani,,x/wav,YarLex_0466_AnFo_ijmokani.wav,
yarlex-0449-anfo-ijtari-wav,YarLex_0449_AnFo_ijtari,,x/wav,YarLex_0449_AnFo_ijtari.wav,
yarlex-0479-pape-inawe-wav,YarLex_0479_PaPe_inawe,,x/wav,YarLex_0479_PaPe_inawe.wav,
yarlex-0486-anfo-intipijke-wav,YarLex_0486_AnFo_intipijke,,x/wav,YarLex_0486_AnFo_intipijke.wav,
yarlex-0494-pape-irejpe-wav,YarLex_0494_PaPe_irejpe,,x/wav,YarLex_0494_PaPe_irejpe.wav,
yarlex-0618-pape-karasake-02-wav,YarLex_0618_PaPe_karasake-02,,x/wav,YarLex_0618_PaPe_karasake-02.wav,
yarlex-0639-anfo-kasori-wav,YarLex_0639_AnFo_kasori,,x/wav,YarLex_0639_AnFo_kasori.wav,
yarlex-0666-anfo-kawe-wav,YarLex_0666_AnFo_kawe,,x/wav,YarLex_0666_AnFo_kawe.wav,
yarlex-0767-anfo-kojpaye-wav,YarLex_0767_AnFo_kojpaye,,x/wav,YarLex_0767_AnFo_kojpaye.wav,
yarlex-0787-anfo-kori-02-wav,YarLex_0787_AnFo_kori-02,,x/wav,YarLex_0787_AnFo_kori-02.wav,
yarlex-0832-pape-kururu-wav,YarLex_0832_PaPe_kururu,,x/wav,YarLex_0832_PaPe_kururu.wav,
yarlex-0839-pape-kuyari-02-wav,YarLex_0839_PaPe_kuyari-02,,x/wav,YarLex_0839_PaPe_kuyari-02.wav,
yarlex-0704-pape-kemuru-wav,YarLex_0704_PaPe_kemuru,,x/wav,YarLex_0704_PaPe_kemuru.wav,
yarlex-0719-anfo-kereke-wav,YarLex_0719_AnFo_kereke,,x/wav,YarLex_0719_AnFo_kereke.wav,
yarlex-0978-anfo-michi-02-wav,YarLex_0978_AnFo_michi-02,,x/wav,YarLex_0978_AnFo_michi-02.wav,
yarlex-1021-pape-morone-wav,YarLex_1021_PaPe_morone,,x/wav,YarLex_1021_PaPe_morone.wav,
yarlex-1073-anfo-mune-wav,YarLex_1073_AnFo_mune,,x/wav,YarLex_1073_AnFo_mune.wav,
yarlex-0941-pape-mejki-02-wav,YarLex_0941_PaPe_mejki-02,,x/wav,YarLex_0941_PaPe_mejki-02.wav,
yarlex-0986-anfo-mijna-wav,YarLex_0986_AnFo_mijna,,x/wav,YarLex_0986_AnFo_mijna.wav,
yarlex-1096-anfo-najmo-wav,YarLex_1096_AnFo_najmo,,x/wav,YarLex_1096_AnFo_najmo.wav,
yarlex-1099-pape-nakiri-02-wav,YarLex_1099_PaPe_nakiri-02,,x/wav,YarLex_1099_PaPe_nakiri-02.wav,
yarlex-1121-anfo-nonokemi-wav,YarLex_1121_AnFo_nonokemi,,x/wav,YarLex_1121_AnFo_nonokemi.wav,
yarlex-1125-pape-nopano-02-wav,YarLex_1125_PaPe_nopano-02,,x/wav,YarLex_1125_PaPe_nopano-02.wav,
yarlex-1128-pape-nope-wav,YarLex_1128_PaPe_nope,,x/wav,YarLex_1128_PaPe_nope.wav,
yarlex-1137-pape-ntate-wav,YarLex_1137_PaPe_ntate,,x/wav,YarLex_1137_PaPe_ntate.wav,
yarlex-1140-anfo-nuru-02-wav,YarLex_1140_AnFo_nuru-02,,x/wav,YarLex_1140_AnFo_nuru-02.wav,
yarlex-1237-anfo-pakuri-wav,YarLex_1237_AnFo_pakuri,,x/wav,YarLex_1237_AnFo_pakuri.wav,
yarlex-1302-anfo-pejmari-02-wav,YarLex_1302_AnFo_pejmari-02,,x/wav,YarLex_1302_AnFo_pejmari-02.wav,
yarlex-2976-pape-pepoye-wav,YarLex_2976_PaPe_pepoye ,,x/wav,YarLex_2976_PaPe_pepoye%20.wav,
yarlex-1347-pape-peri-wav,YarLex_1347_PaPe_peri,,x/wav,YarLex_1347_PaPe_peri.wav,
yarlex-1495-anfo-poseti-wav,YarLex_1495_AnFo_poseti,,x/wav,YarLex_1495_AnFo_poseti.wav,
yarlex-3007-anfo-puuturu-wav,YarLex_3007_AnFo_puuturu,,x/wav,YarLex_3007_AnFo_puuturu.wav,
yarlex-1311-pape-tepeke-02-wav,YarLex_1311_PaPe_tepeke-02,,x/wav,YarLex_1311_PaPe_tepeke-02.wav,
yarlex-1568-anfo-romoye-02-wav,YarLex_1568_AnFo_romoye-02,,x/wav,YarLex_1568_AnFo_romoye-02.wav,
yarlex-1574-anfo-rui-wav,YarLex_1574_AnFo_rui,,x/wav,YarLex_1574_AnFo_rui.wav,
yarlex-1612-anfo-saparari-wav,YarLex_1612_AnFo_saparari,,x/wav,YarLex_1612_AnFo_saparari.wav,
yarlex-1757-anfo-sukase-02-wav,YarLex_1757_AnFo_sukase-02,,x/wav,YarLex_1757_AnFo_sukase-02.wav,
yarlex-1803-anfo-tajme-wav,YarLex_1803_AnFo_tajme,,x/wav,YarLex_1803_AnFo_tajme.wav,
yarlex-1837-anfo-takunuru-wav,YarLex_1837_AnFo_takunuru,,x/wav,YarLex_1837_AnFo_takunuru.wav,
yarlex-1864-anfo-tapiire-wav,YarLex_1864_AnFo_tapiire,,x/wav,YarLex_1864_AnFo_tapiire.wav,
yarlex-1890-pape-tarine-wav,YarLex_1890_PaPe_tarine,,x/wav,YarLex_1890_PaPe_tarine.wav,
yarlex-1920-pape-tawaru-wav,YarLex_1920_PaPe_tawaru,,x/wav,YarLex_1920_PaPe_tawaru.wav,
yarlex-1948-pape-teijpono-wav,YarLex_1948_PaPe_teijpono,,x/wav,YarLex_1948_PaPe_teijpono.wav,
yarlex-1957-anfo-tejpore-wav,YarLex_1957_AnFo_tejpore,,x/wav,YarLex_1957_AnFo_tejpore.wav,
yarlex-2004-pape-tepese-wav,YarLex_2004_PaPe_tepese,,x/wav,YarLex_2004_PaPe_tepese.wav,
yarlex-2020-anfo-terepunu-wav,YarLex_2020_AnFo_terepunu,,x/wav,YarLex_2020_AnFo_terepunu.wav,
yarlex-2030-pape-teseke-wav,YarLex_2030_PaPe_teseke,,x/wav,YarLex_2030_PaPe_teseke.wav,
yarlex-2104-anfo-tooti-wav,YarLex_2104_AnFo_tooti,,x/wav,YarLex_2104_AnFo_tooti.wav,
yarlex-2123-anfo-tujnaka-wav,YarLex_2123_AnFo_tujnaka,,x/wav,YarLex_2123_AnFo_tujnaka.wav,
yarlex-1945-pape-teijpo-02-wav,YarLex_1945_PaPe_teijpo-02,,x/wav,YarLex_1945_PaPe_teijpo-02.wav,
yarlex-2046-pape-tewi-wav,YarLex_2046_PaPe_tewi,,x/wav,YarLex_2046_PaPe_tewi.wav,
yarlex-2048-anfo-tewisantomo-wav,YarLex_2048_AnFo_tewisantomo,,x/wav,YarLex_2048_AnFo_tewisantomo.wav,
yarlex-2263-anfo-wanene-02-wav,YarLex_2263_AnFo_wanene-02,,x/wav,YarLex_2263_AnFo_wanene-02.wav,
yarlex-2280-anfo-warijtori-wav,YarLex_2280_AnFo_warijtori,,x/wav,YarLex_2280_AnFo_warijtori.wav,
yarlex-2377-anfo-wenaru-wav,YarLex_2377_AnFo_wenaru,,x/wav,YarLex_2377_AnFo_wenaru.wav,
yarlex-2428-anfo-wire-wav,YarLex_2428_AnFo_wire,,x/wav,YarLex_2428_AnFo_wire.wav,
yarlex-2531-anfo-yane-wav,YarLex_2531_AnFo_yane,,x/wav,YarLex_2531_AnFo_yane.wav,
yarlex-2821-anfo-yumpe-wav,YarLex_2821_AnFo_yumpe,,x/wav,YarLex_2821_AnFo_yumpe.wav,
yarlex-2752-pape-yeukuru-wav,YarLex_2752_PaPe_yeukuru,,x/wav,YarLex_2752_PaPe_yeukuru.wav,
yarlex-0298-anfo-ejpina-02-wav,YarLex_0298_AnFo_ejpina-02,,x/wav,YarLex_0298_AnFo_ejpina-02.wav,
yarlex-0308-anfo-ejte-wav,YarLex_0308_AnFo_ejte,,x/wav,YarLex_0308_AnFo_ejte.wav,
yarlex-0271-pape-eke-02-wav,YarLex_0271_PaPe_eke-02,,x/wav,YarLex_0271_PaPe_eke-02.wav,
yarlex-0356-anfo-empare-02-wav,YarLex_0356_AnFo_empare-02,,x/wav,YarLex_0356_AnFo_empare-02.wav,
yarlex-0380-pape-enukuru-wav,YarLex_0380_PaPe_enukuru,,x/wav,YarLex_0380_PaPe_enukuru.wav,
convcosnoind-1,convcosnoind-1,,audio/wav,convcosnoind-1.wav,
convcosnoind-4,convcosnoind-4,,audio/wav,convcosnoind-4.wav,
convcosnoind-5,convcosnoind-5,,audio/wav,convcosnoind-5.wav,
convcosnoind-12,convcosnoind-12,,audio/wav,convcosnoind-12.wav,
convcosnoind-13,convcosnoind-13,,audio/wav,convcosnoind-13.wav,
convcosnoind-48,convcosnoind-48,,audio/wav,convcosnoind-48.wav,
convcosnoind-52,convcosnoind-52,,audio/wav,convcosnoind-52.wav,
convcosnoind-126,convcosnoind-126,,audio/wav,convcosnoind-126.wav,
convcosnoind-132,convcosnoind-132,,audio/wav,convcosnoind-132.wav,
convestsjm-3,convestsjm-3,,audio/wav,convestsjm-3.wav,
convestsjm-35,convestsjm-35,,audio/wav,convestsjm-35.wav,
convrisamaj-1,convrisamaj-1,,audio/wav,convrisamaj-1.wav,
convrisamaj-2,convrisamaj-2,,audio/wav,convrisamaj-2.wav,
convrisamaj-4,convrisamaj-4,,audio/wav,convrisamaj-4.wav,
convrisamaj-6,convrisamaj-6,,audio/wav,convrisamaj-6.wav,
convrisamaj-12,convrisamaj-12,,audio/wav,convrisamaj-12.wav,
convrisamaj-24,convrisamaj-24,,audio/wav,convrisamaj-24.wav,
convrisamaj-28,convrisamaj-28,,audio/wav,convrisamaj-28.wav,
convrisamaj-42,convrisamaj-42,,audio/wav,convrisamaj-42.wav,
convrisamaj-44,convrisamaj-44,,audio/wav,convrisamaj-44.wav,
convrisamaj-46,convrisamaj-46,,audio/wav,convrisamaj-46.wav,
convrisamaj-47,convrisamaj-47,,audio/wav,convrisamaj-47.wav,
ctoaragrme-2,ctoaragrme-2,,audio/wav,ctoaragrme-2.wav,
ctoaragrme-3,ctoaragrme-3,,audio/wav,ctoaragrme-3.wav,
ctoaragrme-4,ctoaragrme-4,,audio/wav,ctoaragrme-4.wav,
ctoaragrme-5,ctoaragrme-5,,audio/wav,ctoaragrme-5.wav,
ctoaragrme-25,ctoaragrme-25,,audio/wav,ctoaragrme-25.wav,
ctoaragrme-38,ctoaragrme-38,,audio/wav,ctoaragrme-38.wav,
ctoaragrme-39,ctoaragrme-39,,audio/wav,ctoaragrme-39.wav,
ctoaragrme-40,ctoaragrme-40,,audio/wav,ctoaragrme-40.wav,
convsuenmaj-4,convsuenmaj-4,,audio/wav,convsuenmaj-4.wav,
convsuenmaj-47,convsuenmaj-47,,audio/wav,convsuenmaj-47.wav,
convhistfamsjm-1,convhistfamsjm-1,,audio/wav,convhistfamsjm-1.wav,
convhistfamsjm-2,convhistfamsjm-2,,audio/wav,convhistfamsjm-2.wav,
convhistfamsjm-5,convhistfamsjm-5,,audio/wav,convhistfamsjm-5.wav,
convhistfamsjm-9,convhistfamsjm-9,,audio/wav,convhistfamsjm-9.wav,
convhistfamsjm-13,convhistfamsjm-13,,audio/wav,convhistfamsjm-13.wav,
convhistfamsjm-15,convhistfamsjm-15,,audio/wav,convhistfamsjm-15.wav,
convhistfamsjm-23,convhistfamsjm-23,,audio/wav,convhistfamsjm-23.wav,
convhistfamsjm-24,convhistfamsjm-24,,audio/wav,convhistfamsjm-24.wav,
convhistfamsjm-59,convhistfamsjm-59,,audio/wav,convhistfamsjm-59.wav,
convhistfamsjm-92,convhistfamsjm-92,,audio/wav,convhistfamsjm-92.wav,
convhistfamsjm-238,convhistfamsjm-238,,audio/wav,convhistfamsjm-238.wav,
convhistfamsjm-244,convhistfamsjm-244,,audio/wav,convhistfamsjm-244.wav,
ctorat-1,ctorat-1,,audio/wav,ctorat-1.wav,
ctorat-2,ctorat-2,,audio/wav,ctorat-2.wav,
ctorat-3,ctorat-3,,audio/wav,ctorat-3.wav,
ctorat-4,ctorat-4,,audio/wav,ctorat-4.wav,
ctorat-6,ctorat-6,,audio/wav,ctorat-6.wav,
ctorat-16,ctorat-16,,audio/wav,ctorat-16.wav,
ctorat-19,ctorat-19,,audio/wav,ctorat-19.wav,
ctorat-23,ctorat-23,,audio/wav,ctorat-23.wav,
ctorat-25,ctorat-25,,audio/wav,ctorat-25.wav,
ctorat-30,ctorat-30,,audio/wav,ctorat-30.wav,
ctorat-40,ctorat-40,,audio/wav,ctorat-40.wav,
ctorat-45,ctorat-45,,audio/wav,ctorat-45.wav,
ctorat-46,ctorat-46,,audio/wav,ctorat-46.wav,
ctovarmafl-2,ctovarmafl-2,,audio/wav,ctovarmafl-2.wav,
ctovarmafl-3,ctovarmafl-3,,audio/wav,ctovarmafl-3.wav,
ctovarmafl-4,ctovarmafl-4,,audio/wav,ctovarmafl-4.wav,
ctovarmafl-28,ctovarmafl-28,,audio/wav,ctovarmafl-28.wav,
ctovarmafl-32,ctovarmafl-32,,audio/wav,ctovarmafl-32.wav,
ctovarmafl-36,ctovarmafl-36,,audio/wav,ctovarmafl-36.wav,
ctovarmafl-44,ctovarmafl-44,,audio/wav,ctovarmafl-44.wav,
ctovarmafl-283,ctovarmafl-283,,audio/wav,ctovarmafl-283.wav,
ctovarmafl-324,ctovarmafl-324,,audio/wav,ctovarmafl-324.wav,
ctovarmafl-443,ctovarmafl-443,,audio/wav,ctovarmafl-443.wav,
histpajirdi-1,histpajirdi-1,,audio/wav,histpajirdi-1.wav,
histpajirdi-11,histpajirdi-11,,audio/wav,histpajirdi-11.wav,
histpajirdi-13,histpajirdi-13,,audio/wav,histpajirdi-13.wav,
histpajirdi-18,histpajirdi-18,,audio/wav,histpajirdi-18.wav,
histpajirdi-114,histpajirdi-114,,audio/wav,histpajirdi-114.wav,
histpajirdi-131,histpajirdi-131,,audio/wav,histpajirdi-131.wav,
histpajirdi-186,histpajirdi-186,,audio/wav,histpajirdi-186.wav,
histyarirdi-1,histyarirdi-1,,audio/wav,histyarirdi-1.wav,
histyarirdi-2,histyarirdi-2,,audio/wav,histyarirdi-2.wav,
histyarirdi-5,histyarirdi-5,,audio/wav,histyarirdi-5.wav,
histyarirdi-6,histyarirdi-6,,audio/wav,histyarirdi-6.wav,
histyarirdi-7,histyarirdi-7,,audio/wav,histyarirdi-7.wav,
histyarirdi-8,histyarirdi-8,,audio/wav,histyarirdi-8.wav,
histyarirdi-9,histyarirdi-9,,audio/wav,histyarirdi-9.wav,
histyarirdi-12,histyarirdi-12,,audio/wav,histyarirdi-12.wav,
histyarirdi-18,histyarirdi-18,,audio/wav,histyarirdi-18.wav,
histyarirdi-24,histyarirdi-24,,audio/wav,histyarirdi-24.wav,
histyarirdi-53,histyarirdi-53,,audio/wav,histyarirdi-53.wav,
histyarirdi-59,histyarirdi-59,,audio/wav,histyarirdi-59.wav,
histyarirdi-63,histyarirdi-63,,audio/wav,histyarirdi-63.wav,
histyarirdi-72,histyarirdi-72,,audio/wav,histyarirdi-72.wav,
histyarirdi-87,histyarirdi-87,,audio/wav,histyarirdi-87.wav,
histyarirdi-94,histyarirdi-94,,audio/wav,histyarirdi-94.wav,
histyarirdi-124,histyarirdi-124,,audio/wav,histyarirdi-124.wav,
histyarirdi-160,histyarirdi-160,,audio/wav,histyarirdi-160.wav,
histyarirdi-186,histyarirdi-186,,audio/wav,histyarirdi-186.wav,
histyarirdi-249,histyarirdi-249,,audio/wav,histyarirdi-249.wav,
histyarirdi-539,histyarirdi-539,,audio/wav,histyarirdi-539.wav,
histyarirdi-592,histyarirdi-592,,audio/wav,histyarirdi-592.wav,
histyarirdi-615,histyarirdi-615,,audio/wav,histyarirdi-615.wav,
histyarirdi-633,histyarirdi-633,,audio/wav,histyarirdi-633.wav,
histyarirdi-723,histyarirdi-723,,audio/wav,histyarirdi-723.wav,
histyarirdi-875,histyarirdi-875,,audio/wav,histyarirdi-875.wav,
histyarirdi-894,histyarirdi-894,,audio/wav,histyarirdi-894.wav,
histyarirdi-944,histyarirdi-944,,audio/wav,histyarirdi-944.wav,
