ID,Language_ID,Name,Description,Parameter_ID,Comment,Source,Part_Of_Speech,Tags
u1,yab,u=,,1,,,,
me2,yab,më=,,2,,,,
a2,yab,a(y)-,,2,Conservative _ë-_.,,,
i3,yab,i-/t-,,3,The old *_-it_.,,,inflection
ej12,yab,ej=,,1+2,,,,
ta-3,yab,ta-,,3P; 3,,,,
yeperl,yab,-ye,,ADVZ,Not productive.,,,
pokobecause,yab,poko,,because,,,,
ripocntf,yab,-ripo,,CNTF,,,,
tojpefut,yab,-tojpe,,FUT,From [mp](tojpepurp).,,,
tojpanofut,yab,-tojpano,,FUT.CONCL,From -tojpe + -ano ‘PURP + NMLZ’,,,
ihort,yab,-i,,HORT,An old Set I?,,,
sareimn,yab,-sarë,,IMN,,,,
keimp,yab,-kë,,IMP,,,,
riipfv,yab,-ri,,IPFV,From [mp](rinmlz).,,,
ripoirr,yab,-ripo,,IRR,,,,
ylk,yab,y-,,LK,,,,
tamotimp,yab,-ta,,MOTIMP,,,,
janeg,yab,-ja,,NEG,,,,
jnarineg,yab,-jnari,,NEG,,,,
tenpert,yab,-të,,NPERT,Only occurs on a few nouns.,,,
tipert,yab,-ti,,PERT,,,,
rupert,yab,-ri,,PERT,,,,
ipert,yab,-i,,PERT,,,,
sapepfv,yab,-sapë,,PFV,From [mp](sapenmlz).,,,
tomopl,yab,-tomo,,PL,,,,
tepl,yab,-të,,PL,Occurs with [mp](keimp).,,,
tikenepost,yab,-tïkene,,POST,Main clause inflection?,,,
nepeke,yab,-nëpëkë,,PROG.INTR,,,,
pekeprog,yab,-pëkë,,PROG.TR,,,,
jramaproh,yab,-jrama,,PROH,,,,
sepst,yab,-se,,PST,From [mp](septcp).,,,
jpepst,yab,-jpë,,PST,From [mp](jpenmlz).,,,
sapepst,yab,-sapë,,PST,From [mp](sapenmlz).,,,
kempinire,yab,-kempïnirë,,PTCP.NZR.GNO:NEG,?,,,
ma,yab,ma,,RESTR,,,,
jra-neg,yab,=jra,,NEG,,,,
sapenmlz,yab,-sapë,,ABS.NMLZ,Gave rise to [mp](sapepfv).,,,
rinmlz,yab,-ri,,ACNNMLZ,Gave rise to [mp](riipfv).,,,
readvz,yab,-re,,ADVZ,,,,
neadvz,yab,-ne,,ADVZ,Not productive.,,,
yeadvz,yab,-ye,,ADVZ,,,,
ninmlz,yab,-ni,,AGTNMLZ,Has developed predicative uses.,,,
pocaus,yab,-po,,CAUS,"Occurs marginally, causee w/ =pana.",,,
macaus,yab,-ma,,CAUS,,,,
toponmlz,yab,-topo,,CIRC.NMLZ,"Contained in [mp](tojpepurp). Marginally occurs in predicative uses (histyarirdi-0542, histyarirdi-0091); can combine with [mp](neinf).",,,
tanecncs,yab,-tane,,CNCS,,,,
sarecvb,yab,-sarë,,CVB,Gave rise to [mp](sareimn).,,,
podes,yab,-po,,DES,,,,
dt2,yab,s-,,DETRZ,,,,
dt1,yab,ëj-,,DETRZ,,,,
dt3,yab,at-,,DETRZ,,,,
pijkedim,yab,-pïjkë,,DIM,,,,
neinf,yab,-në,,INF,Lexically characterized: v.n. in FLEx.,,,
anonmlz,yab,-ano,,NMLZ,,,,
minmlz,yab,-mï,,NMLZ,,,,
nnmlzpre,yab,n-,,P.NMLZ,,,,
petiplur,yab,-pëti,,PLUR,Lexicalized with some verbs.,,,
pininmlz,yab,‑pïnï,,PRIV.NMLZ,,,,
keprop,yab,-ke,,PROP,Etymologically 'have N’.,,,
tprop,yab,t-,,PROP,"Fossilized, but still looks like a morpheme.",,,
jpenmlz,yab,-jpë,,PST.ACNNMLZ,,,,
septcp,yab,-se,,PTCP; SUP,,,,
tojpepurp,yab,-tojpe,,PURP,From [mp](toponmlz) and [mp](pe-ess). Gave rise to [mp](tojpefut).,,,
pamivbz,yab,-pamï,,VBZ,n>vi ‘S characterized by N’,,,
tavbz,yab,-ta,,VBZ.INTR,n>vi ‘S characterized by N’,,,
kavbz,yab,-ka,,VBZ.TR,'deprive P of N’,,,
jtevbz,yab,-jtë,,VBZ.TR,"n>vt, ‘provide P with N’ or ‘make P characterized by N’",,,
imi-father,yab,ïmï,,father,Irregularly inflected.,,,
achi-wilderness,yab,achi,,wilderness,,,,
aijkorono-recovered,yab,aijkorono,,recovered,,,,
ajpachi-undergrowth,yab,ajpachi,,undergrowth,,,,
ajyu-tucuma-palm,yab,ajyu,,tucuma (palm),,,,
aka-ouch-cry-of-pain,yab,aka,,ouch (cry of pain),,,,
ako-pylon,yab,ako,,pylon,,,,
aki-worm,yab,akï,,worm; maggot,,,,
amaka-sweet-yucca,yab,amaka,,sweet yucca,,,,
amu-ripeness,yab,amu,,ripeness,,,,
ami-unidentified-plant,yab,amï,,unidentified plant,,,,
ana-1-3pro,yab,ana,,1+3PRO,,,,
anaijke-wild-pineapple-sp,yab,anaijkë,,wild pineapple sp.,,,,
anake-ant-sp,yab,anakë,,ant sp.,,,,
anau-ant-sp,yab,anau,,ant sp.,,,,
anoto-annatto,yab,anoto,,annatto,,,,
anta-island,yab,anta,,island,,,,
ante-fish-hook,yab,antë,,fish hook,,,,
apa-decrease,yab,apa,,decrease,,,,
apereku-ceiba,yab,apereku,,ceiba,,,,
aperemu-chrysalis,yab,aperemu,,chrysalis,,,,
api-ripeness,yab,api,,ripeness,,,,
apo-later,yab,apo,,later; meanwhile,,,,
aponte-seat,yab,apontë,,seat; nest,,,,
apuni-soap,yab,apuni,,soap,,,,
apemiti-bracelet,yab,apëmïti,,bracelet,,,,
arajmate-dangerous,yab,arajmatë,,dangerous,,,,
arata-horned-beetle,yab,arata,,horned beetle,,,,
arauruku-wild-grape-sp,yab,arauruku,,wild grape sp.,,,,
araway-wild-pineapple-sp,yab,araway,,wild pineapple sp.,,,,
araya-monkey-spider,yab,araya,,monkey spider,,,,
arina-trembler,yab,arina,,trembler,,,,
aro-rice,yab,aro,,rice,,,,
arojpete-garbage,yab,arojpëtë,,garbage,,,,
arokate-difficult,yab,arokatë,,difficult,,,,
aroma-limpet,yab,aroma,,limpet,,,,
aropoko-ball-game,yab,aropoko,,ball game,,,,
asakontompene-four,yab,asakontompene,,four,,,,
asake-two,yab,asakë,,two,,,,
asare-get-stuck,yab,asarë,,get stuck,,,,
asere-dry-cough,yab,asere,,dry cough,,,,
asuka-sugar,yab,asuka,,sugar,,,,
ati-what,yab,ati,,what,,,,
ati-plot-of-cultivated-land,yab,ati,,plot of cultivated land,,,,
awajpe-mountain-eagle,yab,awajpë,,mountain eagle,,,,
awarake-wasp-sp,yab,awarakë,,wasp sp.,,,,
awochi-tumor,yab,awochi,,tumor,,,,
chai-son-voc,yab,chai,,son (voc.),,,,
chijchipu-body-movement,yab,chijchipu,,body movement,,,,
chika-bite,yab,chika,,bite,,,,
chike-chigger,yab,chikë,,chigger,,,,
chima-path,yab,chima,,path,,,,
chimichimi-worm-dog,yab,chimichimi,,worm (dog),,,,
chipiyu-fungus-sp,yab,chipiyu,,fungus.sp,,,,
chiramu-mange,yab,chiramu,,mange,,,,
chirike-star,yab,chirikë,,star,,,,
chiri-titi-monkey,yab,chiri,,titi monkey,,,,
chiri-wild-pineapple,yab,chiri,,wild pineapple,,,,
chiyakono-friend,yab,chiyakono,,friend,,,,
chekey-nit,yab,chëkëy,,nit,,,,
ejne-1-2pro,yab,ejnë,,1+2PRO,,,,
eni-prox-inan,yab,eni,,PROX.INAN,Are these actually allomorphs?,,,
enijne-prox-inan-pl,yab,enijne,,PROX.INAN.PL,Also *enisantomo*?,,,
enijpete-one,yab,enijpëtë,,one,,,,
enire-now,yab,enirë,,now; today,,,,
entono-from-here,yab,entono,,from here,,,,
ente-here-loc,yab,entë,,here.LOC,,,,
epe-escape,yab,epe,,escape; hide and seek,,,,
eretapi-cultivated-plant,yab,eretapi,,cultivated plant,,,,
ewine-here-all,yab,ewinë,,here.ALL,,,,
ijmoy-egg,yab,ijmoy,,egg,,,,
ijpu-summit,yab,ijpu,,summit,,,,
inawe-have,yab,inawë,,have,,,,
ini-see,yab,ini,,see,,,,
intipijke-small,yab,intipijkë,,small,? + [](morphemes.csv#cldf:pijkedim),,,
iriyawe-then,yab,iriyawë,,then,,,,
irejpe-then,yab,irëjpë,,then,,,,
ita-hear,yab,ita,,hear,,,,
iyajtepe-before,yab,iyajtëpe,,before,,,,
iyajte-care-for,yab,iyajtë,,care for,,,,
jta-foot,yab,jta,,foot,,,,
jwaka-ill-aq,yab,jwaka,,ILL.AQ; LOC.AQ,,,,
ka-q,yab,ka,,Q,,,,
kaimo-game,yab,kaimo,,game,,,,
kamere-lightning,yab,kamere,,lightning,,,,
kampara-big,yab,kampara,,big,,,,
kamwiyajka-change,yab,kamwiyajka,,change,,,,
kapau-dasypus-novemcinctus,yab,kapau,,dasypus novemcinctus,,,,
karasake-white,yab,karasake,,white,Probably contains [mp](keprop).,,,
ka-take-out,yab,ka,,take out,,,,
kasajpe-fruit-pit,yab,kasajpë,,fruit pit,,,,
kaso-fat,yab,kaso,,fat,,,,
kawono-high,yab,kawono,,high,,,,
kawe-high,yab,kawë,,high,,,,
kayami-louse,yab,kayamï,,louse,,,,
kaya-barbasco,yab,kaya,,barbasco,,,,
kaya-gourd,yab,kaya,,gourd,,,,
kejkepe-salamander,yab,kejkepe,,salamander,,,,
kinta-become-tired,yab,kinta,,become tired,,,,
kocha-tail,yab,kocha,,tail,,,,
kojpa-night,yab,kojpa,,night,,,,
konopo-rain,yab,konopo,,rain,,,,
ko-brassolis-sophorae,yab,ko,,brassolis sophorae,,,,
korokoro-c,yab,korokoro,,C.,,,,
kuku-answer,yab,kuku,,answer,,,,
kune-cook,yab,kunë,,cook,,,,
kuru-prochilodus-mariae,yab,kuru,,prochilodus mariae,,,,
kuruwa-coroba-palm,yab,kuruwa,,coroba palm,,,,
kuya-tree-sp,yab,kuya,,tree.sp,,,,
kuyuwi-bird-sp,yab,kuyuwi,,bird.sp,,,,
kejma-hunt,yab,këjma,,hunt,,,,
kemu-pus,yab,këmu,,pus,,,,
kere-prox-anim,yab,kërë,,PROX.ANIM,,,,
keresantomo-prox-anim-pl,yab,kërësantomo,,PROX.ANIM.PL,,,,
keta-stink,yab,këta,,stink,,,,
ketejwate-cotton,yab,këtëjwatë,,cotton,,,,
keya-think,yab,këya,,think,,,,
kimiy-chili,yab,kïmïy,,chili,,,,
kiripi-go-out,yab,kïrïpï,,go out,,,,
majawa-m,yab,majawa,,M.,,,,
majpe-m,yab,majpë,,M.,,,,
maka-ceiba-pentandra,yab,maka,,ceiba pentandra,,,,
makarike-cayman,yab,makarikë,,cayman,,,,
makuyupi-catfish-sp,yab,makuyupi,,catfish.sp,,,,
make-mom,yab,makë,,mom,,,,
mapara-chicken,yab,mapara,,chicken,,,,
mare-rel-inan,yab,marë,,REL.INAN,,,,
mare-still,yab,marë,,still,,,,
mati-breast,yab,mati,,breast,,,,
mayawaka-m,yab,mayawaka,,M.,,,,
mayi-lets-go,yab,mayi,,let’s go,,,,
mejya-cover,yab,mejya,,cover,,,,
michi-med-anim,yab,michi,,MED.ANIM,,,,
michisantomo-med-anim-pl,yab,michisantomo,,MED.ANIM.PL,,,,
michitomo-med-anim-pl,yab,michitomo,,MED.ANIM.PL,,,,
misi-med-inan,yab,misi,,MED.INAN,,,,
miti-root,yab,miti,,root; vein,,,,
mone-vagina,yab,mone,,vagina,,,,
moneka-girl-voc,yab,moneka,,girl.VOC,,,,
monkontomo-2pl-pro,yab,monkontomo,,2PL.PRO,,,,
moroko-fish,yab,moroko,,fish,,,,
morone-hurting,yab,morone,,hurting,,,,
moroni-pain,yab,moroni,,pain,,,,
morono-poison,yab,morono,,poison,,,,
moto-worm,yab,moto,,worm,,,,
moyochi-spider-sp,yab,moyochi,,spider (sp.),,,,
mujna-grave,yab,mujna,,grave,,,,
mujyane-pregnancy,yab,mujyanë,,pregnancy,,,,
muku-child,yab,muku,,child,,,,
mune-bulbous,yab,mune,,bulbous,,,,
munta-budding,yab,munta,,budding,,,,
mejki-dist-anim,yab,mëjkï,,DIST.ANIM,,,,
mejnijne-dist-inan-pl,yab,mëjnijne,,DIST.INAN.PL,,,,
mejni-dist-inan,yab,mëjnï,,DIST.INAN,,,,
mekisantomo-dist-anim-pl,yab,mëkïsantomo,,DIST.ANIM.PL,,,,
mere-2pro,yab,mërë,,2PRO,,,,
mere-med-inan,yab,mërë,,MED.INAN,,,,
mijna-there-all,yab,mïjna,,there.ALL,,,,
minte-there-loc,yab,mïntë,,there.LOC,,,,
mira-priodontes-maximus,yab,mïra,,priodontes maximus,,,,
nai-do,yab,nai,,do,,,,
najmo-grandmother,yab,najmo,,grandmother,,,,
najpi-grandfather,yab,najpï,,grandfather,,,,
najwata-harbor,yab,najwata,,harbor,,,,
naki-thirst,yab,naki,,thirst,,,,
nata-door,yab,nata,,door,,,,
nepi-bring,yab,nepï,,bring,,,,
nono-earth,yab,nono,,earth,,,,
nope-good,yab,nope,,good,,,,
noro-parrot-sp,yab,noro,,parrot.sp,,,,
noti-potential-partner,yab,noti,,potential partner; cross cousin,,,,
nta-mouth,yab,nta,,mouth,,,,
nune-moon,yab,nunë,,moon,,,,
nu-tongue,yab,nu,,tongue,,,,
nwajte-dance,yab,nwajtë,,dance,,,,
neme-leave,yab,nëmë,,leave,,,,
ochi-o,yab,ochi,,O.,,,,
ojpa-give-drink,yab,ojpa,,give drink,,,,
onono-another,yab,onono,,another,,,,
orojyamo-evil-being,yab,orojyamo,,evil being,,,,
pachi-older-sister-of-woman,yab,pachi,,older sister of woman,,,,
paijku-p,yab,paijku,,P.,,,,
paka-cow,yab,paka,,cow,,,,
pakara-basket,yab,pakara,,basket,,,,
pakura-coix-lacryma-jobi,yab,pakura,,Coix lacryma-jobi,,,,
paku-arrow-tip,yab,paku,,arrow tip,,,,
pana-ear,yab,pana,,ear,,,,
pana-dat,yab,pana,,DAT,,,,
pano-fmr,yab,pano,,FMR,,,,
papa-father,yab,papa,,father,,,,
parujpe-broth,yab,parujpë,,broth,,,,
pata-village,yab,pata,,village,,,,
pata-axe,yab,pata,,axe,,,,
pate-cross,yab,patë,,cross,,,,
penare-before,yab,penarë,,before,,,,
pene-piranha,yab,pene,,piranha,,,,
pepoye-above-perl,yab,pepoye,,above.PERL,,,,
pe-palm-sp,yab,pe,,palm.sp,,,,
peti-leg,yab,peti,,leg,,,,
peye-turtle-sp,yab,peye,,turtle.sp,,,,
picha-capuchin-monkey,yab,picha,,capuchin monkey,,,,
pichipichi-whitebait,yab,pichipichi,,whitebait,,,,
pijpe-skin,yab,pijpë,,skin,,,,
pika-peel,yab,pika,,peel,,,,
pike-fart,yab,pikë,,fart,,,,
pinchi-hes,yab,pinchi,,HES,,,,
pipi-younger-brother-of-woman,yab,pipi,,younger brother of woman,,,,
pirini-walk,yab,pirini,,walk,,,,
pojte-want,yab,pojtë,,want,,,,
poroko-basket-sp,yab,poroko,,basket.sp,,,,
poseti-belly,yab,poseti,,belly,,,,
pota-mouth,yab,pota,,mouth; shore,,,,
poye-above,yab,poye,,above,,,,
punu-flesh,yab,punu,,flesh,,,,
putu-feel,yab,putu,,feel,,,,
peke-about,yab,pëkë,,about,,,,
penaka-return,yab,pënaka,,return,Maybe derived with [mp](kavbz).,,,
pimi-neck,yab,pïmï,,neck,,,,
pirika-endure,yab,pïrïka,,endure,,,,
roka-wash,yab,roka,,wash,,,,
roko-crazy,yab,roko,,crazy,,,,
romoye-downriver,yab,romoye,,downriver,,,,
rotoro-doctor,yab,rotoro,,doctor,,,,
rui-older-brother,yab,rui,,older brother,,,,
sai-penis,yab,sai,,penis,,,,
sakara-hoplias-malabaricus,yab,sakara,,hoplias malabaricus,,,,
sakau-sand,yab,sakau,,sand,,,,
saku-sweet-potato,yab,saku,,sweet potato,,,,
samo-cry,yab,samo,,cry,,,,
sampu-black-piranha,yab,sampu,,black piranha,,,,
sapara-heavy-pot,yab,sapara,,heavy pot,,,,
sare-here-all,yab,sarë,,here.ALL,,,,
sawo-rapids,yab,sawo,,rapids,,,,
sepami-get-married,yab,sepamï,,get married,,,,
sere-bitter-manioc,yab,sere,,bitter manioc,,,,
sojpa-take-out,yab,sojpa,,take out,,,,
sopika-skin,yab,sopika,,skin,,,,
sukase-all,yab,sukase,,all,,,,
sukutaka-yucuta,yab,sukutaka,,yucuta,,,,
surukupi-fish-sp,yab,surukupi,,fish.sp,,,,
sema-die,yab,sëma,,die,Looks like a DETRZ?,,,
tajme-ugly,yab,tajme,,ugly,,,,
tajnomo-piaroa,yab,tajnomo,,Piaroa,,,,
tajromini-bad-omen,yab,tajromini,,bad omen,,,,
tajropo-have-fever,yab,tajropo,,have fever,,,,
takono-other,yab,takono,,other,,,,
takunu-laziness,yab,takunu,,laziness,,,,
tapa-beat,yab,tapa,,beat,,,,
tarine-fast,yab,tarine,,fast,Derived with _-ne_?,,,
taro-say,yab,taro,,say,,,,
tawani-darkness,yab,tawani,,darkness,,,,
tawa-nyctidromus-albicollis,yab,tawa,,nyctidromus albicollis,,,,
tejwetunu-sick,yab,tejwetunu,,sick,,,,
temeki-defend,yab,temekï,,defend,,,,
ti-hsy,yab,ti,,HSY,,,,
tojpa-hit,yab,tojpa,,hit,,,,
tonko-play,yab,tonko,,play,,,,
torono-bird,yab,torono,,bird,,,,
torote-cemetery,yab,torotë,,cemetery,,,,
toto-non-indian,yab,toto,,non-Indian,,,,
tuj-fall,yab,tuj,,fall,,,,
tujnaka-iller,yab,tujnaka,,iller,,,,
tuna-water,yab,tuna,,water,,,,
tunami-hide,yab,tunamï,,hide,,,,
tu-give,yab,tu,,give,,,,
te-loc,yab,të,,LOC,,,,
teijpo-far,yab,tëijpo,,far; long,,,,
tejta-hollow,yab,tëjta,,hollow,,,,
tewi-3pro,yab,tëwï,,3PRO,,,,
tewisantomo-3pro-pl,yab,tëwïsantomo,,3PRO.PL,,,,
waijta-mouse,yab,waijta,,mouse,,,,
waijte-head,yab,waijtë,,head,,,,
waimu-language,yab,waimu,,language,,,,
waimu-speak,yab,waimu,,speak,,,,
wajto-fire,yab,wajto,,fire,,,,
wajyaki-happy,yab,wajyakï,,happy,,,,
wajyaki-be-happy,yab,wajyakï,,be happy,,,,
wajyama-kiss,yab,wajyama,,kiss,,,,
wanapu-savannah,yab,wanapu,,savannah,,,,
wanene-aunt,yab,wanene,,aunt,,,,
waraijtokomo-man,yab,waraijtokomo,,man,,,,
waraijto-husband,yab,waraijto,,husband,,,,
warota-work,yab,warota,,work,,,,
waruwa-hoti,yab,waruwa,,hoti,,,,
wasayi-attalea-maripa,yab,wasayi,,attalea maripa,,,,
wati-burn,yab,watï,,burn,,,,
wawe-loc-aq,yab,wawë,,LOC.AQ,,,,
weka-defecate,yab,weka,,defecate,,,,
wena-vomit,yab,wena,,vomit,,,,
wenkepi-forget,yab,wenkepï,,forget,,,,
wepi-come,yab,wepï,,come,,,,
wereta-arrive,yab,wereta,,arrive,Potentially derived with [mp](tavbz).,,,
werewere-mosquito-sp,yab,werewere,,mosquito sp.,,,,
wereyi-cloud,yab,wereyi,,cloud,,,,
weroro-dog,yab,weroro,,dog,,,,
weseyu-be-angry,yab,weseyu,,be angry,,,,
wiriyamo-woman,yab,wiriyamo,,woman,,,,
wejka-fall,yab,wëjka,,fall,,,,
wejte-go-down,yab,wëjtë,,go down,,,,
we-kill,yab,wë,,kill,,,,
winiki-sleep,yab,wïnïkï,,sleep,,,,
wire-1pro,yab,wïrë,,1PRO,,,,
ya-ra-grandchild,yab,ya'ra,,grandchild,,,,
yajno-brother-in-law-man,yab,yajno,,brother in law (man),,,,
yaka-all,yab,yaka,,ALL,,,,
yaka-dig-out,yab,yaka,,dig out,,,,
yamane-make,yab,yamanë,,make,,,,
yami-pick-up,yab,yamï,,pick up,,,,
yane-mother,yab,yanë,,mother,,,,
yaniki-call,yab,yanïkï,,call,,,,
yapijtomo-old,yab,yapijtomo,,old,Fossilized _-tomo_.,,,
yapechi-grab,yab,yapëchi,,grab,,,,
yarika-laugh,yab,yarika,,laugh,,,,
yaruwa-laugh,yab,yaruwa,,laugh,,,,
yare-bring,yab,yarë,,bring,,,,
yatane-adolescent,yab,yatanë,,adolescent,,,,
yatunu-day,yab,yatunu,,day; sun,,,,
yate-loc,yab,yatë,,LOC,,,,
yawaka-sow,yab,yawaka,,sow,,,,
yawaki-grate,yab,yawakï,,grate,,,,
yawanka-kill,yab,yawanka,,kill,,,,
yaye-loc,yab,yaye,,LOC,,,,
yemekunu-five,yab,yemekunu,,five,,,,
yeme-eat-fruits-eggs-soup,yab,yeme,,"eat (fruits, eggs, soup)",,,,
yenepe-send-away,yab,yenepe,,send away,,,,
yepema-pay,yab,yepema,,pay,Potentially derived with [mp](macaus).,,,
yojma-mix,yab,yojma,,mix,Maybe from [mp](oki-chicha) and [mp](macaus)?,,,
yojte-fish-with-hook,yab,yojtë,,fish with hook,,,,
yoko-pimple,yab,yoko,,pimple,,,,
yoki-eat-starch,yab,yokï,,eat (starch),,,,
yopo-find,yab,yopo,,find,,,,
yujwa-burn,yab,yujwa,,burn,,,,
yumpe-fairly,yab,yumpe,,fairly; much,,,,
yutu-forest,yab,yutu,,forest,,,,
ye-tooth,yab,yë,,tooth,,,,
yejpe-bone,yab,yëjpë,,bone,,,,
yempeka-offend,yab,yëmpëka,,offend,,,,
yeni-drink,yab,yëni,,drink,,,,
yene-eat-meat,yab,yënë,,eat (meat),,,,
yewuku-answer,yab,yëwuku,,answer,,,,
yeye-tree,yab,yëye,,tree,,,,
yipi-mountain,yab,yïpï,,mountain,,,,
ejpina-often,yab,ëjpïna,,often,,,,
eke-which,yab,ëkë,,which,,,,
ekere-jaguar,yab,ëkërë,,jaguar,,,,
empare-already,yab,ëmpare,,already,,,,
enuku-go-up,yab,ënuku,,go up,,,,
erine-cooking-pot,yab,ërinë,,cooking pot,,,,
etipa-go-in-group,yab,ëtïpa,,go in group,,,,
ya-erg,yab,ya,,ERG,,,,
ya-obl,yab,ya,,OBL,,,,
ma-rst,yab,ma,,RST,,,,
re-emp,yab,rë,,EMP,,,,
yawe-loc,yab,yawë,,LOC,,,,
pinika-prob,yab,pïnika,,PROB,,,,
taki-cnfrm,yab,takï,,CNFRM,,,,
tawara-too,yab,tawara,,too,,,,
chiyawe-when,yab,chiyawë,,when,,,,
kwase-how,yab,kwase,,how,,,,
pirare-neg-exist,yab,pïrarë,,NEG.EXIST,,,,
chi-cop,yab,chi,,COP,*eti,,,
ne-ints,yab,ne,,INTS,A clitic.,,,
neke-cntr,yab,neke,,CNTR,,,,
ee-yes,yab,ëʼë,,yes,,,,
taji-foc,yab,taji,,FOC,A Piaroan loanword?,,,
ire-3ana-inan,yab,irë,,3ANA.INAN,,,,
ijte-there,yab,ijtë,,there,,,,
pinire-neg,yab,pïnirë,,NEG,Prominently used in nonverbal predication.,,,
waraij-like,yab,waraij,,like,,,,
maniki-rel-anim,yab,manïkï,,REL.ANIM,,,,
te-go,yab,të,,go,Irregularly inflected.,,,
ke-ins,yab,ke,,INS,,,,
ewenke-ignorant,yab,ewenke,,ignorant,,,,
wara-thus,yab,wara,,thus,,,,
suku-urine,yab,suku,,urine,,,,
mesuku-blood,yab,mesuku,,blood,-tu PERT,,,
enka-finish,yab,ënka,,finish,,,,
enejka-watch,yab,enejka,,watch,,,,
tawejka-dawn,yab,tawejka,,dawn,,,,
aniki-who,yab,anïkï,,who,,,,
ka-say,yab,ka,,say,,,,
iwiti-house,yab,ïwïtï,,house,,,,
tawaja-thus-neg,yab,tawaja,,thus.NEG,"Looks suspiciously like [mp](tawara-too) and [mp](janeg), but the combination would be unexpected.",,,
kanta-sing,yab,kanta,,sing,,,,
soj-splash,yab,soj,,splash,,,,
aaa-ah,yab,aaa,,ah,,,,
ekete-where,yab,ëkëtë,,where,,,,
eki-chicha,yab,ëkï,,chicha,,,,
womi-enter,yab,womï,,enter,,,,
ta-like,yab,ta,,like,,,,
nwa-thus,yab,nwa,,thus,,,,
ejka-right,yab,ëjka,,right,,,,
sakunkai-s,yab,sakunkai,,S.,,,,
i-put,yab,i,,put,,,,
kij-ugh,yab,kïj,,ugh,,,,
ajaja-hahaha,yab,ajaja,,hahaha,,,,
peremeki-talk,yab,përemekï,,talk,,,,
narepe-part,yab,narëpe,,PART,Rhetorical question?,,,
pare-also,yab,parë,,also,,,,
sa-eval,yab,sa,,EVAL,,,,
yekerema-boast-sexually,yab,yekerema,,boast sexually,,,,
sukuri-silently,yab,sukuri,,silently,,,,
yare-alone,yab,yarë,,alone,,,,
mmm-yes,yab,mmm,,yes,,,,
wera-like,yab,wëra,,like,,,,
po-loc,yab,po,,LOC,,,,
tewijna-there-ana,yab,tëwïjna,,there.ANA,Potentially morphologically complex; related to [mp](tewi-3pro)?,,,
kwa-how,yab,kwa,,how,,,,
meki-3-anim-dist,yab,mëkï,,3.ANIM.DIST,,,,
ese-name,yab,ese,,name,,,,
me-pol,yab,me,,POL,Politeness?,,,
awata-surp,yab,awata,,SURP,'dunno’,,,
se-eval,yab,se,,EVAL,,,,
empami-learn,yab,ëmpamï,,learn,,,,
yakucho-p-a,yab,yakucho,,P. A.,,,,
pedrito-p,yab,pedrito,,P.,,,,
kuruj-k,yab,kuruj,,K.,,,,
akino-younger-brother,yab,akino,,younger brother,,,,
eee-hey,yab,eee,,hey,,,,
pajarito-p,yab,pajarito,,P.,,,,
yakara-believe,yab,yakara,,believe,,,,
tamanaku-t,yab,tamanaku,,T.,,,,
irario-h,yab,irario,,H.,,,,
miro-m,yab,mïro,,M.,,,,
pupuri-bactris-gasipaes,yab,pupuri,,Bactris gasipaes,,,,
pijiguao-bactris-gasipaes,yab,pijiguao,,Bactris gasipaes,,,,
awo-uncle,yab,awo,,uncle; father in law,,,,kinship
ejwe-hammock,yab,ejwe,,hammock,,,,
yakete-cut,yab,yakëtë,,cut,,,,
enrike-e,yab,enrike,,E.,,,,
kayupare-k,yab,kayupare,,K.,,,,
parangana-pot,yab,parangana,,pot,Spanish loan.,,,
tampa-become-angry,yab,tampa,,become angry,,,,
nanka-find,yab,nanka,,find,,,,
akono-younger-sister-of-woman,yab,akono,,younger sister of woman,,,,
kano-c,yab,kaño,,C.,,,,
chiwapure-c,yab,chiwapure,,C.,,,,
nwa-glute,yab,nwa,,glute,,,,
ejne-below,yab,ëjnë,,below,,,,
neto-n,yab,neto,,N.,,,,
erepunu-sick,yab,erepunu,,sick,,,,
antonio-a,yab,antonio,,A.,,,,
sarampion-measles,yab,sarampion,,measles,Spanish loan.,,,
pini-neg,yab,pïni,,NEG,,,,
santo-s,yab,santo,,S.,,,,
melicio-m,yab,melicio,,M.,,,,
joti-hoti,yab,joti,,hoti,,,,
akere-relative,yab,akërë,,relative,,,,
kawaratu-k,yab,kawaratu,,K.,,,,
u-starchy-food,yab,u,,starchy food,,,,
wintika-disappear,yab,wintika,,disappear,,,,
javier-j,yab,javier,,J.,,,,
wanita-j,yab,wanita,,J.,,,,
sawankuwi-die,yab,sawankuwi,,die,,,,
yawarana-yawarana,yab,yawarana,,Yawarana,,,,
kukurito-k,yab,kukurito,,K.,,,,
wine-from,yab,winë,,from,,,,
kunawo-brother-in-law,yab,kuñawo,,brother in law,Spanish loan.,,,
yamuwati-y,yab,yamuwati,,Y.,,,,
merisiyo-m,yab,merisiyo,,M.,,,,
kanejte-weave,yab,kanejtë,,weave,Maybe with [mp](jtevbz)?,,,
indigena-indigenous-person,yab,indigena,,indigenous person,,,,
pekepene-alone,yab,pëkëpene,,alone,,,,
margarita-m,yab,margarita,,M.,,,,
kajwe-coffee,yab,kajwe,,coffee,Spanish loan.,,,
kapitan-chief,yab,kapitan,,chief,Spanish loan.,,,
are-leaf,yab,are,,leaf; hair,,,,
piuj-rustle,yab,piuj,,rustle,,,,
julieta-j,yab,julieta,,J.,,,,
ron-rum,yab,ron,,rum,Spanish loan.,,,
pike-when,yab,pïkë,,when,,,,
toma-t,yab,toma,,T.,,,,
peremeki-speak,yab,peremekï,,speak,,,,
sanaka-heal,yab,sanaka,,heal,,,,
ijiji-ijiji,yab,ïjïjï,,ïjïjï,,,,
mjm-yes,yab,mjm,,yes,,,,
sempinuku-close-eyes,yab,sëmpinuku,,close eyes,,,,
chuk-smack,yab,chuk,,smack,,,,
yolanda-y,yab,yolanda,,Y.,,,,
pe-ess,yab,pe,,ESS,,,,
kerejpe-old,yab,kërëjpë,,old,Looks like a lexicalized *-jpë*.,,,
kere-old,yab,kërë,,old,Bound root?,,,
enu-eye,yab,ënu,,eye,,,,
emekunu-hand,yab,emekunu,,hand,,,,
ere-liver,yab,ere,,liver,,,,
oti-meat,yab,oti,,meat,,,,
ena-nose,yab,ëna,,nose,,,,
echi-smoke,yab,ëchi,,smoke,,,,
tepu-stone,yab,tëpu,,stone,,,,
ape-arm-wing,yab,apë,,"arm, wing",,,,
yeremutu-ash,yab,yeremutu,,ash,,,,
kanawa-canoe,yab,kanawa,,canoe,,,,
kemichini-be-cold,yab,këmïchini,,be cold,,,,
yakuri-agouti,yab,yakuri,,agouti,,,,
makampra-aunt,yab,makampra,,aunt,older sister of mother,,,
yemi-be-hungry,yab,yëmï,,be hungry,,,,
ijmojka-cook,yab,ijmojka,,cook,,,,
padrastro-stepfather,yab,padrastro,,stepfather,,,,
rafa-r,yab,rafa,,R.,,,,
perez-p,yab,perez,,P.,,,,
akere-with,yab,akërë,,with,,,,
ka-all,yab,ka,,ALL,,,,
maijte-go-imp,yab,maijtë,,go.IMP,,,,
ammm-um,yab,ammm,,um,,,,
ejnomo-ejnomo,yab,ejnomo,,ejnomo,mother of the water,,,
chipokono-because,yab,chipokono,,because,etymologically COP=about(-NMLZ),,,
kontomopl,yab,kontomo,,PL,Often encliticized.,,,
enirepeke-recently,yab,enirëpëke,,recently,,,,
pinita-neg,yab,pïnita,,NEG,only attested after in-chaj 'see-PFV',,,
jnepl,yab,=jne,,PL,A clitic.,,,
meresantomo-med-inan-pl,yab,mërësantomo,,MED.INAN.PL,,,,
mete-thin,yab,mëtë,,thin,,,,
erepi-scare,yab,erepi,,scare,,,,
katupu-pile-up,yab,katupu,,pile up,,,,
keya-big,yab,këya,,big?,,,,
kiri-thicken,yab,kïrï,,thicken,,,,
pecv-witch,yab,peCV,,witch,,,,
yajwe-become-sweet,yab,yajwe,,become sweet,,,,
yapi-become-worse,yab,yapi,,become worse,,,,
yatu-become-warm,yab,yatu,,become warm,,,,
yere-eat,yab,yere,,eat,,,,
ereka-tire,yab,ereka,,tire,,,,
secv-dream,yab,seCV,,dream,,,,
apeti-grab,yab,apëti,,grab,,,,
tejpo-taste,yab,tejpo,,taste,,,,
tapi-redness,yab,tapi,,redness,,,,
pochi-smell,yab,pochi,,smell,,,,
macv-thin,yab,maCV,,thin,,,,
pai-full,yab,pai,,full,,,,
