ID,Language_ID,Name,Description,Segments,Morpheme_ID,Parameter_ID,Comment,Source,Part_Of_Speech
i31,yab,i-,,i,i3,3,,,
ij3,yab,ij-,,i h,i3,3,Irregular allomorph on ‘to go’.,,
janeg,yab,-ja,,h a,janeg,NEG,,,
keimp,yab,-kë,,k ə,keimp,IMP,,,
kempinire,yab,-kempïnirë,,k e m p ɨ n i r ə,kempinire,PTCP.NZR.GNO:NEG,,,
ma,yab,ma,,m a,ma,RESTR,,,
me2,yab,më-,,m ə,me2,2,,,
pokobecause,yab,poko,,p o k o,pokobecause,because,,,
sareimn,yab,-sarë,,s a r ə,sareimn,IMN,,,
ta-3,yab,ta-,,t a,ta-3,3P; 3,,,
te-3,yab,të-,,t ə,ta-3,3P; 3,,,
t-3,yab,t-,,t,ta-3,3P; 3,,,
it3,yab,t-,,t,i3,3,,,
tamotimp,yab,-ta,,t a,tamotimp,MOTIMP,,,
tepeke,yab,-tëpëkë,,t ə p ə k ə,nepeke,PROG.INTR,,,
nepeke,yab,-nëpëkë,,n ə p ə k ə,nepeke,PROG.INTR,,,
tikenepost,yab,-tïkene,,t ɨ k e n e,tikenepost,POST,,,
tojpefut,yab,-tojpe,,t o h p e,tojpefut,FUT,,,
tomopl,yab,-tomo,,t o m o,tomopl,PL,,,
tonpl,yab,-ton,,t o n,tomopl,PL,,,
tompl,yab,-tom,,t o m,tomopl,PL,,,
u1,yab,u-,,u,u1,1,,,
ylk,yab,y-,,j,ylk,LK,,,
e2,yab,ë-,,ə,a2,2,,,
a2,yab,a-,,a,a2,2,,,
jnarineg,yab,-jnari,,h n a r i,jnarineg,NEG,,,
tenpert,yab,-të,,t ə,tenpert,NPERT,,,
tipert,yab,-ti,,t i,tipert,PERT,,,
jpert,yab,-j,,h,tipert,PERT,,,
o2,yab,o-,,o,a2,2,,,
ri-zero,yab,-∅,,,riipfv,IPFV,,,
ri,yab,-ri,,r i,riipfv,IPFV,,,
ri-ri,yab,-rï,,r ɨ,riipfv,IPFV,,,
ri-ru,yab,-ru,,r u,riipfv,IPFV,,,
sepst,yab,-se,,s e,sepst,PST,,,
jpepst1,yab,-jpë,,h p ə,jpepst,PST,,,
sapepfv,yab,-sapë,,s a p ə,sapepfv,PFV,,,
sajpfv,yab,-saj,,s a h,sapepfv,PFV,,,
ripert,yab,-ri,,r i,rupert,PERT,,,
rupert,yab,-ru,,r u,rupert,PERT,,,
pikeprog,yab,-pïkë,,p ɨ k ə,pekeprog,PROG.TR,,,
pekeprog,yab,-pëkë,,p ə k ə,pekeprog,PROG.TR,,,
chepst,yab,-che,,t͡ʃ e,sepst,PST,,,
jramaproh,yab,-jrama,,h r a m a,jramaproh,PROH,,,
ripocntf,yab,-ripo,,r i p o,ripocntf,CNTF,,,
yeperl,yab,-ye,,j e,yeperl,ADVZ,,,
rupert-zero,yab,-∅,,,rupert,PERT,,,
tojpanofut,yab,-tojpano,,t o h p a n o,tojpanofut,FUT.CONCL,,,
tepl,yab,-të,,t ə,tepl,PL,,,
ihort,yab,-i,,i,ihort,HORT,,,
rypert,yab,-rï,,r ɨ,rupert,PERT,,,
chareimn,yab,-charë,,t͡ʃ a r ə,sareimn,IMN,,,
ej12,yab,ej-,,e h,ej12,1+2,,,
ipert,yab,-i,,i,ipert,PERT,,,
ripoirr,yab,-ripo,,r i p o,ripoirr,IRR,,,
anonmlz,yab,-ano,,a n o,anonmlz,NMLZ,,,
nanmlz,yab,-na,,n a,anonmlz,NMLZ,,,
annmlz,yab,-an,,a n,anonmlz,NMLZ,,,
nnmlz,yab,-n,,n,anonmlz,NMLZ,,,
nonmlz,yab,-no,,n o,anonmlz,NMLZ,,,
dt1,yab,ëj-,,ə h,dt1,DETRZ,,,
dt2,yab,s-,,s,dt2,DETRZ,,,
dt3,yab,at-,,a t,dt3,DETRZ,,,
dt4,yab,a-,,a,dt3,DETRZ,,,
dt5,yab,es-,,e s,dt2,DETRZ,,,
dt6,yab,oj-,,o h,dt1,DETRZ,,,
dt7,yab,ësë-,,ə s ə,dt1,DETRZ,,,
jpenmlz,yab,-jpë,,h p ə,jpenmlz,PST.ACNNMLZ,,,
jtevbz,yab,-jtë,,h t ə,jtevbz,VBZ.TR,,,
kavbz,yab,-ka,,k a,kavbz,VBZ.TR,,,
keprop,yab,-ke,,k e,keprop,PROP,,,
macaus,yab,-ma,,m a,macaus,CAUS,,,
minmlz,yab,-mï,,m ɨ,minmlz,NMLZ,,,
mnmlz,yab,-m,,m,minmlz,NMLZ,,,
neadvz,yab,-ne,,n e,neadvz,ADVZ,,,
neinf,yab,-në,,n ə,neinf,INF,,,
teinf,yab,-të,,t ə,neinf,INF,,,
ninmlz,yab,-ni,,n i,ninmlz,AGTNMLZ,,,
nnmlzpre,yab,n-,,n,nnmlzpre,P.NMLZ,,,
pocaus,yab,-po,,p o,pocaus,CAUS,,,
plur1,yab,-pëti,,p ə t i,petiplur,PLUR,,,
plur2,yab,-pëj,,p ə h,petiplur,PLUR,Syllable reduction,,
pijkedim,yab,-pïjkë,,p ɨ h k ə,pijkedim,DIM,,,
pininmlz,yab,-pïnï,,p ɨ n ɨ,pininmlz,PRIV.NMLZ,,,
podes,yab,-po,,p o,podes,DES,,,
readvz,yab,-re,,r e,readvz,ADVZ,,,
rinmlz,yab,-ri,,r i,rinmlz,ACNNMLZ,,,
rinmlz-zero,yab,-∅,,,rinmlz,ACNNMLZ,,,
chajnmlz,yab,-chaj,,t͡ʃ a h,sapenmlz,ABS.NMLZ,,,
sajnmlz,yab,-saj,,s a h,sapenmlz,ABS.NMLZ,,,
sapenmlz,yab,-sapë,,s a p ə,sapenmlz,ABS.NMLZ,,,
sarecvb,yab,-sarë,,s a r ə,sarecvb,CVB,,,
cheptcp,yab,-che,,t͡ʃ e,septcp,PTCP; SUP,,,
septcp,yab,-se,,s e,septcp,PTCP; SUP,,,
tanecncs,yab,-tane,,t a n e,tanecncs,CNCS,,,
tavbz,yab,-ta,,t a,tavbz,VBZ.INTR,,,
tojpepurp,yab,-tojpe,,t o h p e,tojpepurp,PURP,,,
tojnmlz,yab,-toj,,t o h,toponmlz,CIRC.NMLZ,,,
toponmlz,yab,-topo,,t o p o,toponmlz,CIRC.NMLZ,,,
yeadvz,yab,-ye,,j e,yeadvz,ADVZ,,,
tprop,yab,t-,,t,tprop,PROP,,,
imifather-1,yab,ïmï,,ɨ m ɨ,imi-father,father,1,,
imifather-2a,yab,më,,m ə,imi-father,father,2,,
imifather-3,yab,mu,,m u,imi-father,father,3,,
imifather-2b,yab,mo,,m o,imi-father,father,2,,
achi-wilderness,yab,achi,,a t͡ʃ i,achi-wilderness,wilderness,,,
aijkorono-recovered,yab,aijkorono,,a i h k o r o n o,aijkorono-recovered,recovered,,,
ajpachi-undergrowth,yab,ajpachi,,a h p a t͡ʃ i,ajpachi-undergrowth,undergrowth,,,
ajyu-tucuma-palm,yab,ajyu,,a h j u,ajyu-tucuma-palm,tucuma (palm),,,
aka-ouch-cry-of-pain,yab,aka,,a k a,aka-ouch-cry-of-pain,ouch (cry of pain),,,
ako-pylon,yab,ako,,a k o,ako-pylon,pylon,,,
aki-worm,yab,akï,,a k ɨ,aki-worm,worm; maggot,,,
amaka-sweet-yucca,yab,amaka,,a m a k a,amaka-sweet-yucca,sweet yucca,,,
amu-ripeness,yab,amu,,a m u,amu-ripeness,ripeness,,,
ami-unidentified-plant,yab,amï,,a m ɨ,ami-unidentified-plant,unidentified plant,,,
ana-1-3pro,yab,ana,,a n a,ana-1-3pro,1+3PRO,,,
anaijke-wild-pineapple-sp,yab,anaijkë,,a n a i h k ə,anaijke-wild-pineapple-sp,wild pineapple sp.,,,
anake-ant-sp,yab,anakë,,a n a k ə,anake-ant-sp,ant sp.,,,
anau-ant-sp,yab,anau,,a n a u,anau-ant-sp,ant sp.,,,
anoto-annatto,yab,anoto,,a n o t o,anoto-annatto,annatto,,,
anta-island,yab,anta,,a n t a,anta-island,island,,,
ante-fish-hook,yab,antë,,a n t ə,ante-fish-hook,fish hook,,,
apa-decrease,yab,apa,,a p a,apa-decrease,decrease,,,
apereku-ceiba,yab,apereku,,a p e r e k u,apereku-ceiba,ceiba,,,
aperemu-chrysalis,yab,aperemu,,a p e r e m u,aperemu-chrysalis,chrysalis,,,
api-ripeness,yab,api,,a p i,api-ripeness,ripeness,,,
apo-later,yab,apo,,a p o,apo-later,later; meanwhile,,,
aponte-seat,yab,apontë,,a p o n t ə,aponte-seat,seat; nest,,,
apuni-soap,yab,apuni,,a p u n i,apuni-soap,soap,,,
apemiti-bracelet,yab,apëmïti,,a p ə m ɨ t i,apemiti-bracelet,bracelet,,,
arajmate-dangerous,yab,arajmatë,,a r a h m a t ə,arajmate-dangerous,dangerous,,,
arata-horned-beetle,yab,arata,,a r a t a,arata-horned-beetle,horned beetle,,,
arauruku-wild-grape-sp,yab,arauruku,,a r a u r u k u,arauruku-wild-grape-sp,wild grape sp.,,,
araway-wild-pineapple-sp,yab,araway,,a r a w a j,araway-wild-pineapple-sp,wild pineapple sp.,,,
araya-monkey-spider,yab,araya,,a r a j a,araya-monkey-spider,monkey spider,,,
arina-trembler,yab,arina,,a r i n a,arina-trembler,trembler,,,
aro-rice,yab,aro,,a r o,aro-rice,rice,,,
arojpete-garbage,yab,arojpëtë,,a r o h p ə t ə,arojpete-garbage,garbage,,,
arokate-difficult,yab,arokatë,,a r o k a t ə,arokate-difficult,difficult,,,
aroma-limpet,yab,aroma,,a r o m a,aroma-limpet,limpet,,,
aropoko-ball-game,yab,aropoko,,a r o p o k o,aropoko-ball-game,ball game,,,
asakontompene-four,yab,asakontompene,,a s a k o n t o m p e n e,asakontompene-four,four,,,
asake-two,yab,asakë,,a s a k ə,asake-two,two,,,
asare-get-stuck,yab,asarë,,a s a r ə,asare-get-stuck,get stuck,,,
asere-dry-cough,yab,asere,,a s e r e,asere-dry-cough,dry cough,,,
asuka-sugar,yab,asuka,,a s u k a,asuka-sugar,sugar,,,
ati-what,yab,ati,,a t i,ati-what,what,,,
ati-plot-of-cultivated-land,yab,ati,,a t i,ati-plot-of-cultivated-land,plot of cultivated land,,,
ati-plot-of-cultivated-land-1,yab,atï,,a t ɨ,ati-plot-of-cultivated-land,plot of cultivated land,,,
awajpe-mountain-eagle,yab,awajpë,,a w a h p ə,awajpe-mountain-eagle,mountain eagle,,,
awarake-wasp-sp,yab,awarakë,,a w a r a k ə,awarake-wasp-sp,wasp sp.,,,
awochi-tumor,yab,awochi,,a w o t͡ʃ i,awochi-tumor,tumor,,,
chai-son-voc,yab,chai,,t͡ʃ a i,chai-son-voc,son (voc.),,,
chijchipu-body-movement,yab,chijchipu,,t͡ʃ i h t͡ʃ i p u,chijchipu-body-movement,body movement,,,
chika-bite,yab,chika,,t͡ʃ i k a,chika-bite,bite,,,
chike-chigger,yab,chikë,,t͡ʃ i k ə,chike-chigger,chigger,,,
chima-path,yab,chima,,t͡ʃ i m a,chima-path,path,,,
chimichimi-worm-dog,yab,chimichimi,,t͡ʃ i m i t͡ʃ i m i,chimichimi-worm-dog,worm (dog),,,
chipiyu-fungus-sp,yab,chipiyu,,t͡ʃ i p i j u,chipiyu-fungus-sp,fungus.sp,,,
chiramu-mange,yab,chiramu,,t͡ʃ i r a m u,chiramu-mange,mange,,,
chirike-star,yab,chirikë,,t͡ʃ i r i k ə,chirike-star,star,,,
chiri-titi-monkey,yab,chiri,,t͡ʃ i r i,chiri-titi-monkey,titi monkey,,,
chiri-wild-pineapple,yab,chiri,,t͡ʃ i r i,chiri-wild-pineapple,wild pineapple,,,
chiyakono-friend,yab,chiyakono,,t͡ʃ i j a k o n o,chiyakono-friend,friend,,,
chiyakon-friend,yab,chiyakon,,t͡ʃ i j a k o n,chiyakono-friend,friend,,,
chiyakom-friend,yab,chiyakom,,t͡ʃ i j a k o m,chiyakono-friend,friend,,,
chekey-nit,yab,chëkëy,,t͡ʃ ə k ə j,chekey-nit,nit,,,
ejne-1-2pro,yab,ejnë,,e h n ə,ejne-1-2pro,1+2PRO,,,
eni-prox-inan,yab,eni,,e n i,eni-prox-inan,PROX.INAN,Are these actually allomorphs?,,
seni-prox-inan,yab,seni,,s e n i,eni-prox-inan,PROX.INAN,Are these actually allomorphs?,,
en-prox-inan,yab,en,,e n,eni-prox-inan,PROX.INAN,Are these actually allomorphs?,,
enijne-prox-inan-pl,yab,enijne,,e n i h n e,enijne-prox-inan-pl,PROX.INAN.PL,Also *enisantomo*?,,
enijpete-one,yab,enijpëtë,,e n i h p ə t ə,enijpete-one,one,,,
enire-now,yab,enirë,,e n i r ə,enire-now,now; today,,,
eniro-now,yab,eniro,,e n i r o,enire-now,now; today,,,
entono-from-here,yab,entono,,e n t o n o,entono-from-here,from here,,,
ente-here-loc,yab,entë,,e n t ə,ente-here-loc,here.LOC,,,
epe-escape,yab,epe,,e p e,epe-escape,escape; hide and seek,,,
eretapi-cultivated-plant,yab,eretapi,,e r e t a p i,eretapi-cultivated-plant,cultivated plant,,,
ewine-here-all,yab,ewinë,,e w i n ə,ewine-here-all,here.ALL,,,
ijmoy-egg,yab,ijmoy,,i h m o j,ijmoy-egg,egg,,,
ijpu-summit,yab,ijpu,,i h p u,ijpu-summit,summit,,,
inawe-have,yab,inawë,,i n a w ə,inawe-have,have,,,
ini-see,yab,ini,,i n i,ini-see,see,,,
in-see,yab,in,,i n,ini-see,see,,,
ene-see,yab,ene,,e n e,ini-see,see,,,
intipijke-small,yab,intipijkë,,i n t i p i h k ə,intipijke-small,small,? + [](morphemes.csv#cldf:pijkedim),,
iriyawe-then,yab,iriyawë,,i r i j a w ə,iriyawe-then,then,,,
irejpe-then,yab,irëjpë,,i r ə h p ə,irejpe-then,then,,,
ita-hear,yab,ita,,i t a,ita-hear,hear,,,
iyajtepe-before,yab,iyajtëpe,,i j a h t ə p e,iyajtepe-before,before,,,
iyajte-care-for,yab,iyajtë,,i j a h t ə,iyajte-care-for,care for,,,
jta-foot,yab,jta,,h t a,jta-foot,foot,,,
jwaka-ill-aq,yab,jwaka,,h w a k a,jwaka-ill-aq,ILL.AQ; LOC.AQ,,,
ka-q,yab,ka,,k a,ka-q,Q,,,
kaimo-game,yab,kaimo,,k a i m o,kaimo-game,game,,,
kamere-lightning,yab,kamere,,k a m e r e,kamere-lightning,lightning,,,
kampara-big,yab,kampara,,k a m p a r a,kampara-big,big,,,
kampra-big,yab,kampra,,k a m p r a,kampara-big,big,,,
kamwiyajka-change,yab,kamwiyajka,,k a m w i j a h k a,kamwiyajka-change,change,,,
kapau-dasypus-novemcinctus,yab,kapau,,k a p a u,kapau-dasypus-novemcinctus,dasypus novemcinctus,,,
karasake-white,yab,karasake,,k a r a s a k e,karasake-white,white,Probably contains [mp](keprop).,,
ka-take-out,yab,ka,,k a,ka-take-out,take out,,,
kasajpe-fruit-pit,yab,kasajpë,,k a s a h p ə,kasajpe-fruit-pit,fruit pit,,,
kaso-fat,yab,kaso,,k a s o,kaso-fat,fat,,,
kawono-high,yab,kawono,,k a w o n o,kawono-high,high,,,
kawon-high,yab,kawon,,k a w o n,kawono-high,high,,,
kawe-high,yab,kawë,,k a w ə,kawe-high,high,,,
kayami-louse,yab,kayamï,,k a j a m ɨ,kayami-louse,louse,,,
kaya-barbasco,yab,kaya,,k a j a,kaya-barbasco,barbasco,,,
kaya-gourd,yab,kaya,,k a j a,kaya-gourd,gourd,,,
kejkepe-salamander,yab,kejkepe,,k e h k e p e,kejkepe-salamander,salamander,,,
kinta-become-tired,yab,kinta,,k i n t a,kinta-become-tired,become tired,,,
kocha-tail,yab,kocha,,k o t͡ʃ a,kocha-tail,tail,,,
kojpa-night,yab,kojpa,,k o h p a,kojpa-night,night,,,
konopo-rain,yab,konopo,,k o n o p o,konopo-rain,rain,,,
ko-brassolis-sophorae,yab,ko,,k o,ko-brassolis-sophorae,brassolis sophorae,,,
kori-brassolis-sophorae,yab,korï,,k o r ɨ,ko-brassolis-sophorae,brassolis sophorae,,,
korokoro-c,yab,korokoro,,k o r o k o r o,korokoro-c,C.,,,
kuku-answer,yab,kuku,,k u k u,kuku-answer,answer,,,
kune-cook,yab,kunë,,k u n ə,kune-cook,cook,,,
kuno-cook,yab,kuno,,k u n o,kune-cook,cook,,,
kuru-prochilodus-mariae,yab,kuru,,k u r u,kuru-prochilodus-mariae,prochilodus mariae,,,
kuruwa-coroba-palm,yab,kuruwa,,k u r u w a,kuruwa-coroba-palm,coroba palm,,,
kuya-tree-sp,yab,kuya,,k u j a,kuya-tree-sp,tree.sp,,,
kuyuwi-bird-sp,yab,kuyuwi,,k u j u w i,kuyuwi-bird-sp,bird.sp,,,
kejma-hunt,yab,këjma,,k ə h m a,kejma-hunt,hunt,,,
kemu-pus,yab,këmu,,k ə m u,kemu-pus,pus,,,
kere-prox-anim,yab,kërë,,k ə r ə,kere-prox-anim,PROX.ANIM,,,
keresantomo-prox-anim-pl,yab,kërësantomo,,k ə r ə s a n t o m o,keresantomo-prox-anim-pl,PROX.ANIM.PL,,,
keta-stink,yab,këta,,k ə t a,keta-stink,stink,,,
ketejwate-cotton,yab,këtëjwatë,,k ə t ə h w a t ə,ketejwate-cotton,cotton,,,
keya-think,yab,këya,,k ə j a,keya-think,think,,,
kimiy-chili,yab,kïmïy,,k ɨ m ɨ j,kimiy-chili,chili,,,
kimii-chili,yab,kïmïi,,k ɨ m ɨ i,kimiy-chili,chili,,,
kiripi-go-out,yab,kïrïpï,,k ɨ r ɨ p ɨ,kiripi-go-out,go out,,,
majawa-m,yab,majawa,,m a h a w a,majawa-m,M.,,,
majpe-m,yab,majpë,,m a h p ə,majpe-m,M.,,,
maka-ceiba-pentandra,yab,maka,,m a k a,maka-ceiba-pentandra,ceiba pentandra,,,
makarike-cayman,yab,makarikë,,m a k a r i k ə,makarike-cayman,cayman,,,
makuyupi-catfish-sp,yab,makuyupi,,m a k u j u p i,makuyupi-catfish-sp,catfish.sp,,,
make-mom,yab,makë,,m a k ə,make-mom,mom,,,
mapara-chicken,yab,mapara,,m a p a r a,mapara-chicken,chicken,,,
mare-rel-inan,yab,marë,,m a r ə,mare-rel-inan,REL.INAN,,,
mare-rel-inan-1,yab,mare,,m a r e,mare-rel-inan,REL.INAN,,,
mare-still,yab,marë,,m a r ə,mare-still,still,,,
mare-still-1,yab,mare,,m a r e,mare-still,still,,,
mati-breast,yab,mati,,m a t i,mati-breast,breast,,,
mayawaka-m,yab,mayawaka,,m a j a w a k a,mayawaka-m,M.,,,
mayi-lets-go,yab,mayi,,m a j i,mayi-lets-go,let’s go,,,
mai-lets-go,yab,mai,,m a i,mayi-lets-go,let’s go,,,
mejya-cover,yab,mejya,,m e h j a,mejya-cover,cover,,,
michi-med-anim,yab,michi,,m i t͡ʃ i,michi-med-anim,MED.ANIM,,,
michisantomo-med-inan-pl,yab,michisantomo,,m i t͡ʃ i s a n t o m o,michisantomo-med-inan-pl,MED.INAN.PL,,,
michitomo-med-inan-pl,yab,michitomo,,m i t͡ʃ i t o m o,michitomo-med-inan-pl,MED.INAN.PL,,,
misi-med-inan,yab,misi,,m i s i,misi-med-inan,MED.INAN,,,
miti-root,yab,miti,,m i t i,miti-root,root; vein,,,
mone-vagina,yab,mone,,m o n e,mone-vagina,vagina,,,
moneka-girl-voc,yab,moneka,,m o n e k a,moneka-girl-voc,girl.VOC,,,
monkontomo-2pl-pro,yab,monkontomo,,m o n k o n t o m o,monkontomo-2pl-pro,2PL.PRO,,,
mokontomo-2pl-pro,yab,mokontomo,,m o k o n t o m o,monkontomo-2pl-pro,2PL.PRO,,,
mekontomo-2pl-pro,yab,mëkontomo,,m ə k o n t o m o,monkontomo-2pl-pro,2PL.PRO,,,
montomo-2pl-pro,yab,montomo,,m o n t o m o,monkontomo-2pl-pro,2PL.PRO,,,
mokontom-2pl-pro,yab,mokontom,,m o k o n t o m,monkontomo-2pl-pro,2PL.PRO,,,
mokonton-2pl-pro,yab,mokonton,,m o k o n t o n,monkontomo-2pl-pro,2PL.PRO,,,
moroko-fish,yab,moroko,,m o r o k o,moroko-fish,fish,,,
morone-hurting,yab,morone,,m o r o n e,morone-hurting,hurting,,,
moroni-pain,yab,moroni,,m o r o n i,moroni-pain,pain,,,
moron-pain,yab,moron,,m o r o n,moroni-pain,pain,,,
morono-poison,yab,morono,,m o r o n o,morono-poison,poison,,,
moto-worm,yab,moto,,m o t o,moto-worm,worm,,,
moyochi-spider-sp,yab,moyochi,,m o j o t͡ʃ i,moyochi-spider-sp,spider (sp.),,,
mujna-grave,yab,mujna,,m u h n a,mujna-grave,grave,,,
mujyane-pregnancy,yab,mujyanë,,m u h j a n ə,mujyane-pregnancy,pregnancy,,,
mujyam-pregnancy,yab,mujyam,,m u h j a m,mujyane-pregnancy,pregnancy,,,
muku-child,yab,muku,,m u k u,muku-child,child,,,
mune-bulbous,yab,mune,,m u n e,mune-bulbous,bulbous,,,
munta-budding,yab,munta,,m u n t a,munta-budding,budding,,,
mejki-dist-anim,yab,mëjkï,,m ə h k ɨ,mejki-dist-anim,DIST.ANIM,,,
mejnijne-dist-inan-pl,yab,mëjnijne,,m ə h n i h n e,mejnijne-dist-inan-pl,DIST.INAN.PL,,,
mejni-dist-inan,yab,mëjnï,,m ə h n ɨ,mejni-dist-inan,DIST.INAN,,,
meni-dist-inan,yab,mënï,,m ə n ɨ,mejni-dist-inan,DIST.INAN,,,
mekisantomo-dist-anim-pl,yab,mëkïsantomo,,m ə k ɨ s a n t o m o,mekisantomo-dist-anim-pl,DIST.ANIM.PL,,,
mere-2pro,yab,mërë,,m ə r ə,mere-2pro,2PRO,,,
mere-med-inan,yab,mërë,,m ə r ə,mere-med-inan,MED.INAN,,,
mijna-there-all,yab,mïjna,,m ɨ h n a,mijna-there-all,there.ALL,,,
minte-there-loc,yab,mïntë,,m ɨ n t ə,minte-there-loc,there.LOC,,,
mira-priodontes-maximus,yab,mïra,,m ɨ r a,mira-priodontes-maximus,priodontes maximus,,,
nai-do,yab,nai,,n a i,nai-do,do,,,
naij-do,yab,naij,,n a i h,nai-do,do,,,
najmo-grandmother,yab,najmo,,n a h m o,najmo-grandmother,grandmother,,,
najpi-grandfather,yab,najpï,,n a h p ɨ,najpi-grandfather,grandfather,,,
najwata-harbor,yab,najwata,,n a h w a t a,najwata-harbor,harbor,,,
naki-thirst,yab,naki,,n a k i,naki-thirst,thirst,,,
nata-door,yab,nata,,n a t a,nata-door,door,,,
nepi-bring,yab,nepï,,n e p ɨ,nepi-bring,bring,,,
nej-bring,yab,nej,,n e h,nepi-bring,bring,,,
nono-earth,yab,nono,,n o n o,nono-earth,earth,,,
nope-good,yab,nope,,n o p e,nope-good,good,,,
nop-good,yab,nop,,n o p,nope-good,good,,,
noro-parrot-sp,yab,noro,,n o r o,noro-parrot-sp,parrot.sp,,,
noti-potential-partner,yab,noti,,n o t i,noti-potential-partner,potential partner; cross cousin,,,
nta-mouth,yab,nta,,n t a,nta-mouth,mouth,,,
nune-moon,yab,nunë,,n u n ə,nune-moon,moon,,,
nu-tongue,yab,nu,,n u,nu-tongue,tongue,,,
nwajte-dance,yab,nwajtë,,n w a h t ə,nwajte-dance,dance,,,
wajte-dance,yab,wajtë,,w a h t ə,nwajte-dance,dance,,,
neme-leave,yab,nëmë,,n ə m ə,neme-leave,leave,,,
ochi-o,yab,ochi,,o t͡ʃ i,ochi-o,O.,,,
ojpa-give-drink,yab,ojpa,,o h p a,ojpa-give-drink,give drink,,,
onono-another,yab,onono,,o n o n o,onono-another,another,,,
orojyamo-evil-being,yab,orojyamo,,o r o h j a m o,orojyamo-evil-being,evil being,,,
pachi-older-sister-of-woman,yab,pachi,,p a t͡ʃ i,pachi-older-sister-of-woman,older sister of woman,,,
paijku-p,yab,paijku,,p a i h k u,paijku-p,P.,,,
paka-cow,yab,paka,,p a k a,paka-cow,cow,,,
pakara-basket,yab,pakara,,p a k a r a,pakara-basket,basket,,,
pakura-coix-lacryma-jobi,yab,pakura,,p a k u r a,pakura-coix-lacryma-jobi,Coix lacryma-jobi,,,
paku-arrow-tip,yab,paku,,p a k u,paku-arrow-tip,arrow tip,,,
pana-ear,yab,pana,,p a n a,pana-ear,ear,,,
pana-dat,yab,pana,,p a n a,pana-dat,DAT,,,
pano-fmr,yab,pano,,p a n o,pano-fmr,FMR,,,
pan-fmr,yab,pan,,p a n,pano-fmr,FMR,,,
papa-father,yab,papa,,p a p a,papa-father,father,,,
parujpe-broth,yab,parujpë,,p a r u h p ə,parujpe-broth,broth,,,
pata-village,yab,pata,,p a t a,pata-village,village,,,
pata-axe,yab,pata,,p a t a,pata-axe,axe,,,
pate-cross,yab,patë,,p a t ə,pate-cross,cross,,,
penare-before,yab,penarë,,p e n a r ə,penare-before,before,,,
pene-piranha,yab,pene,,p e n e,pene-piranha,piranha,,,
pepoye-above-perl,yab,pepoye,,p e p o j e,pepoye-above-perl,above.PERL,,,
pe-palm-sp,yab,pe,,p e,pe-palm-sp,palm.sp,,,
peti-leg,yab,peti,,p e t i,peti-leg,leg,,,
peye-turtle-sp,yab,peye,,p e j e,peye-turtle-sp,turtle.sp,,,
picha-capuchin-monkey,yab,picha,,p i t͡ʃ a,picha-capuchin-monkey,capuchin monkey,,,
pichipichi-whitebait,yab,pichipichi,,p i t͡ʃ i p i t͡ʃ i,pichipichi-whitebait,whitebait,,,
pijpe-skin,yab,pijpë,,p i h p ə,pijpe-skin,skin,,,
pika-peel,yab,pika,,p i k a,pika-peel,peel,,,
pike-fart,yab,pikë,,p i k ə,pike-fart,fart,,,
pinchi-hes,yab,pinchi,,p i n t͡ʃ i,pinchi-hes,HES,,,
pipi-younger-brother-of-woman,yab,pipi,,p i p i,pipi-younger-brother-of-woman,younger brother of woman,,,
pirini-walk,yab,pirini,,p i r i n i,pirini-walk,walk,,,
pirini-walk-1,yab,pïrini,,p ɨ r i n i,pirini-walk,walk,,,
pojte-want,yab,pojtë,,p o h t ə,pojte-want,want,,,
poroko-basket-sp,yab,poroko,,p o r o k o,poroko-basket-sp,basket.sp,,,
poseti-belly,yab,poseti,,p o s e t i,poseti-belly,belly,,,
pota-mouth,yab,pota,,p o t a,pota-mouth,mouth; shore,,,
poye-above,yab,poye,,p o j e,poye-above,above,,,
punu-flesh,yab,punu,,p u n u,punu-flesh,flesh,,,
pun-flesh,yab,pun,,p u n,punu-flesh,flesh,,,
putu-feel,yab,putu,,p u t u,putu-feel,feel,,,
peke-about,yab,pëkë,,p ə k ə,peke-about,about,,,
poko-about,yab,poko,,p o k o,peke-about,about,,,
penaka-return,yab,pënaka,,p ə n a k a,penaka-return,return,Maybe derived with [mp](kavbz).,,
pimi-neck,yab,pïmï,,p ɨ m ɨ,pimi-neck,neck,,,
pirika-endure,yab,pïrïka,,p ɨ r ɨ k a,pirika-endure,endure,,,
roka-wash,yab,roka,,r o k a,roka-wash,wash,,,
roko-crazy,yab,roko,,r o k o,roko-crazy,crazy,,,
romoye-downriver,yab,romoye,,r o m o j e,romoye-downriver,downriver,,,
rotoro-doctor,yab,rotoro,,r o t o r o,rotoro-doctor,doctor,,,
rui-older-brother,yab,rui,,r u i,rui-older-brother,older brother,,,
sai-penis,yab,sai,,s a i,sai-penis,penis,,,
sakara-hoplias-malabaricus,yab,sakara,,s a k a r a,sakara-hoplias-malabaricus,hoplias malabaricus,,,
sakau-sand,yab,sakau,,s a k a u,sakau-sand,sand,,,
saku-sweet-potato,yab,saku,,s a k u,saku-sweet-potato,sweet potato,,,
samo-cry,yab,samo,,s a m o,samo-cry,cry,,,
semo-cry,yab,sëmo,,s ə m o,samo-cry,cry,,,
asamo-cry,yab,asamo,,a s a m o,samo-cry,cry,,,
sampu-black-piranha,yab,sampu,,s a m p u,sampu-black-piranha,black piranha,,,
sapara-heavy-pot,yab,sapara,,s a p a r a,sapara-heavy-pot,heavy pot,,,
sare-here-all,yab,sarë,,s a r ə,sare-here-all,here.ALL,,,
sawo-rapids,yab,sawo,,s a w o,sawo-rapids,rapids,,,
sepami-get-married,yab,sepamï,,s e p a m ɨ,sepami-get-married,get married,,,
sepan-get-married,yab,sepan,,s e p a n,sepami-get-married,get married,,,
sere-bitter-manioc,yab,sere,,s e r e,sere-bitter-manioc,bitter manioc,,,
sojpa-take-out,yab,sojpa,,s o h p a,sojpa-take-out,take out,,,
sopika-skin,yab,sopika,,s o p i k a,sopika-skin,skin,,,
sukase-all,yab,sukase,,s u k a s e,sukase-all,all,,,
sukutaka-yucuta,yab,sukutaka,,s u k u t a k a,sukutaka-yucuta,yucuta,,,
surukupi-fish-sp,yab,surukupi,,s u r u k u p i,surukupi-fish-sp,fish.sp,,,
sema-die,yab,sëma,,s ə m a,sema-die,die,Looks like a DETRZ?,,
esema-die,yab,ësëma,,ə s ə m a,sema-die,die,Looks like a DETRZ?,,
tajme-ugly,yab,tajme,,t a h m e,tajme-ugly,ugly,,,
tajnomo-piaroa,yab,tajnomo,,t a h n o m o,tajnomo-piaroa,Piaroa,,,
tajnon-piaroa,yab,tajnon,,t a h n o n,tajnomo-piaroa,Piaroa,,,
tajromini-bad-omen,yab,tajromini,,t a h r o m i n i,tajromini-bad-omen,bad omen,,,
tajromin-bad-omen,yab,tajromin,,t a h r o m i n,tajromini-bad-omen,bad omen,,,
tajropo-have-fever,yab,tajropo,,t a h r o p o,tajropo-have-fever,have fever,,,
takono-other,yab,takono,,t a k o n o,takono-other,other,,,
takon-other,yab,takon,,t a k o n,takono-other,other,,,
takunu-laziness,yab,takunu,,t a k u n u,takunu-laziness,laziness,,,
tapa-beat,yab,tapa,,t a p a,tapa-beat,beat,,,
tarine-fast,yab,tarine,,t a r i n e,tarine-fast,fast,Derived with _-ne_?,,
taro-say,yab,taro,,t a r o,taro-say,say,,,
taj-say,yab,taj,,t a h,taro-say,say,,,
ta-say,yab,ta,,t a,taro-say,say,,,
tawani-darkness,yab,tawani,,t a w a n i,tawani-darkness,darkness,,,
tawa-nyctidromus-albicollis,yab,tawa,,t a w a,tawa-nyctidromus-albicollis,nyctidromus albicollis,,,
tejwetunu-sick,yab,tejwetunu,,t e h w e t u n u,tejwetunu-sick,sick,,,
tejetum-sick,yab,tejetum,,t e h e t u m,tejwetunu-sick,sick,,,
temeki-defend,yab,temekï,,t e m e k ɨ,temeki-defend,defend,,,
semeki-defend,yab,semekï,,s e m e k ɨ,temeki-defend,defend,,,
semej-defend,yab,semej,,s e m e h,temeki-defend,defend,,,
ti-hsy,yab,ti,,t i,ti-hsy,HSY,,,
tojpa-hit,yab,tojpa,,t o h p a,tojpa-hit,hit,,,
tonko-play,yab,tonko,,t o n k o,tonko-play,play,,,
torono-bird,yab,torono,,t o r o n o,torono-bird,bird,,,
torote-cemetery,yab,torotë,,t o r o t ə,torote-cemetery,cemetery,,,
toto-non-indian,yab,toto,,t o t o,toto-non-indian,non-Indian,,,
tuj-fall,yab,tuj,,t u h,tuj-fall,fall,,,
tujnaka-iller,yab,tujnaka,,t u h n a k a,tujnaka-iller,iller,,,
tuna-water,yab,tuna,,t u n a,tuna-water,water,,,
tunami-hide,yab,tunamï,,t u n a m ɨ,tunami-hide,hide,,,
tunam-hide,yab,tunam,,t u n a m,tunami-hide,hide,,,
tu-give,yab,tu,,t u,tu-give,give,,,
te-loc,yab,të,,t ə,te-loc,LOC,,,
teijpo-far,yab,tëijpo,,t ə i h p o,teijpo-far,far; long,,,
teijpe-far,yab,tëijpë,,t ə i h p ə,teijpo-far,far; long,,,
teijpo-far-1,yab,teijpo,,t e i h p o,teijpo-far,far; long,,,
tejta-hollow,yab,tëjta,,t ə h t a,tejta-hollow,hollow,,,
tewi-3pro,yab,tëwï,,t ə w ɨ,tewi-3pro,3PRO,,,
tewisantomo-3pro-pl,yab,tëwïsantomo,,t ə w ɨ s a n t o m o,tewisantomo-3pro-pl,3PRO.PL,,,
tewisanton-3pro-pl,yab,tëwïsanton,,t ə w ɨ s a n t o n,tewisantomo-3pro-pl,3PRO.PL,,,
waijta-mouse,yab,waijta,,w a i h t a,waijta-mouse,mouse,,,
waijte-head,yab,waijtë,,w a i h t ə,waijte-head,head,,,
waimu-language,yab,waimu,,w a i m u,waimu-language,language,,,
waimu-speak,yab,waimu,,w a i m u,waimu-speak,speak,,,
waimurun-speak,yab,waimurun,,w a i m u r u n,waimu-speak,speak,,,
wajto-fire,yab,wajto,,w a h t o,wajto-fire,fire,,,
wajyaki-happy,yab,wajyakï,,w a h j a k ɨ,wajyaki-happy,happy,,,
wajyaki-be-happy,yab,wajyakï,,w a h j a k ɨ,wajyaki-be-happy,be happy,,,
wajyakiti-be-happy,yab,wajyakïtï,,w a h j a k ɨ t ɨ,wajyaki-be-happy,be happy,,,
wajyama-kiss,yab,wajyama,,w a h j a m a,wajyama-kiss,kiss,,,
wanapu-savannah,yab,wanapu,,w a n a p u,wanapu-savannah,savannah,,,
wanene-aunt,yab,wanene,,w a n e n e,wanene-aunt,aunt,,,
waraijtokomo-man,yab,waraijtokomo,,w a r a i h t o k o m o,waraijtokomo-man,man,,,
waraijtokom-man,yab,waraijtokom,,w a r a i h t o k o m,waraijtokomo-man,man,,,
waraijtokon-man,yab,waraijtokon,,w a r a i h t o k o n,waraijtokomo-man,man,,,
waraijto-husband,yab,waraijto,,w a r a i h t o,waraijto-husband,husband,,,
warota-work,yab,warota,,w a r o t a,warota-work,work,,,
waruwa-hoti,yab,waruwa,,w a r u w a,waruwa-hoti,hoti,,,
waruwaru-hoti,yab,waruwaru,,w a r u w a r u,waruwa-hoti,hoti,,,
wasayi-attalea-maripa,yab,wasayi,,w a s a j i,wasayi-attalea-maripa,attalea maripa,,,
wasai-attalea-maripa,yab,wasai,,w a s a i,wasayi-attalea-maripa,attalea maripa,,,
wati-burn,yab,watï,,w a t ɨ,wati-burn,burn,,,
waj-burn,yab,waj,,w a h,wati-burn,burn,,,
wawe-loc-aq,yab,wawë,,w a w ə,wawe-loc-aq,LOC.AQ,,,
weka-defecate,yab,weka,,w e k a,weka-defecate,defecate,,,
wena-vomit,yab,wena,,w e n a,wena-vomit,vomit,,,
wenkepi-forget,yab,wenkepï,,w e n k e p ɨ,wenkepi-forget,forget,,,
wenkepi-forget-1,yab,wënkepï,,w ə n k e p ɨ,wenkepi-forget,forget,,,
wenkej-forget,yab,wënkej,,w ə n k e h,wenkepi-forget,forget,,,
wepi-come,yab,wepï,,w e p ɨ,wepi-come,come,,,
wej-come,yab,wej,,w e h,wepi-come,come,,,
wereta-arrive,yab,wereta,,w e r e t a,wereta-arrive,arrive,Potentially derived with [mp](tavbz).,,
werewere-mosquito-sp,yab,werewere,,w e r e w e r e,werewere-mosquito-sp,mosquito sp.,,,
wereyi-cloud,yab,wereyi,,w e r e j i,wereyi-cloud,cloud,,,
werey-cloud,yab,werey,,w e r e j,wereyi-cloud,cloud,,,
weroro-dog,yab,weroro,,w e r o r o,weroro-dog,dog,,,
weseyu-be-brave,yab,weseyu,,w e s e j u,weseyu-be-brave,be brave,,,
wesei-be-brave,yab,wesei,,w e s e i,weseyu-be-brave,be brave,,,
wiriyamo-woman,yab,wiriyamo,,w i r i j a m o,wiriyamo-woman,woman,,,
wurijyam-woman,yab,wurijyam,,w u r i h j a m,wiriyamo-woman,woman,,,
wurijyamo-woman,yab,wurijyamo,,w u r i h j a m o,wiriyamo-woman,woman,,,
wurijyan-woman,yab,wurijyan,,w u r i h j a n,wiriyamo-woman,woman,,,
wejka-fall,yab,wëjka,,w ə h k a,wejka-fall,fall,,,
wejte-go-down,yab,wëjtë,,w ə h t ə,wejte-go-down,go down,,,
we-kill,yab,wë,,w ə,we-kill,kill,,,
winiki-sleep,yab,wïnïkï,,w ɨ n ɨ k ɨ,winiki-sleep,sleep,,,
winik-sleep,yab,winik,,w i n i k,winiki-sleep,sleep,,,
winij-sleep,yab,wïnïj,,w ɨ n ɨ h,winiki-sleep,sleep,,,
wire-1pro,yab,wïrë,,w ɨ r ə,wire-1pro,1PRO,,,
ya-ra-grandchild,yab,ya'ra,,j a ʔ r a,ya-ra-grandchild,grandchild,,,
yajno-brother-in-law-man,yab,yajno,,j a h n o,yajno-brother-in-law-man,brother in law (man),,,
yaka-all,yab,yaka,,j a k a,yaka-all,ALL,,,
yaka-dig-out,yab,yaka,,j a k a,yaka-dig-out,dig out,,,
yamane-make,yab,yamanë,,j a m a n ə,yamane-make,make,,,
yaman-make,yab,yaman,,j a m a n,yamane-make,make,,,
yamani-make,yab,yamani,,j a m a n i,yamane-make,make,,,
yami-pick-up,yab,yamï,,j a m ɨ,yami-pick-up,pick up,,,
yan-pick-up,yab,yan,,j a n,yami-pick-up,pick up,,,
yam-pick-up,yab,yam,,j a m,yami-pick-up,pick up,,,
yane-mother,yab,yanë,,j a n ə,yane-mother,mother,,,
sane-mother,yab,sanë,,s a n ə,yane-mother,mother,,,
yaniki-call,yab,yanïkï,,j a n ɨ k ɨ,yaniki-call,call,,,
yanij-call,yab,yanïj,,j a n ɨ h,yaniki-call,call,,,
yapijtomo-old,yab,yapijtomo,,j a p i h t o m o,yapijtomo-old,old,Fossilized _-tomo_.,,
yapijton-old,yab,yapijton,,j a p i h t o n,yapijtomo-old,old,Fossilized _-tomo_.,,
yapechi-grab,yab,yapëchi,,j a p ə t͡ʃ i,yapechi-grab,grab,,,
yapej-grab,yab,yapëj,,j a p ə h,yapechi-grab,grab,,,
yapichi-grab,yab,yapïchi,,j a p ɨ t͡ʃ i,yapechi-grab,grab,,,
yarika-laugh,yab,yarika,,j a r i k a,yarika-laugh,laugh,,,
yaruwa-laugh,yab,yaruwa,,j a r u w a,yaruwa-laugh,laugh,,,
yare-bring,yab,yarë,,j a r ə,yare-bring,bring,,,
yatane-adolescent,yab,yatanë,,j a t a n ə,yatane-adolescent,adolescent,,,
yatam-adolescent,yab,yatam,,j a t a m,yatane-adolescent,adolescent,,,
yatan-adolescent,yab,yatan,,j a t a n,yatane-adolescent,adolescent,,,
yatunu-day,yab,yatunu,,j a t u n u,yatunu-day,day; sun,,,
yatum-day,yab,yatum,,j a t u m,yatunu-day,day; sun,,,
yatun-day,yab,yatun,,j a t u n,yatunu-day,day; sun,,,
yate-loc,yab,yatë,,j a t ə,yate-loc,LOC,,,
yawaka-sow,yab,yawaka,,j a w a k a,yawaka-sow,sow,,,
yawaki-grate,yab,yawakï,,j a w a k ɨ,yawaki-grate,grate,,,
yawanka-kill,yab,yawanka,,j a w a n k a,yawanka-kill,kill,,,
yaye-loc,yab,yaye,,j a j e,yaye-loc,LOC,,,
yemekunu-five,yab,yemekunu,,j e m e k u n u,yemekunu-five,five,,,
yeme-eat-fruits-eggs-soup,yab,yeme,,j e m e,yeme-eat-fruits-eggs-soup,"eat (fruits, eggs, soup)",,,
yenepe-send-away,yab,yenepe,,j e n e p e,yenepe-send-away,send away,,,
yepema-pay,yab,yepema,,j e p e m a,yepema-pay,pay,Potentially derived with [mp](macaus).,,
yojma-mix,yab,yojma,,j o h m a,yojma-mix,mix,Maybe from [mp](oki-chicha) and [mp](macaus)?,,
yojte-fish-with-hook,yab,yojtë,,j o h t ə,yojte-fish-with-hook,fish with hook,,,
yoko-pimple,yab,yoko,,j o k o,yoko-pimple,pimple,,,
yoki-eat-starch,yab,yokï,,j o k ɨ,yoki-eat-starch,eat (starch),,,
yoj-eat-starch,yab,yoj,,j o h,yoki-eat-starch,eat (starch),,,
yopo-find,yab,yopo,,j o p o,yopo-find,find,,,
yujwa-burn,yab,yujwa,,j u h w a,yujwa-burn,burn,,,
yumpe-fairly,yab,yumpe,,j u m p e,yumpe-fairly,fairly; much,,,
yutu-forest,yab,yutu,,j u t u,yutu-forest,forest,,,
ye-tooth,yab,yë,,j ə,ye-tooth,tooth,,,
ye-tooth-1,yab,ye,,j e,ye-tooth,tooth,,,
yejpe-bone,yab,yëjpë,,j ə h p ə,yejpe-bone,bone,,,
yempeka-offend,yab,yëmpëka,,j ə m p ə k a,yempeka-offend,offend,,,
yeni-drink,yab,yëni,,j ə n i,yeni-drink,drink,,,
yeni-drink-1,yab,yeni,,j e n i,yeni-drink,drink,,,
yen-drink,yab,yën,,j ə n,yeni-drink,drink,,,
yeni-drink-2,yab,yënï,,j ə n ɨ,yeni-drink,drink,,,
yene-eat-meat,yab,yënë,,j ə n ə,yene-eat-meat,eat (meat),,,
yewuku-answer,yab,yëwuku,,j ə w u k u,yewuku-answer,answer,,,
yeye-tree,yab,yëye,,j ə j e,yeye-tree,tree,,,
yipi-mountain,yab,yïpï,,j ɨ p ɨ,yipi-mountain,mountain,,,
ejpina-often,yab,ëjpïna,,ə h p ɨ n a,ejpina-often,often,,,
eke-which,yab,ëkë,,ə k ə,eke-which,which,,,
ekere-jaguar,yab,ëkërë,,ə k ə r ə,ekere-jaguar,jaguar,,,
empare-already,yab,ëmpare,,ə m p a r e,empare-already,already,,,
impare-already,yab,ïmparë,,ɨ m p a r ə,empare-already,already,,,
enuku-go-up,yab,ënuku,,ə n u k u,enuku-go-up,go up,,,
enuj-go-up,yab,ënuj,,ə n u h,enuku-go-up,go up,,,
erine-cooking-pot,yab,ërinë,,ə r i n ə,erine-cooking-pot,cooking pot,,,
etipa-go-in-group,yab,ëtïpa,,ə t ɨ p a,etipa-go-in-group,go in group,,,
tipa-go-in-group,yab,tipa,,t i p a,etipa-go-in-group,go in group,,,
ya-erg,yab,ya,,j a,ya-erg,ERG,,,
ya-obl,yab,ya,,j a,ya-obl,OBL,,,
ma-rst,yab,ma,,m a,ma-rst,RST,,,
re-emp,yab,rë,,r ə,re-emp,EMP,,,
yawe-loc,yab,yawë,,j a w ə,yawe-loc,LOC,,,
yawo-loc,yab,yawo,,j a w o,yawe-loc,LOC,,,
chawe-loc,yab,chawë,,t͡ʃ a w ə,yawe-loc,LOC,,,
pinika-prob,yab,pïnika,,p ɨ n i k a,pinika-prob,PROB,,,
taki-cnfrm,yab,takï,,t a k ɨ,taki-cnfrm,CNFRM,,,
tawara-too,yab,tawara,,t a w a r a,tawara-too,too,,,
tawaraij-too,yab,tawaraij,,t a w a r a i h,tawara-too,too,,,
chiyawe-when,yab,chiyawë,,t͡ʃ i j a w ə,chiyawe-when,when,,,
kwase-how,yab,kwase,,k w a s e,kwase-how,how,,,
pirare-neg-exist,yab,pïrarë,,p ɨ r a r ə,pirare-neg-exist,NEG.EXIST,,,
chi-cop,yab,chi,,t͡ʃ i,chi-cop,COP,*eti,,
ch-cop,yab,ch,,t͡ʃ,chi-cop,COP,*eti,,
chij-cop,yab,chij,,t͡ʃ i h,chi-cop,COP,*eti,,
wej-cop,yab,wej,,w e h,chi-cop,COP,*eti,,
ne-ints,yab,ne,,n e,ne-ints,INTS,,,
n-ints,yab,n,,n,ne-ints,INTS,,,
neke-cntr,yab,neke,,n e k e,neke-cntr,CNTR,,,
e-e-yes,yab,ë'ë,,ə ʔ ə,e-e-yes,yes,,,
taji-foc,yab,taji,,t a h i,taji-foc,FOC,A Piaroan loanword?,,
ire-3ana-inan,yab,irë,,i r ə,ire-3ana-inan,3ANA.INAN,,,
ijte-there,yab,ijtë,,i h t ə,ijte-there,there,,,
pinire-neg,yab,pïnirë,,p ɨ n i r ə,pinire-neg,NEG,Prominently used in nonverbal predication.,,
waraij-like,yab,waraij,,w a r a i h,waraij-like,like,,,
warai-like,yab,warai,,w a r a i,waraij-like,like,,,
maniki-rel-anim,yab,manïkï,,m a n ɨ k ɨ,maniki-rel-anim,REL.ANIM,,,
maniki-rel-anim-1,yab,maniki,,m a n i k i,maniki-rel-anim,REL.ANIM,,,
te-go,yab,të,,t ə,te-go,go,Irregularly inflected.,,
ke-ins,yab,ke,,k e,ke-ins,INS,,,
ewenke-ignorant,yab,ewenke,,e w e n k e,ewenke-ignorant,ignorant,,,
wara-thus,yab,wara,,w a r a,wara-thus,thus,,,
suku-urine,yab,suku,,s u k u,suku-urine,urine,,,
suj-urine,yab,suj,,s u h,suku-urine,urine,,,
mesuku-blood,yab,mesuku,,m e s u k u,mesuku-blood,blood,-tu PERT,,
mesuj-blood,yab,mesuj,,m e s u h,mesuku-blood,blood,-tu PERT,,
enka-finish,yab,ënka,,ə n k a,enka-finish,finish,,,
enejka-watch,yab,enejka,,e n e h k a,enejka-watch,watch,,,
tawejka-dawn,yab,tawejka,,t a w e h k a,tawejka-dawn,dawn,,,
aniki-who,yab,anïkï,,a n ɨ k ɨ,aniki-who,who,,,
aniki-who-1,yab,aniki,,a n i k i,aniki-who,who,,,
ka-say,yab,ka,,k a,ka-say,say,,,
kaj-say,yab,kaj,,k a h,ka-say,say,,,
iwiti-house,yab,ïwïtï,,ɨ w ɨ t ɨ,iwiti-house,house,,,
iwij-house,yab,ïwïj,,ɨ w ɨ h,iwiti-house,house,,,
ej-house,yab,ëj,,ə h,iwiti-house,house,,,
tawaja-thus-neg,yab,tawaja,,t a w a h a,tawaja-thus-neg,thus.NEG,"Looks suspiciously like [mp](tawara-too) and [mp](janeg), but the combination would be unexpected.",,
kanta-sing,yab,kanta,,k a n t a,kanta-sing,sing,,,
soj-splash,yab,soj,,s o h,soj-splash,splash,,,
aaa-ah,yab,aaa,,a a a,aaa-ah,ah,,,
ekete-where,yab,ëkëtë,,ə k ə t ə,ekete-where,where,,,
ekej-where,yab,ëkëj,,ə k ə h,ekete-where,where,,,
eki-chicha,yab,ëkï,,ə k ɨ,eki-chicha,chicha,,,
oki-chicha,yab,okï,,o k ɨ,eki-chicha,chicha,,,
womi-enter,yab,womï,,w o m ɨ,womi-enter,enter,,,
won-enter,yab,won,,w o n,womi-enter,enter,,,
ta-like,yab,ta,,t a,ta-like,like,,,
nwa-thus,yab,nwa,,n w a,nwa-thus,thus,,,
wa-thus,yab,wa,,w a,nwa-thus,thus,,,
ejka-right,yab,ëjka,,ə h k a,ejka-right,right,,,
enka-right,yab,ënka,,ə n k a,ejka-right,right,,,
sakunkai-s,yab,sakunkai,,s a k u n k a i,sakunkai-s,S.,,,
i-put,yab,i,,i,i-put,put,,,
kij-ugh,yab,kïj,,k ɨ h,kij-ugh,ugh,,,
ki-ugh,yab,kï,,k ɨ,kij-ugh,ugh,,,
ke-ugh,yab,kë,,k ə,kij-ugh,ugh,,,
ajaja-hahaha,yab,ajaja,,a h a h a,ajaja-hahaha,hahaha,,,
ja-ja-ja-ja-hahaha,yab,ja-ja-ja-ja,,h a h a h a h a,ajaja-hahaha,hahaha,,,
peremeki-talk,yab,përemekï,,p ə r e m e k ɨ,peremeki-talk,talk,,,
narepe-part,yab,narëpe,,n a r ə p e,narepe-part,PART,Rhetorical question?,,
pare-also,yab,parë,,p a r ə,pare-also,also,,,
sa-eval,yab,sa,,s a,sa-eval,EVAL,,,
yekerema-boast-sexually,yab,yekerema,,j e k e r e m a,yekerema-boast-sexually,boast sexually,,,
sukuri-silently,yab,sukuri,,s u k u r i,sukuri-silently,silently,,,
yare-alone,yab,yarë,,j a r ə,yare-alone,alone,,,
mmm-yes,yab,mmm,,m m m,mmm-yes,yes,,,
wera-like,yab,wëra,,w ə r a,wera-like,like,,,
wara-like,yab,wara,,w a r a,wera-like,like,,,
wora-like,yab,wora,,w o r a,wera-like,like,,,
po-loc,yab,po,,p o,po-loc,LOC,,,
tewijna-there-ana,yab,tëwïjna,,t ə w ɨ h n a,tewijna-there-ana,there.ANA,Potentially morphologically complex; related to [mp](tewi-3pro)?,,
kwa-how,yab,kwa,,k w a,kwa-how,how,,,
meki-3-anim-dist,yab,mëkï,,m ə k ɨ,meki-3-anim-dist,3.ANIM.DIST,,,
ese-name,yab,ese,,e s e,ese-name,name,,,
me-pol,yab,me,,m e,me-pol,POL,Politeness?,,
awata-surp,yab,awata,,a w a t a,awata-surp,SURP,'dunno’,,
se-eval,yab,se,,s e,se-eval,EVAL,,,
empami-learn,yab,ëmpamï,,ə m p a m ɨ,empami-learn,learn,,,
empan-learn,yab,ëmpan,,ə m p a n,empami-learn,learn,,,
empam-learn,yab,ëmpam,,ə m p a m,empami-learn,learn,,,
yakucho-p-a,yab,yakucho,,j a k u t͡ʃ o,yakucho-p-a,P. A.,,,
pedrito-p,yab,pedrito,,p e d r i t o,pedrito-p,P.,,,
kuruj-k,yab,kuruj,,k u r u h,kuruj-k,K.,,,
akino-younger-brother,yab,akino,,a k i n o,akino-younger-brother,younger brother,,,
eee-hey,yab,eee,,e e e,eee-hey,hey,,,
pajarito-p,yab,pajarito,,p a h a r i t o,pajarito-p,P.,,,
yakara-believe,yab,yakara,,j a k a r a,yakara-believe,believe,,,
tamanaku-t,yab,tamanaku,,t a m a n a k u,tamanaku-t,T.,,,
irario-h,yab,irario,,i r a r i o,irario-h,H.,,,
miro-m,yab,mïro,,m ɨ r o,miro-m,M.,,,
pupuri-bactris-gasipaes,yab,pupuri,,p u p u r i,pupuri-bactris-gasipaes,Bactris gasipaes,,,
pipiri-bactris-gasipaes,yab,pïpïri,,p ɨ p ɨ r i,pupuri-bactris-gasipaes,Bactris gasipaes,,,
pipiri-bactris-gasipaes-1,yab,pïpïrï,,p ɨ p ɨ r ɨ,pupuri-bactris-gasipaes,Bactris gasipaes,,,
pijiguao-bactris-gasipaes,yab,pijiguao,,,pijiguao-bactris-gasipaes,Bactris gasipaes,,,
awo-uncle,yab,awo,,a w o,awo-uncle,uncle; father in law,,,
ejwe-hammock,yab,ejwe,,e h w e,ejwe-hammock,hammock,,,
ejwa-hammock,yab,ëjwa,,ə h w a,ejwe-hammock,hammock,,,
yakete-cut,yab,yakëtë,,j a k ə t ə,yakete-cut,cut,,,
enrike-e,yab,enrike,,e n r i k e,enrike-e,E.,,,
kayupare-k,yab,kayupare,,k a j u p a r e,kayupare-k,K.,,,
parangana-pot,yab,parangana,,,parangana-pot,pot,Spanish loan.,,
tampa-become-angry,yab,tampa,,t a m p a,tampa-become-angry,become angry,,,
nanka-find,yab,nanka,,n a n k a,nanka-find,find,,,
akono-younger-sister-of-woman,yab,akono,,a k o n o,akono-younger-sister-of-woman,younger sister of woman,,,
kano-c,yab,kaño,,k a ɲ o,kano-c,C.,,,
chiwapure-c,yab,chiwapure,,t͡ʃ i w a p u r e,chiwapure-c,C.,,,
nwa-glute,yab,nwa,,n w a,nwa-glute,glute,,,
ejne-below,yab,ëjnë,,ə h n ə,ejne-below,below,,,
neto-n,yab,neto,,n e t o,neto-n,N.,,,
erepunu-sick,yab,erepunu,,e r e p u n u,erepunu-sick,sick,,,
erepun-sick,yab,erepun,,e r e p u n,erepunu-sick,sick,,,
antonio-a,yab,antonio,,a n t o n i o,antonio-a,A.,,,
sarampion-measles,yab,sarampion,,s a r a m p i o n,sarampion-measles,measles,Spanish loan.,,
pini-neg,yab,pïni,,p ɨ n i,pini-neg,NEG,,,
santo-s,yab,santo,,s a n t o,santo-s,S.,,,
melicio-m,yab,melicio,,,melicio-m,M.,,,
joti-hoti,yab,joti,,h o t i,joti-hoti,hoti,,,
akere-relative,yab,akërë,,a k ə r ə,akere-relative,relative,,,
akere-relative-1,yab,akere,,a k e r e,akere-relative,relative,,,
kawaratu-k,yab,kawaratu,,k a w a r a t u,kawaratu-k,K.,,,
u-starchy-food,yab,u,,u,u-starchy-food,starchy food,,,
wintika-disappear,yab,wintika,,w i n t i k a,wintika-disappear,disappear,,,
javier-j,yab,javier,,,javier-j,J.,,,
wanita-j,yab,wanita,,w a n i t a,wanita-j,J.,,,
sawankuwi-die,yab,sawankuwi,,s a w a n k u w i,sawankuwi-die,die,,,
sawankui-die,yab,sawankui,,s a w a n k u i,sawankuwi-die,die,,,
yawarana-yawarana,yab,yawarana,,j a w a r a n a,yawarana-yawarana,Yawarana,,,
kukurito-k,yab,kukurito,,k u k u r i t o,kukurito-k,K.,,,
wine-from,yab,winë,,w i n ə,wine-from,from,,,
wine-from-1,yab,wïnë,,w ɨ n ə,wine-from,from,,,
kunawo-brother-in-law,yab,kuñawo,,k u ɲ a w o,kunawo-brother-in-law,brother in law,Spanish loan.,,
yamuwati-y,yab,yamuwati,,j a m u w a t i,yamuwati-y,Y.,,,
merisiyo-m,yab,merisiyo,,m e r i s i j o,merisiyo-m,M.,,,
kanejte-weave,yab,kanejtë,,k a n e h t ə,kanejte-weave,weave,Maybe with [mp](jtevbz)?,,
indigena-indigenous-person,yab,indigena,,,indigena-indigenous-person,indigenous person,,,
pekepene-alone,yab,pëkëpene,,p ə k ə p e n e,pekepene-alone,alone,,,
margarita-m,yab,margarita,,,margarita-m,M.,,,
kajwe-coffee,yab,kajwe,,k a h w e,kajwe-coffee,coffee,Spanish loan.,,
kapitan-chief,yab,kapitan,,k a p i t a n,kapitan-chief,chief,Spanish loan.,,
are-leaf,yab,are,,a r e,are-leaf,leaf; hair,,,
piuj-rustle,yab,piuj,,p i u h,piuj-rustle,rustle,,,
julieta-j,yab,julieta,,,julieta-j,J.,,,
ron-rum,yab,ron,,r o n,ron-rum,rum,Spanish loan.,,
pike-when,yab,pïkë,,p ɨ k ə,pike-when,when,,,
toma-t,yab,toma,,t o m a,toma-t,T.,,,
peremeki-speak,yab,peremekï,,p e r e m e k ɨ,peremeki-speak,speak,,,
sanaka-heal,yab,sanaka,,s a n a k a,sanaka-heal,heal,,,
ijiji-ijiji,yab,ïjïjï,,ɨ h ɨ h ɨ,ijiji-ijiji,ïjïjï,,,
mjm-yes,yab,mjm,,m h m,mjm-yes,yes,,,
sempinuku-close-eyes,yab,sëmpinuku,,s ə m p i n u k u,sempinuku-close-eyes,close eyes,,,
sempinuj-close-eyes,yab,sëmpinuj,,s ə m p i n u h,sempinuku-close-eyes,close eyes,,,
chuk-smack,yab,chuk,,t͡ʃ u k,chuk-smack,smack,,,
yolanda-y,yab,yolanda,,,yolanda-y,Y.,,,
pe-ess,yab,pe,,p e,pe-ess,ESS,,,
kerejpe-old,yab,kërëjpë,,k ə r ə h p ə,kerejpe-old,old,Looks like a lexicalized *-jpë*.,,
kere-old,yab,kërë,,k ə r ə,kere-old,old,Bound root?,,
enu-eye,yab,ënu,,ə n u,enu-eye,eye,,,
emekunu-hand,yab,emekunu,,e m e k u n u,emekunu-hand,hand,,,
ere-liver,yab,ere,,e r e,ere-liver,liver,,,
oti-meat,yab,oti,,o t i,oti-meat,meat,,,
ena-nose,yab,ëna,,ə n a,ena-nose,nose,,,
echi-smoke,yab,ëchi,,ə t͡ʃ i,echi-smoke,smoke,,,
tepu-stone,yab,tëpu,,t ə p u,tepu-stone,stone,,,
ape-arm-wing,yab,apë,,a p ə,ape-arm-wing,"arm, wing",,,
yeremutu-ash,yab,yeremutu,,j e r e m u t u,yeremutu-ash,ash,,,
kanawa-canoe,yab,kanawa,,k a n a w a,kanawa-canoe,canoe,,,
kemichini-be-cold,yab,këmïchini,,k ə m ɨ t͡ʃ i n i,kemichini-be-cold,be cold,,,
yakuri-agouti,yab,yakuri,,j a k u r i,yakuri-agouti,agouti,,,
makampra-aunt,yab,makampra,,m a k a m p r a,makampra-aunt,aunt,older sister of mother,,
yemi-be-hungry,yab,yëmï,,j ə m ɨ,yemi-be-hungry,be hungry,,,
yomi-be-hungry,yab,yomi,,j o m i,yemi-be-hungry,be hungry,,,
yemi-be-hungry-1,yab,yëmi,,j ə m i,yemi-be-hungry,be hungry,,,
ijmojka-cook,yab,ijmojka,,i h m o h k a,ijmojka-cook,cook,,,
ijmoka-cook,yab,ijmoka,,i h m o k a,ijmojka-cook,cook,,,
padrastro-stepfather,yab,padrastro,,p a d r a s t r o,padrastro-stepfather,stepfather,,,
rafa-r,yab,rafa,,r a f a,rafa-r,R.,,,
perez-p,yab,perez,,p e r e s,perez-p,P.,,,
akere-with,yab,akërë,,a k ə r ə,akere-with,with,,,
ka-all,yab,ka,,k a,ka-all,ALL,,,
maijte-go-imp,yab,maijtë,,m a i h t ə,maijte-go-imp,go.IMP,,,
ammm-um,yab,ammm,,a m m m,ammm-um,um,,,
ejnomo-ejnomo,yab,ejnomo,,e h n o m o,ejnomo-ejnomo,ejnomo,mother of the water,,
jra-neg,yab,jra,,h r a,jra-neg,NEG,"From PC \*_pïra_; usually occurs as an enclitic on verbs, nouns and adverbials.",,
chipokono-because,yab,chipokono,,t͡ʃ i p o k o n o,chipokono-because,because,etymologically COP=about(-NMLZ),,
chipokon-because,yab,chipokon,,t͡ʃ i p o k o n,chipokono-because,because,etymologically COP=about(-NMLZ),,
chipeken-because,yab,chipëkën,,t͡ʃ i p ə k ə n,chipokono-because,because,etymologically COP=about(-NMLZ),,
chipeke-because,yab,chipëkë,,t͡ʃ i p ə k ə,chipokono-because,because,etymologically COP=about(-NMLZ),,
kontomo-pl,yab,kontomo,,k o n t o m o,kontomopl,PL,Often encliticized.,,
kontom-pl,yab,kontom,,k o n t o m,kontomopl,PL,Often encliticized.,,
konton-pl,yab,konton,,k o n t o n,kontomopl,PL,Often encliticized.,,
enirepeke-recently,yab,enirëpëke,,e n i r ə p ə k e,enirepeke-recently,recently,,,
pinita-neg,yab,pïnita,,p ɨ n i t a,pinita-neg,NEG,only attested after in-chaj 'see-PFV',,
jne-pl,yab,jne,,h n e,jnepl,PL,A clitic.,,
mete-thin,yab,mëtë,,m ə t ə,mete-thin,thin,,,
erepi-scare,yab,erepi,,e r e p i,erepi-scare,scare,,,
katupu-pile-up,yab,katupu,,k a t u p u,katupu-pile-up,pile up,,,
keya-big,yab,këya,,k ə j a,keya-big,big?,,,
kiri-thicken,yab,kïrï,,k ɨ r ɨ,kiri-thicken,thicken,,,
pej-witch,yab,pej,,p e h,pecv-witch,witch,,,
yajwe-become-sweet,yab,yajwe,,j a h w e,yajwe-become-sweet,become sweet,,,
yapi-become-worse,yab,yapi,,j a p i,yapi-become-worse,become worse,,,
yatu-become-warm,yab,yatu,,j a t u,yatu-become-warm,become warm,,,
yere-eat,yab,yere,,j e r e,yere-eat,eat,,,
ere-eat,yab,ere,,e r e,yere-eat,eat,,,
ereka-tire,yab,ereka,,e r e k a,ereka-tire,tire,,,
sej-dream,yab,sej,,s e h,secv-dream,dream,,,
apej-grab,yab,apëj,,a p ə h,apeti-grab,grab,,,
tejpo-taste,yab,tejpo,,t e h p o,tejpo-taste,taste,,,
tapi-redness,yab,tapi,,t a p i,tapi-redness,redness,,,
pochi-smell,yab,pochi,,p o t͡ʃ i,pochi-smell,smell,,,
maj-thin,yab,maj,,m a h,macv-thin,thin,,,
paij-full,yab,paij,,p a i h,pai-full,full,,,
