ID,Language_ID,Name,Lexeme_ID,Parameter_ID,Morpho_Segments,Segments,Comment,Source,Part_Of_Speech
achi-wilderness,yab,achi,achi-wilderness,wilderness,achi,a t͡ʃ i,,,n
aijkorono-recovered,yab,aijkorono,aijkorono-recovered,recovered,aijkorono,a i h k o r o n o,,,n
ajpachi-undergrowth,yab,ajpachi,ajpachi-undergrowth,undergrowth,ajpachi,a h p a t͡ʃ i,,,n
ajyu-tucuma-palm,yab,ajyu,ajyu-tucuma-palm,tucuma (palm),ajyu,a h j u,,,n
ako-pylon,yab,ako,ako-pylon,pylon,ako,a k o,,,n
aki-worm,yab,akï,aki-worm,worm; maggot,akï,a k ɨ,,,n
amaka-sweet-yucca,yab,amaka,amaka-sweet-yucca,sweet yucca,amaka,a m a k a,,,n
amu-ripeness,yab,amu,amu-ripeness,ripeness,amu,a m u,,,n
ami-unidentified-plant,yab,amï,ami-unidentified-plant,unidentified plant,amï,a m ɨ,,,n
ana-1-3pro,yab,ana,ana-1-3pro,1+3PRO,ana,a n a,,,pn
anaijke-wild-pineapple-sp,yab,anaijkë,anaijke-wild-pineapple-sp,wild pineapple sp.,anaijkë,a n a i h k ə,,,n
anake-ant-sp,yab,anakë,anake-ant-sp,ant sp.,anakë,a n a k ə,,,n
anau-ant-sp,yab,anau,anau-ant-sp,ant sp.,anau,a n a u,,,n
anoto-annatto,yab,anoto,anoto-annatto,annatto,anoto,a n o t o,,,n
anta-island,yab,anta,anta-island,island,anta,a n t a,,,n
ante-fish-hook,yab,antë,ante-fish-hook,fish hook,antë,a n t ə,,,n
apa-decrease,yab,apa,apa-decrease,decrease,apa,a p a,,,vi
apereku-ceiba,yab,apereku,apereku-ceiba,ceiba,apereku,a p e r e k u,,,n
aperemu-chrysalis,yab,aperemu,aperemu-chrysalis,chrysalis,aperemu,a p e r e m u,,,n
api-ripeness,yab,api,api-ripeness,ripeness,api,a p i,,,n
apo-later,yab,apo,apo-later,later; meanwhile,apo,a p o,,,adv
aponte-seat,yab,apontë,aponte-seat,seat; nest,apontë,a p o n t ə,,,n
apuni-soap,yab,apuni,apuni-soap,soap,apuni,a p u n i,,,n
apemiti-bracelet,yab,apëmïti,apemiti-bracelet,bracelet,apëmïti,a p ə m ɨ t i,,,n
arajmate-dangerous,yab,arajmatë,arajmate-dangerous,dangerous,arajmatë,a r a h m a t ə,,,adv
arata-horned-beetle,yab,arata,arata-horned-beetle,horned beetle,arata,a r a t a,,,n
arauruku-wild-grape-sp,yab,arauruku,arauruku-wild-grape-sp,wild grape sp.,arauruku,a r a u r u k u,,,n
araway-wild-pineapple-sp,yab,araway,araway-wild-pineapple-sp,wild pineapple sp.,araway,a r a w a j,,,n
araya-monkey-spider,yab,araya,araya-monkey-spider,monkey spider,araya,a r a j a,,,n
arina-trembler,yab,arina,arina-trembler,trembler,arina,a r i n a,,,n
aro-rice,yab,aro,aro-rice,rice,aro,a r o,,,n
arojpete-garbage,yab,arojpëtë,arojpete-garbage,garbage,arojpëtë,a r o h p ə t ə,,,n
arokate-difficult,yab,arokatë,arokate-difficult,difficult,arokatë,a r o k a t ə,,,adv
aroma-limpet,yab,aroma,aroma-limpet,limpet,aroma,a r o m a,,,n
aropoko-ball-game,yab,aropoko,aropoko-ball-game,ball game,aropoko,a r o p o k o,,,n
asakontompene-four,yab,asakontompene,asakontompene-four,four,asakontompene,a s a k o n t o m p e n e,,,adv
asake-two,yab,asakë,asake-two,two,asakë,a s a k ə,,,adv
asakere-two,yab,asakërë,asake-two,two,asakërë,a s a k ə r ə,,,adv
asare-get-stuck,yab,asarë,asare-get-stuck,get stuck,asarë,a s a r ə,,,vi
asere-dry-cough,yab,asere,asere-dry-cough,dry cough,asere,a s e r e,,,n
asuka-sugar,yab,asuka,asuka-sugar,sugar,asuka,a s u k a,,,n
ati-plot-of-cultivated-land,yab,ati,ati-plot-of-cultivated-land,plot of cultivated land,ati,a t i,,,n
ati-plot-of-cultivated-land-1,yab,atï,ati-plot-of-cultivated-land,plot of cultivated land,atï,a t ɨ,,,n
awajpe-mountain-eagle,yab,awajpë,awajpe-mountain-eagle,mountain eagle,awajpë,a w a h p ə,,,n
awarake-wasp-sp,yab,awarakë,awarake-wasp-sp,wasp sp.,awarakë,a w a r a k ə,,,n
awochi-tumor,yab,awochi,awochi-tumor,tumor,awochi,a w o t͡ʃ i,,,n
chai-son-voc,yab,chai,chai-son-voc,son (voc.),chai,t͡ʃ a i,,,n
chapeti-squeal,yab,chapëtï,chapeti-squeal,squeal,chapëtï,t͡ʃ a p ə t ɨ,,,vi
chapeti-squeal-1,yab,chapëti,chapeti-squeal,squeal,chapëti,t͡ʃ a p ə t i,,,vi
chijchipu-body-movement,yab,chijchipu,chijchipu-body-movement,body movement,chijchipu,t͡ʃ i h t͡ʃ i p u,,,n
chika-bite,yab,chika,chika-bite,bite,chika,t͡ʃ i k a,,,vt
chikimu-knee,yab,chikimu,chikimu-knee,knee,chikimu,t͡ʃ i k i m u,,,n
ichikimu-knee,yab,ichikimu,chikimu-knee,knee,ichikimu,i t͡ʃ i k i m u,,,n
chike-chigger,yab,chikë,chike-chigger,chigger,chikë,t͡ʃ i k ə,,,n
chima-path,yab,chima,chima-path,path,chima,t͡ʃ i m a,,,n
chimichimi-worm-dog,yab,chimichimi,chimichimi-worm-dog,worm (dog),chimichimi,t͡ʃ i m i t͡ʃ i m i,,,n
chipiyu-fungus-sp,yab,chipiyu,chipiyu-fungus-sp,fungus.sp,chipiyu,t͡ʃ i p i j u,,,n
chipe-caranna,yab,chipë,chipe-caranna,caranna,chipë,t͡ʃ i p ə,,,n
chiramu-mange,yab,chiramu,chiramu-mange,mange,chiramu,t͡ʃ i r a m u,,,n
chirike-star,yab,chirikë,chirike-star,star,chirikë,t͡ʃ i r i k ə,,,n
chiri-titi-monkey,yab,chiri,chiri-titi-monkey,titi monkey,chiri,t͡ʃ i r i,,,n
chiri-wild-pineapple,yab,chiri,chiri-wild-pineapple,wild pineapple,chiri,t͡ʃ i r i,,,n
chiyakono-friend,yab,chiyakono,chiyakono-friend,friend,chiyakono,t͡ʃ i j a k o n o,,,n
chiyakon-friend,yab,chiyakon,chiyakono-friend,friend,chiyakon,t͡ʃ i j a k o n,,,n
chiyakom-friend,yab,chiyakom,chiyakono-friend,friend,chiyakom,t͡ʃ i j a k o m,,,n
chekey-nit,yab,chëkëy,chekey-nit,nit,chëkëy,t͡ʃ ə k ə j,,,n
ejne-1-2pro,yab,ejnë,ejne-1-2pro,1+2PRO,ejnë,e h n ə,,,pn
ejne-1-2pro-1,yab,ejne,ejne-1-2pro,1+2PRO,ejne,e h n e,,,pn
enijpete-one,yab,enijpëtë,enijpete-one,one,enijpëtë,e n i h p ə t ə,,,adv
enire-now,yab,enirë,enire-now,now; today,enirë,e n i r ə,,,adv
eniro-now,yab,eniro,enire-now,now; today,eniro,e n i r o,,,adv
entono-from-here,yab,entono,entono-from-here,from here,entono,e n t o n o,,,n
ente-here-loc,yab,entë,ente-here-loc,here.LOC,entë,e n t ə,,,adv
epe-escape,yab,epe,epe-escape,escape; hide and seek,epe,e p e,,,vi
eretapi-cultivated-plant,yab,eretapi,eretapi-cultivated-plant,cultivated plant,eretapi,e r e t a p i,,,n
ewine-here-all,yab,ewinë,ewine-here-all,here.ALL,ewinë,e w i n ə,,,adv
ijmoy-egg,yab,ijmoy,ijmoy-egg,egg,ijmoy,i h m o j,,,n
ijpu-summit,yab,ijpu,ijpu-summit,summit,ijpu,i h p u,,,n
inawe-have,yab,inawë,inawe-have,have,inawë,i n a w ə,,,postp
ini-see,yab,ini,ini-see,see,ini,i n i,,,vt
in-see,yab,in,ini-see,see,in,i n,,,vt
ene-see,yab,ene,ini-see,see,ene,e n e,,,vt
intipijke-small,yab,intipijkë,intipijke-small,small,intipijkë,i n t i p i h k ə,? + [](morphemes.csv#cldf:pijkedim),,adv
iriyawe-then,yab,iriyawë,iriyawe-then,then,iriyawë,i r i j a w ə,,,adv
irejpe-then,yab,irëjpë,irejpe-then,then,irëjpë,i r ə h p ə,,,adv
ita-hear,yab,ita,ita-hear,hear,ita,i t a,,,vt
iyajtepe-before,yab,iyajtëpe,iyajtepe-before,before,iyajtëpe,i j a h t ə p e,,,adv
yajtepe-before,yab,yajtëpe,iyajtepe-before,before,yajtëpe,j a h t ə p e,,,adv
iyajte-care-for,yab,iyajtë,iyajte-care-for,care for,iyajtë,i j a h t ə,,,vt
jta-foot,yab,jta,jta-foot,foot,jta,h t a,,,n
jwaka-ill-aq,yab,jwaka,jwaka-ill-aq,ILL.AQ; LOC.AQ,jwaka,h w a k a,,,postp
kaimo-game,yab,kaimo,kaimo-game,game,kaimo,k a i m o,,,n
kamere-lightning,yab,kamere,kamere-lightning,lightning,kamere,k a m e r e,,,n
kampara-big,yab,kampara,kampara-big,big,kampara,k a m p a r a,,,n
kampra-big,yab,kampra,kampara-big,big,kampra,k a m p r a,,,n
kamwiyajka-change,yab,kamwiyajka,kamwiyajka-change,change,kamwiyajka,k a m w i j a h k a,,,vt
kapau-dasypus-novemcinctus,yab,kapau,kapau-dasypus-novemcinctus,dasypus novemcinctus,kapau,k a p a u,,,n
karasake-white,yab,karasake,karasake-white,white,karasake,k a r a s a k e,Probably contains [mp](keprop).,,adv
ka-take-out,yab,ka,ka-take-out,take out,ka,k a,,,vt
kasajpe-fruit-pit,yab,kasajpë,kasajpe-fruit-pit,fruit pit,kasajpë,k a s a h p ə,,,n
kaso-fat,yab,kaso,kaso-fat,fat,kaso,k a s o,,,n
kawono-high,yab,kawono,kawono-high,high,kawono,k a w o n o,,,n
kawon-high,yab,kawon,kawono-high,high,kawon,k a w o n,,,n
kawe-high,yab,kawë,kawe-high,high,kawë,k a w ə,,,adv
kayami-louse,yab,kayamï,kayami-louse,louse,kayamï,k a j a m ɨ,,,n
kaya-barbasco,yab,kaya,kaya-barbasco,barbasco,kaya,k a j a,,,n
kaya-gourd,yab,kaya,kaya-gourd,gourd,kaya,k a j a,,,n
kejkepe-salamander,yab,kejkepe,kejkepe-salamander,salamander,kejkepe,k e h k e p e,,,n
kinta-become-tired,yab,kinta,kinta-become-tired,become tired,kinta,k i n t a,,,vi
kocha-tail,yab,kocha,kocha-tail,tail,kocha,k o t͡ʃ a,,,n
kojpa-night,yab,kojpa,kojpa-night,night,kojpa,k o h p a,,,n
konopo-rain,yab,konopo,konopo-rain,rain,konopo,k o n o p o,,,n
ko-brassolis-sophorae,yab,ko,ko-brassolis-sophorae,brassolis sophorae,ko,k o,,,n
kori-brassolis-sophorae,yab,korï,ko-brassolis-sophorae,brassolis sophorae,korï,k o r ɨ,,,n
kuku-answer,yab,kuku,kuku-answer,answer,kuku,k u k u,,,vt
kune-cook,yab,kunë,kune-cook,cook,kunë,k u n ə,,,vt
kuno-cook,yab,kuno,kune-cook,cook,kuno,k u n o,,,vt
kuru-prochilodus-mariae,yab,kuru,kuru-prochilodus-mariae,prochilodus mariae,kuru,k u r u,,,n
kuruwa-coroba-palm,yab,kuruwa,kuruwa-coroba-palm,coroba palm,kuruwa,k u r u w a,,,n
kuya-tree-sp,yab,kuya,kuya-tree-sp,tree.sp,kuya,k u j a,,,n
kuyuwi-bird-sp,yab,kuyuwi,kuyuwi-bird-sp,bird.sp,kuyuwi,k u j u w i,,,n
kejma-hunt,yab,këjma,kejma-hunt,hunt,këjma,k ə h m a,,,vt
kemu-pus,yab,këmu,kemu-pus,pus,këmu,k ə m u,,,n
keta-stink,yab,këta,keta-stink,stink,këta,k ə t a,,,vi
ketejwate-cotton,yab,këtëjwatë,ketejwate-cotton,cotton,këtëjwatë,k ə t ə h w a t ə,,,n
keya-think,yab,këya,keya-think,think,këya,k ə j a,,,vi
kimiy-chili,yab,kïmïy,kimiy-chili,chili,kïmïy,k ɨ m ɨ j,,,n
kimii-chili,yab,kïmïi,kimiy-chili,chili,kïmïi,k ɨ m ɨ i,,,n
kiripi-go-out,yab,kïrïpï,kiripi-go-out,go out,kïrïpï,k ɨ r ɨ p ɨ,,,vi
maka-ceiba-pentandra,yab,maka,maka-ceiba-pentandra,ceiba pentandra,maka,m a k a,,,n
makarike-cayman,yab,makarikë,makarike-cayman,cayman,makarikë,m a k a r i k ə,,,n
makuyupi-catfish-sp,yab,makuyupi,makuyupi-catfish-sp,catfish.sp,makuyupi,m a k u j u p i,,,n
make-mom,yab,makë,make-mom,mom,makë,m a k ə,,,n
mapara-chicken,yab,mapara,mapara-chicken,chicken,mapara,m a p a r a,,,n
mare-still,yab,marë,mare-still,still,marë,m a r ə,,,adv
mare-still-1,yab,mare,mare-still,still,mare,m a r e,,,adv
mati-breast,yab,mati,mati-breast,breast,mati,m a t i,,,n
mejya-cover,yab,mejya,mejya-cover,cover,mejya,m e h j a,,,n
miti-root,yab,miti,miti-root,root; vein,miti,m i t i,,,n
mone-vagina,yab,mone,mone-vagina,vagina,mone,m o n e,,,n
moneka-girl-voc,yab,moneka,moneka-girl-voc,girl.VOC,moneka,m o n e k a,,,n
monkontomo-2pl-pro,yab,monkontomo,monkontomo-2pl-pro,2PL.PRO,monkontomo,m o n k o n t o m o,,,pn
mokontomo-2pl-pro,yab,mokontomo,monkontomo-2pl-pro,2PL.PRO,mokontomo,m o k o n t o m o,,,pn
mekontomo-2pl-pro,yab,mëkontomo,monkontomo-2pl-pro,2PL.PRO,mëkontomo,m ə k o n t o m o,,,pn
montomo-2pl-pro,yab,montomo,monkontomo-2pl-pro,2PL.PRO,montomo,m o n t o m o,,,pn
mokontom-2pl-pro,yab,mokontom,monkontomo-2pl-pro,2PL.PRO,mokontom,m o k o n t o m,,,pn
mokonton-2pl-pro,yab,mokonton,monkontomo-2pl-pro,2PL.PRO,mokonton,m o k o n t o n,,,pn
moroko-fish,yab,moroko,moroko-fish,fish,moroko,m o r o k o,,,n
morone-hurting,yab,morone,morone-hurting,hurting,morone,m o r o n e,,,adv
moroni-pain,yab,moroni,moroni-pain,pain,moroni,m o r o n i,,,n
moron-pain,yab,moron,moroni-pain,pain,moron,m o r o n,,,n
morono-poison,yab,morono,morono-poison,poison,morono,m o r o n o,,,n
moto-worm,yab,moto,moto-worm,worm,moto,m o t o,,,n
moyochi-spider-sp,yab,moyochi,moyochi-spider-sp,spider (sp.),moyochi,m o j o t͡ʃ i,,,n
mujna-grave,yab,mujna,mujna-grave,grave,mujna,m u h n a,,,n
mujyane-pregnancy,yab,mujyanë,mujyane-pregnancy,pregnancy,mujyanë,m u h j a n ə,,,n
mujyam-pregnancy,yab,mujyam,mujyane-pregnancy,pregnancy,mujyam,m u h j a m,,,n
muku-child,yab,muku,muku-child,child,muku,m u k u,,,n
mune-bulbous,yab,mune,mune-bulbous,bulbous,mune,m u n e,,,adv
munta-budding,yab,munta,munta-budding,budding,munta,m u n t a,,,vi
mejki-dist-anim,yab,mëjkï,mejki-dist-anim,DIST.ANIM,mëjkï,m ə h k ɨ,,,pn
meki-dist-anim,yab,mëkï,mejki-dist-anim,DIST.ANIM,mëkï,m ə k ɨ,,,pn
mere-2pro,yab,mërë,mere-2pro,2PRO,mërë,m ə r ə,,,pn
mijna-there-all,yab,mïjna,mijna-there-all,there.ALL,mïjna,m ɨ h n a,,,adv
minte-there-loc,yab,mïntë,minte-there-loc,there.LOC,mïntë,m ɨ n t ə,,,adv
mira-priodontes-maximus,yab,mïra,mira-priodontes-maximus,priodontes maximus,mïra,m ɨ r a,,,n
nai-do,yab,nai,nai-do,do,nai,n a i,,,vt
naij-do,yab,naij,nai-do,do,naij,n a i h,,,vt
najmo-grandmother,yab,najmo,najmo-grandmother,grandmother,najmo,n a h m o,,,n
najpi-grandfather,yab,najpï,najpi-grandfather,grandfather,najpï,n a h p ɨ,,,n
najwata-harbor,yab,najwata,najwata-harbor,harbor,najwata,n a h w a t a,,,n
naki-thirst,yab,naki,naki-thirst,thirst,naki,n a k i,,,n
nata-door,yab,nata,nata-door,door,nata,n a t a,,,n
nepi-bring,yab,nepï,nepi-bring,bring,nepï,n e p ɨ,,,vt
nej-bring,yab,nej,nepi-bring,bring,nej,n e h,,,vt
nono-earth,yab,nono,nono-earth,earth,nono,n o n o,,,n
nope-good,yab,nope,nope-good,good,nope,n o p e,,,adv
nop-good,yab,nop,nope-good,good,nop,n o p,,,adv
noro-parrot-sp,yab,noro,noro-parrot-sp,parrot.sp,noro,n o r o,,,n
noti-potential-partner,yab,noti,noti-potential-partner,potential partner; cross cousin,noti,n o t i,,,n
nta-mouth,yab,nta,nta-mouth,mouth,nta,n t a,,,n
inta-mouth,yab,inta,nta-mouth,mouth,inta,i n t a,,,n
nune-moon,yab,nunë,nune-moon,moon,nunë,n u n ə,,,n
nu-tongue,yab,nu,nu-tongue,tongue,nu,n u,,,n
nwajte-dance,yab,nwajtë,nwajte-dance,dance,nwajtë,n w a h t ə,,,vi
wajte-dance,yab,wajtë,nwajte-dance,dance,wajtë,w a h t ə,,,vi
neme-leave,yab,nëmë,neme-leave,leave,nëmë,n ə m ə,,,vt
ojpa-give-drink,yab,ojpa,ojpa-give-drink,give drink,ojpa,o h p a,,,vt
onono-another,yab,onono,onono-another,another,onono,o n o n o,,,n
orojyamo-evil-being,yab,orojyamo,orojyamo-evil-being,evil being,orojyamo,o r o h j a m o,,,n
pachi-older-sister-of-woman,yab,pachi,pachi-older-sister-of-woman,older sister of woman,pachi,p a t͡ʃ i,,,n
paka-cow,yab,paka,paka-cow,cow,paka,p a k a,,,n
pakara-basket,yab,pakara,pakara-basket,basket,pakara,p a k a r a,,,n
pakura-coix-lacryma-jobi,yab,pakura,pakura-coix-lacryma-jobi,Coix lacryma-jobi,pakura,p a k u r a,,,n
paku-arrow-tip,yab,paku,paku-arrow-tip,arrow tip,paku,p a k u,,,n
pana-ear,yab,pana,pana-ear,ear,pana,p a n a,,,n
pana-dat,yab,pana,pana-dat,DAT,pana,p a n a,,,postp
panaima-give-advice,yab,panaima,panaima-give-advice,give advice,panaima,p a n a i m a,,,vt
papa-father,yab,papa,papa-father,father,papa,p a p a,,,n
parata-silver,yab,parata,parata-silver,silver,parata,p a r a t a,,,n
pirata-silver,yab,pïrata,parata-silver,silver,pïrata,p ɨ r a t a,,,n
parujpe-broth,yab,parujpë,parujpe-broth,broth,parujpë,p a r u h p ə,,,n
pata-village,yab,pata,pata-village,village,pata,p a t a,,,n
pata-axe,yab,pata,pata-axe,axe,pata,p a t a,,,n
pate-cross,yab,patë,pate-cross,cross,patë,p a t ə,,,vt
penare-before,yab,penarë,penare-before,before,penarë,p e n a r ə,,,adv
pene-piranha,yab,pene,pene-piranha,piranha,pene,p e n e,,,n
pepoye-above-perl,yab,pepoye,pepoye-above-perl,above.PERL,pepoye,p e p o j e,,,postp
pe-palm-sp,yab,pe,pe-palm-sp,palm.sp,pe,p e,,,n
peti-leg,yab,peti,peti-leg,leg,peti,p e t i,,,n
peye-turtle-sp,yab,peye,peye-turtle-sp,turtle.sp,peye,p e j e,,,n
picha-capuchin-monkey,yab,picha,picha-capuchin-monkey,capuchin monkey,picha,p i t͡ʃ a,,,n
pichipichi-whitebait,yab,pichipichi,pichipichi-whitebait,whitebait,pichipichi,p i t͡ʃ i p i t͡ʃ i,,,n
pijpe-skin,yab,pijpë,pijpe-skin,skin,pijpë,p i h p ə,,,n
pika-peel,yab,pika,pika-peel,peel,pika,p i k a,,,vt
pike-fart,yab,pikë,pike-fart,fart,pikë,p i k ə,,,n
pipi-younger-brother-of-woman,yab,pipi,pipi-younger-brother-of-woman,younger brother of woman,pipi,p i p i,,,n
pirini-walk,yab,pirini,pirini-walk,walk,pirini,p i r i n i,,,vi
pirini-walk-1,yab,pïrini,pirini-walk,walk,pïrini,p ɨ r i n i,,,vi
pojte-want,yab,pojtë,pojte-want,want,pojtë,p o h t ə,,,vt
pore-leg,yab,pore,pore-leg,leg,pore,p o r e,,,n
poroko-basket-sp,yab,poroko,poroko-basket-sp,basket.sp,poroko,p o r o k o,,,n
poseti-belly,yab,poseti,poseti-belly,belly,poseti,p o s e t i,,,n
pota-mouth,yab,pota,pota-mouth,mouth; shore,pota,p o t a,,,n
poye-above,yab,poye,poye-above,above,poye,p o j e,,,postp
punu-flesh,yab,punu,punu-flesh,flesh,punu,p u n u,,,n
pun-flesh,yab,pun,punu-flesh,flesh,pun,p u n,,,n
puri-older,yab,puri,puri-older,older,puri,p u r i,,,n
putu-feel,yab,putu,putu-feel,feel,putu,p u t u,,,vt
peke-about,yab,pëkë,peke-about,about,pëkë,p ə k ə,,,postp
poko-about,yab,poko,peke-about,about,poko,p o k o,,,postp
penaka-return,yab,pënaka,penaka-return,return,pënaka,p ə n a k a,Maybe derived with [mp](kavbz).,,vt
pimi-neck,yab,pïmï,pimi-neck,neck,pïmï,p ɨ m ɨ,,,n
pirika-endure,yab,pïrïka,pirika-endure,endure,pïrïka,p ɨ r ɨ k a,,,vt
piti-paint,yab,pïtï,piti-paint,paint,pïtï,p ɨ t ɨ,,,vt
roka-wash,yab,roka,roka-wash,wash,roka,r o k a,,,vt
roko-crazy,yab,roko,roko-crazy,crazy,roko,r o k o,,,n
romoye-downriver,yab,romoye,romoye-downriver,downriver,romoye,r o m o j e,,,adv
rotoro-doctor,yab,rotoro,rotoro-doctor,doctor,rotoro,r o t o r o,,,n
rui-older-brother,yab,rui,rui-older-brother,older brother,rui,r u i,,,n
sai-penis,yab,sai,sai-penis,penis,sai,s a i,,,n
sakara-hoplias-malabaricus,yab,sakara,sakara-hoplias-malabaricus,hoplias malabaricus,sakara,s a k a r a,,,n
sakau-sand,yab,sakau,sakau-sand,sand,sakau,s a k a u,,,n
saku-sweet-potato,yab,saku,saku-sweet-potato,sweet potato,saku,s a k u,,,n
samo-cry,yab,samo,samo-cry,cry,samo,s a m o,,,vi
semo-cry,yab,sëmo,samo-cry,cry,sëmo,s ə m o,,,vi
asamo-cry,yab,asamo,samo-cry,cry,asamo,a s a m o,,,vi
sampu-black-piranha,yab,sampu,sampu-black-piranha,black piranha,sampu,s a m p u,,,n
sapara-heavy-pot,yab,sapara,sapara-heavy-pot,heavy pot,sapara,s a p a r a,,,n
sare-here-all,yab,sarë,sare-here-all,here.ALL,sarë,s a r ə,,,adv
sawo-rapids,yab,sawo,sawo-rapids,rapids,sawo,s a w o,,,n
sepami-get-married,yab,sepamï,sepami-get-married,get married,sepamï,s e p a m ɨ,,,vi
sepan-get-married,yab,sepan,sepami-get-married,get married,sepan,s e p a n,,,vi
sere-bitter-manioc,yab,sere,sere-bitter-manioc,bitter manioc,sere,s e r e,,,n
sojpa-take-out,yab,sojpa,sojpa-take-out,take out,sojpa,s o h p a,,,vt
sopika-skin,yab,sopika,sopika-skin,skin,sopika,s o p i k a,,,vt
sukase-all,yab,sukase,sukase-all,all,sukase,s u k a s e,,,adv
sukutaka-yucuta,yab,sukutaka,sukutaka-yucuta,yucuta,sukutaka,s u k u t a k a,,,n
surukupi-fish-sp,yab,surukupi,surukupi-fish-sp,fish.sp,surukupi,s u r u k u p i,,,n
sema-die,yab,sëma,sema-die,die,sëma,s ə m a,Looks like a DETRZ?,,vi
esema-die,yab,ësëma,sema-die,die,ësëma,ə s ə m a,Looks like a DETRZ?,,vi
tajme-ugly,yab,tajme,tajme-ugly,ugly,tajme,t a h m e,,,adv
tajnomo-piaroa,yab,tajnomo,tajnomo-piaroa,Piaroa,tajnomo,t a h n o m o,,,n
tajnon-piaroa,yab,tajnon,tajnomo-piaroa,Piaroa,tajnon,t a h n o n,,,n
tajromini-bad-omen,yab,tajromini,tajromini-bad-omen,bad omen,tajromini,t a h r o m i n i,,,n
tajromin-bad-omen,yab,tajromin,tajromini-bad-omen,bad omen,tajromin,t a h r o m i n,,,n
tajropo-have-fever,yab,tajropo,tajropo-have-fever,have fever,tajropo,t a h r o p o,,,vi
takono-other,yab,takono,takono-other,other,takono,t a k o n o,,,n
takon-other,yab,takon,takono-other,other,takon,t a k o n,,,n
takunu-laziness,yab,takunu,takunu-laziness,laziness,takunu,t a k u n u,,,n
tapa-beat,yab,tapa,tapa-beat,beat,tapa,t a p a,,,vt
tarine-fast,yab,tarine,tarine-fast,fast,tarine,t a r i n e,Derived with _-ne_?,,adv
taro-say,yab,taro,taro-say,say,taro,t a r o,,,vt
taj-say,yab,taj,taro-say,say,taj,t a h,,,vt
ta-say,yab,ta,taro-say,say,ta,t a,,,vt
tawani-darkness,yab,tawani,tawani-darkness,darkness,tawani,t a w a n i,,,n
tawa-nyctidromus-albicollis,yab,tawa,tawa-nyctidromus-albicollis,nyctidromus albicollis,tawa,t a w a,,,n
temeki-defend,yab,temekï,temeki-defend,defend,temekï,t e m e k ɨ,,,vt
semeki-defend,yab,semekï,temeki-defend,defend,semekï,s e m e k ɨ,,,vt
semej-defend,yab,semej,temeki-defend,defend,semej,s e m e h,,,vt
tojpa-hit,yab,tojpa,tojpa-hit,hit,tojpa,t o h p a,,,vt
tonko-play,yab,tonko,tonko-play,play,tonko,t o n k o,,,vi
torono-bird,yab,torono,torono-bird,bird,torono,t o r o n o,,,n
torote-cemetery,yab,torotë,torote-cemetery,cemetery,torotë,t o r o t ə,,,n
toto-non-indian,yab,toto,toto-non-indian,non-Indian,toto,t o t o,,,n
tujnaka-iller,yab,tujnaka,tujnaka-iller,iller,tujnaka,t u h n a k a,,,adv
tuna-water,yab,tuna,tuna-water,water,tuna,t u n a,,,n
tunami-hide,yab,tunamï,tunami-hide,hide,tunamï,t u n a m ɨ,,,vt
tunam-hide,yab,tunam,tunami-hide,hide,tunam,t u n a m,,,vt
tu-give,yab,tu,tu-give,give,tu,t u,,,vt
te-loc,yab,të,te-loc,LOC,të,t ə,,,postp
teijpo-far,yab,tëijpo,teijpo-far,far; long,tëijpo,t ə i h p o,,,adv
teijpe-far,yab,tëijpë,teijpo-far,far; long,tëijpë,t ə i h p ə,,,adv
teijpo-far-1,yab,teijpo,teijpo-far,far; long,teijpo,t e i h p o,,,adv
tejta-hollow,yab,tëjta,tejta-hollow,hollow,tëjta,t ə h t a,,,n
tenesemi-fish,yab,tënësemï,tenesemi-fish,fish,tënësemï,t ə n ə s e m ɨ,Etymologically morphologically complex.,,n
tenesem-fish,yab,tënësem,tenesemi-fish,fish,tënësem,t ə n ə s e m,Etymologically morphologically complex.,,n
tewi-3pro,yab,tëwï,tewi-3pro,3PRO,tëwï,t ə w ɨ,,,pn
ta-3pro,yab,ta,tewi-3pro,3PRO,ta,t a,,,pn
waijta-mouse,yab,waijta,waijta-mouse,mouse,waijta,w a i h t a,,,n
waijte-head,yab,waijtë,waijte-head,head,waijtë,w a i h t ə,,,n
waimu-language,yab,waimu,waimu-language,language,waimu,w a i m u,,,n
waimu-speak,yab,waimu,waimu-speak,speak,waimu,w a i m u,,,vi
waimurun-speak,yab,waimurun,waimu-speak,speak,waimurun,w a i m u r u n,,,vi
wajto-fire,yab,wajto,wajto-fire,fire,wajto,w a h t o,,,n
wajyaki-happy,yab,wajyakï,wajyaki-happy,happy,wajyakï,w a h j a k ɨ,,,n
wajyaki-be-happy,yab,wajyakï,wajyaki-be-happy,be happy,wajyakï,w a h j a k ɨ,,,vi
wajyakiti-be-happy,yab,wajyakïtï,wajyaki-be-happy,be happy,wajyakïtï,w a h j a k ɨ t ɨ,,,vi
wajyama-kiss,yab,wajyama,wajyama-kiss,kiss,wajyama,w a h j a m a,,,vt
wanapu-savannah,yab,wanapu,wanapu-savannah,savannah,wanapu,w a n a p u,,,n
wanene-aunt,yab,wanene,wanene-aunt,aunt,wanene,w a n e n e,,,n
waraijtokomo-man,yab,waraijtokomo,waraijtokomo-man,man,waraijtokomo,w a r a i h t o k o m o,,,n
waraijtokom-man,yab,waraijtokom,waraijtokomo-man,man,waraijtokom,w a r a i h t o k o m,,,n
waraijtokon-man,yab,waraijtokon,waraijtokomo-man,man,waraijtokon,w a r a i h t o k o n,,,n
waraijto-husband,yab,waraijto,waraijto-husband,husband,waraijto,w a r a i h t o,,,n
warota-work,yab,warota,warota-work,work,warota,w a r o t a,,,vi
waruwa-hoti,yab,waruwa,waruwa-hoti,hoti,waruwa,w a r u w a,,,n
waruwaru-hoti,yab,waruwaru,waruwa-hoti,hoti,waruwaru,w a r u w a r u,,,n
wasayi-attalea-maripa,yab,wasayi,wasayi-attalea-maripa,attalea maripa,wasayi,w a s a j i,,,n
wasai-attalea-maripa,yab,wasai,wasayi-attalea-maripa,attalea maripa,wasai,w a s a i,,,n
wati-burn,yab,watï,wati-burn,burn,watï,w a t ɨ,,,vi
waj-burn,yab,waj,wati-burn,burn,waj,w a h,,,vi
wawe-loc-aq,yab,wawë,wawe-loc-aq,LOC.AQ,wawë,w a w ə,,,postp
wejyaka-into-house-of,yab,wejyaka,wejyaka-into-house-of,into house of,wejyaka,w e h j a k a,,,postp
wejyate-in-house-of,yab,wejyatë,wejyate-in-house-of,in house of,wejyatë,w e h j a t ə,,,postp
weka-defecate,yab,weka,weka-defecate,defecate,weka,w e k a,,,vi
wena-vomit,yab,wena,wena-vomit,vomit,wena,w e n a,,,n
wenkepi-forget,yab,wenkepï,wenkepi-forget,forget,wenkepï,w e n k e p ɨ,,,vi
wenkepi-forget-1,yab,wënkepï,wenkepi-forget,forget,wënkepï,w ə n k e p ɨ,,,vi
wenkej-forget,yab,wënkej,wenkepi-forget,forget,wënkej,w ə n k e h,,,vi
wepi-come,yab,wepï,wepi-come,come,wepï,w e p ɨ,,,vi
wej-come,yab,wej,wepi-come,come,wej,w e h,,,vi
wereta-arrive,yab,wereta,wereta-arrive,arrive,wereta,w e r e t a,Potentially derived with [mp](tavbz).,,vi
werewere-mosquito-sp,yab,werewere,werewere-mosquito-sp,mosquito sp.,werewere,w e r e w e r e,,,n
wereyi-cloud,yab,wereyi,wereyi-cloud,cloud,wereyi,w e r e j i,,,n
werey-cloud,yab,werey,wereyi-cloud,cloud,werey,w e r e j,,,n
weroro-dog,yab,weroro,weroro-dog,dog,weroro,w e r o r o,,,n
weseyu-be-angry,yab,weseyu,weseyu-be-angry,be angry,weseyu,w e s e j u,,,vi
wesei-be-angry,yab,wesei,weseyu-be-angry,be angry,wesei,w e s e i,,,vi
wiriyamo-woman,yab,wiriyamo,wiriyamo-woman,woman,wiriyamo,w i r i j a m o,,,n
wurijyam-woman,yab,wurijyam,wiriyamo-woman,woman,wurijyam,w u r i h j a m,,,n
wurijyamo-woman,yab,wurijyamo,wiriyamo-woman,woman,wurijyamo,w u r i h j a m o,,,n
wurijyan-woman,yab,wurijyan,wiriyamo-woman,woman,wurijyan,w u r i h j a n,,,n
wejka-fall,yab,wëjka,wejka-fall,fall,wëjka,w ə h k a,,,vi
wejte-go-down,yab,wëjtë,wejte-go-down,go down,wëjtë,w ə h t ə,,,vi
we-kill,yab,wë,we-kill,kill,wë,w ə,,,vt
winiki-sleep,yab,wïnïkï,winiki-sleep,sleep,wïnïkï,w ɨ n ɨ k ɨ,,,vi
winik-sleep,yab,winik,winiki-sleep,sleep,winik,w i n i k,,,vi
winij-sleep,yab,wïnïj,winiki-sleep,sleep,wïnïj,w ɨ n ɨ h,,,vi
wire-1pro,yab,wïrë,wire-1pro,1PRO,wïrë,w ɨ r ə,,,pn
ya-ra-grandchild,yab,ya'ra,ya-ra-grandchild,grandchild,ya'ra,j a ʔ r a,,,n
yajno-brother-in-law-man,yab,yajno,yajno-brother-in-law-man,brother in law (man),yajno,j a h n o,,,n
yaka-all,yab,yaka,yaka-all,ALL,yaka,j a k a,,,postp
yaka-dig-out,yab,yaka,yaka-dig-out,dig out,yaka,j a k a,,,vt
yamane-make,yab,yamanë,yamane-make,make,yamanë,j a m a n ə,,,vt
yaman-make,yab,yaman,yamane-make,make,yaman,j a m a n,,,vt
yamani-make,yab,yamani,yamane-make,make,yamani,j a m a n i,,,vt
yami-pick-up,yab,yamï,yami-pick-up,pick up,yamï,j a m ɨ,,,vt
yan-pick-up,yab,yan,yami-pick-up,pick up,yan,j a n,,,vt
yam-pick-up,yab,yam,yami-pick-up,pick up,yam,j a m,,,vt
yane-mother,yab,yanë,yane-mother,mother,yanë,j a n ə,,,n
sane-mother,yab,sanë,yane-mother,mother,sanë,s a n ə,,,n
yaniki-call,yab,yanïkï,yaniki-call,call,yanïkï,j a n ɨ k ɨ,,,vt
yanij-call,yab,yanïj,yaniki-call,call,yanïj,j a n ɨ h,,,vt
yapijtomo-old,yab,yapijtomo,yapijtomo-old,old,yapijtomo,j a p i h t o m o,Fossilized _-tomo_.,,n
yapijton-old,yab,yapijton,yapijtomo-old,old,yapijton,j a p i h t o n,Fossilized _-tomo_.,,n
yapijtom-old,yab,yapijtom,yapijtomo-old,old,yapijtom,j a p i h t o m,Fossilized _-tomo_.,,n
yapechi-grab,yab,yapëchi,yapechi-grab,grab,yapëchi,j a p ə t͡ʃ i,,,vt
yapej-grab,yab,yapëj,yapechi-grab,grab,yapëj,j a p ə h,,,vt
yapichi-grab,yab,yapïchi,yapechi-grab,grab,yapïchi,j a p ɨ t͡ʃ i,,,vt
yarika-laugh,yab,yarika,yarika-laugh,laugh,yarika,j a r i k a,,,vi
yaruwa-laugh,yab,yaruwa,yaruwa-laugh,laugh,yaruwa,j a r u w a,,,vi
yare-bring,yab,yarë,yare-bring,bring,yarë,j a r ə,,,vt
yatane-adolescent,yab,yatanë,yatane-adolescent,adolescent,yatanë,j a t a n ə,,,n
yatam-adolescent,yab,yatam,yatane-adolescent,adolescent,yatam,j a t a m,,,n
yatan-adolescent,yab,yatan,yatane-adolescent,adolescent,yatan,j a t a n,,,n
yatunu-day,yab,yatunu,yatunu-day,day; sun,yatunu,j a t u n u,,,n
yatum-day,yab,yatum,yatunu-day,day; sun,yatum,j a t u m,,,n
yatun-day,yab,yatun,yatunu-day,day; sun,yatun,j a t u n,,,n
yate-loc,yab,yatë,yate-loc,LOC,yatë,j a t ə,,,postp
yawaka-sow,yab,yawaka,yawaka-sow,sow,yawaka,j a w a k a,,,vt
yawaki-grate,yab,yawakï,yawaki-grate,grate,yawakï,j a w a k ɨ,,,vt
yawaj-grate,yab,yawaj,yawaki-grate,grate,yawaj,j a w a h,,,vt
yawanka-kill,yab,yawanka,yawanka-kill,kill,yawanka,j a w a n k a,,,vt
yaye-loc,yab,yaye,yaye-loc,LOC,yaye,j a j e,,,postp
yemekunu-five,yab,yemekunu,yemekunu-five,five,yemekunu,j e m e k u n u,,,n
yeme-eat-fruits-eggs-soup,yab,yeme,yeme-eat-fruits-eggs-soup,"eat (fruits, eggs, soup)",yeme,j e m e,,,vt
yenepe-send-away,yab,yenepe,yenepe-send-away,send away,yenepe,j e n e p e,,,vt
yepema-pay,yab,yepema,yepema-pay,pay,yepema,j e p e m a,Potentially derived with [mp](macaus).,,vt
yojma-mix,yab,yojma,yojma-mix,mix,yojma,j o h m a,Maybe from [mp](oki-chicha) and [mp](macaus)?,,vt
yojte-fish-with-hook,yab,yojtë,yojte-fish-with-hook,fish with hook,yojtë,j o h t ə,,,vt
yoko-pimple,yab,yoko,yoko-pimple,pimple,yoko,j o k o,,,n
yoki-eat-starch,yab,yokï,yoki-eat-starch,eat (starch),yokï,j o k ɨ,,,vt
yoj-eat-starch,yab,yoj,yoki-eat-starch,eat (starch),yoj,j o h,,,vt
yopo-find,yab,yopo,yopo-find,find,yopo,j o p o,,,vt
yujwa-burn,yab,yujwa,yujwa-burn,burn,yujwa,j u h w a,,,vt
yumpe-fairly,yab,yumpe,yumpe-fairly,fairly; much,yumpe,j u m p e,,,adv
yutu-forest,yab,yutu,yutu-forest,forest,yutu,j u t u,,,n
ye-tooth,yab,yë,ye-tooth,tooth,yë,j ə,,,n
ye-tooth-1,yab,ye,ye-tooth,tooth,ye,j e,,,n
yejpe-bone,yab,yëjpë,yejpe-bone,bone,yëjpë,j ə h p ə,,,n
yempeka-offend,yab,yëmpëka,yempeka-offend,offend,yëmpëka,j ə m p ə k a,,,vt
yeni-drink,yab,yëni,yeni-drink,drink,yëni,j ə n i,,,vt
yeni-drink-1,yab,yeni,yeni-drink,drink,yeni,j e n i,,,vt
yen-drink,yab,yën,yeni-drink,drink,yën,j ə n,,,vt
yeni-drink-2,yab,yënï,yeni-drink,drink,yënï,j ə n ɨ,,,vt
yene-eat-meat,yab,yënë,yene-eat-meat,eat (meat),yënë,j ə n ə,,,vt
yewuku-answer,yab,yëwuku,yewuku-answer,answer,yëwuku,j ə w u k u,,,vt
yeye-tree,yab,yëye,yeye-tree,tree,yëye,j ə j e,,,n
yipi-mountain,yab,yïpï,yipi-mountain,mountain,yïpï,j ɨ p ɨ,,,n
ejpina-often,yab,ëjpïna,ejpina-often,often,ëjpïna,ə h p ɨ n a,,,adv
ekere-jaguar,yab,ëkërë,ekere-jaguar,jaguar,ëkërë,ə k ə r ə,,,n
empare-already,yab,ëmpare,empare-already,already,ëmpare,ə m p a r e,,,adv
impare-already,yab,ïmparë,empare-already,already,ïmparë,ɨ m p a r ə,,,adv
enuku-go-up,yab,ënuku,enuku-go-up,go up,ënuku,ə n u k u,,,vi
enuj-go-up,yab,ënuj,enuku-go-up,go up,ënuj,ə n u h,,,vi
erine-cooking-pot,yab,ërinë,erine-cooking-pot,cooking pot,ërinë,ə r i n ə,,,n
etipa-go-in-group,yab,ëtïpa,etipa-go-in-group,go in group,ëtïpa,ə t ɨ p a,,,vi
tipa-go-in-group,yab,tipa,etipa-go-in-group,go in group,tipa,t i p a,,,vi
ya-erg,yab,ya,ya-erg,ERG,ya,j a,,,postp
ya-obl,yab,ya,ya-obl,OBL,ya,j a,,,postp
yawe-loc,yab,yawë,yawe-loc,LOC,yawë,j a w ə,,,postp
yawo-loc,yab,yawo,yawe-loc,LOC,yawo,j a w o,,,postp
chawe-loc,yab,chawë,yawe-loc,LOC,chawë,t͡ʃ a w ə,,,postp
tawara-too,yab,tawara,tawara-too,too,tawara,t a w a r a,,,adv
tawaraij-too,yab,tawaraij,tawara-too,too,tawaraij,t a w a r a i h,,,adv
chi-cop,yab,chi,chi-cop,COP,chi,t͡ʃ i,*eti,,vi
ch-cop,yab,ch,chi-cop,COP,ch,t͡ʃ,*eti,,vi
chij-cop,yab,chij,chi-cop,COP,chij,t͡ʃ i h,*eti,,vi
wej-cop,yab,wej,chi-cop,COP,wej,w e h,*eti,,vi
waraij-like,yab,waraij,waraij-like,like,waraij,w a r a i h,,,postp
warai-like,yab,warai,waraij-like,like,warai,w a r a i,,,postp
te-go,yab,të,te-go,go,të,t ə,Irregularly inflected.,,vi
ke-ins,yab,ke,ke-ins,INS,ke,k e,,,postp
ewenke-ignorant,yab,ewenke,ewenke-ignorant,ignorant,ewenke,e w e n k e,,,postp
suku-urine,yab,suku,suku-urine,urine,suku,s u k u,,,n
suj-urine,yab,suj,suku-urine,urine,suj,s u h,,,n
mesuku-blood,yab,mesuku,mesuku-blood,blood,mesuku,m e s u k u,-tu PERT,,n
mesuj-blood,yab,mesuj,mesuku-blood,blood,mesuj,m e s u h,-tu PERT,,n
enka-finish,yab,ënka,enka-finish,finish,ënka,ə n k a,,,vt
enejka-watch,yab,enejka,enejka-watch,watch,enejka,e n e h k a,,,vt
tawejka-dawn,yab,tawejka,tawejka-dawn,dawn,tawejka,t a w e h k a,,,vi
aniki-who,yab,anïkï,aniki-who,who,anïkï,a n ɨ k ɨ,,,pn
aniki-who-1,yab,aniki,aniki-who,who,aniki,a n i k i,,,pn
ka-say,yab,ka,ka-say,say,ka,k a,,,vi
kaj-say,yab,kaj,ka-say,say,kaj,k a h,,,vi
iwiti-house,yab,ïwïtï,iwiti-house,house,ïwïtï,ɨ w ɨ t ɨ,,,n
iwij-house,yab,ïwïj,iwiti-house,house,ïwïj,ɨ w ɨ h,,,n
ej-house,yab,ëj,iwiti-house,house,ëj,ə h,,,n
tawaja-thus-neg,yab,tawaja,tawaja-thus-neg,thus.NEG,tawaja,t a w a h a,"Looks suspiciously like [mp](tawara-too) and [mp](janeg), but the combination would be unexpected.",,adv
kanta-sing,yab,kanta,kanta-sing,sing,kanta,k a n t a,,,vi
ekete-where,yab,ëkëtë,ekete-where,where,ëkëtë,ə k ə t ə,,,adv
ekej-where,yab,ëkëj,ekete-where,where,ëkëj,ə k ə h,,,adv
eki-chicha,yab,ëkï,eki-chicha,chicha,ëkï,ə k ɨ,,,n
oki-chicha,yab,okï,eki-chicha,chicha,okï,o k ɨ,,,n
womi-enter,yab,womï,womi-enter,enter,womï,w o m ɨ,,,vi
won-enter,yab,won,womi-enter,enter,won,w o n,,,vi
i-put,yab,i,i-put,put,i,i,,,vt
peremeki-talk,yab,përemekï,peremeki-talk,talk,përemekï,p ə r e m e k ɨ,,,vi
yekerema-boast-sexually,yab,yekerema,yekerema-boast-sexually,boast sexually,yekerema,j e k e r e m a,,,vt
sukuri-silently,yab,sukuri,sukuri-silently,silently,sukuri,s u k u r i,,,adv
yare-alone,yab,yarë,yare-alone,alone,yarë,j a r ə,,,postp
wera-like,yab,wëra,wera-like,like,wëra,w ə r a,,,postp
wara-like,yab,wara,wera-like,like,wara,w a r a,,,postp
wora-like,yab,wora,wera-like,like,wora,w o r a,,,postp
po-loc,yab,po,po-loc,LOC,po,p o,,,postp
tewijna-there-ana,yab,tëwïjna,tewijna-there-ana,there.ANA,tëwïjna,t ə w ɨ h n a,Potentially morphologically complex; related to [mp](tewi-3pro)?,,adv
ese-name,yab,ese,ese-name,name,ese,e s e,,,n
empami-learn,yab,ëmpamï,empami-learn,learn,ëmpamï,ə m p a m ɨ,,,vi
empan-learn,yab,ëmpan,empami-learn,learn,ëmpan,ə m p a n,,,vi
empam-learn,yab,ëmpam,empami-learn,learn,ëmpam,ə m p a m,,,vi
yakucho-p-a,yab,yakucho,yakucho-p-a,P. A.,yakucho,j a k u t͡ʃ o,,,n
akino-younger-brother,yab,akino,akino-younger-brother,younger brother,akino,a k i n o,,,n
yakara-believe,yab,yakara,yakara-believe,believe,yakara,j a k a r a,,,vi
pupuri-bactris-gasipaes,yab,pupuri,pupuri-bactris-gasipaes,Bactris gasipaes,pupuri,p u p u r i,,,n
pipiri-bactris-gasipaes,yab,pïpïri,pupuri-bactris-gasipaes,Bactris gasipaes,pïpïri,p ɨ p ɨ r i,,,n
pipiri-bactris-gasipaes-1,yab,pïpïrï,pupuri-bactris-gasipaes,Bactris gasipaes,pïpïrï,p ɨ p ɨ r ɨ,,,n
pijiguao-bactris-gasipaes,yab,pijiguao,pijiguao-bactris-gasipaes,Bactris gasipaes,pijiguao,,,,n
awo-uncle,yab,awo,awo-uncle,uncle; father in law,awo,a w o,,,n
ejwe-hammock,yab,ejwe,ejwe-hammock,hammock,ejwe,e h w e,,,n
ejwa-hammock,yab,ëjwa,ejwe-hammock,hammock,ëjwa,ə h w a,,,n
yakete-cut,yab,yakëtë,yakete-cut,cut,yakëtë,j a k ə t ə,,,vt
parangana-pot,yab,parangana,parangana-pot,pot,parangana,,Spanish loan.,,n
tampa-become-angry,yab,tampa,tampa-become-angry,become angry,tampa,t a m p a,,,vi
nanka-find,yab,nanka,nanka-find,find,nanka,n a n k a,,,vt
akono-younger-sister-of-woman,yab,akono,akono-younger-sister-of-woman,younger sister of woman,akono,a k o n o,,,n
nwa-glute,yab,nwa,nwa-glute,glute,nwa,n w a,,,n
ejne-below,yab,ëjnë,ejne-below,below,ëjnë,ə h n ə,,,postp
erepunu-sick,yab,erepunu,erepunu-sick,sick,erepunu,e r e p u n u,,,n
erepun-sick,yab,erepun,erepunu-sick,sick,erepun,e r e p u n,,,n
sarampion-measles,yab,sarampion,sarampion-measles,measles,sarampion,s a r a m p i o n,Spanish loan.,,n
joti-hoti,yab,joti,joti-hoti,hoti,joti,h o t i,,,n
akere-relative,yab,akërë,akere-relative,relative,akërë,a k ə r ə,,,n
akere-relative-1,yab,akere,akere-relative,relative,akere,a k e r e,,,n
u-starchy-food,yab,u,u-starchy-food,starchy food,u,u,,,n
wintika-disappear,yab,wintika,wintika-disappear,disappear,wintika,w i n t i k a,,,vi
sawankuwi-die,yab,sawankuwi,sawankuwi-die,die,sawankuwi,s a w a n k u w i,,,vi
sawankui-die,yab,sawankui,sawankuwi-die,die,sawankui,s a w a n k u i,,,vi
yawarana-yawarana,yab,yawarana,yawarana-yawarana,Yawarana,yawarana,j a w a r a n a,,,n
wine-from,yab,winë,wine-from,from,winë,w i n ə,,,postp
wine-from-1,yab,wïnë,wine-from,from,wïnë,w ɨ n ə,,,postp
kunawo-brother-in-law,yab,kuñawo,kunawo-brother-in-law,brother in law,kuñawo,k u ɲ a w o,Spanish loan.,,n
kanejte-weave,yab,kanejtë,kanejte-weave,weave,kanejtë,k a n e h t ə,Maybe with [mp](jtevbz)?,,vi
indigena-indigenous-person,yab,indigena,indigena-indigenous-person,indigenous person,indigena,,,,n
pekepene-alone,yab,pëkëpene,pekepene-alone,alone,pëkëpene,p ə k ə p e n e,,,postp
kajwe-coffee,yab,kajwe,kajwe-coffee,coffee,kajwe,k a h w e,Spanish loan.,,n
kapitan-chief,yab,kapitan,kapitan-chief,chief,kapitan,k a p i t a n,Spanish loan.,,n
are-leaf,yab,are,are-leaf,leaf; hair,are,a r e,,,n
ron-rum,yab,ron,ron-rum,rum,ron,r o n,Spanish loan.,,n
pike-when,yab,pïkë,pike-when,when,pïkë,p ɨ k ə,,,postp
peremeki-speak,yab,peremekï,peremeki-speak,speak,peremekï,p e r e m e k ɨ,,,vi
sanaka-heal,yab,sanaka,sanaka-heal,heal,sanaka,s a n a k a,,,vi
sempinuku-close-eyes,yab,sëmpinuku,sempinuku-close-eyes,close eyes,sëmpinuku,s ə m p i n u k u,,,vi
sempinuj-close-eyes,yab,sëmpinuj,sempinuku-close-eyes,close eyes,sëmpinuj,s ə m p i n u h,,,vi
pe-ess,yab,pe,pe-ess,ESS,pe,p e,,,postp
kerejpe-old,yab,kërëjpë,kerejpe-old,old,kërëjpë,k ə r ə h p ə,Looks like a lexicalized *-jpë*.,,n
kere-old,yab,kërë,kere-old,old,kërë,k ə r ə,Bound root?,,n
enu-eye,yab,ënu,enu-eye,eye,ënu,ə n u,,,n
emekunu-hand,yab,emekunu,emekunu-hand,hand,emekunu,e m e k u n u,,,n
umukunu-hand,yab,umukunu,emekunu-hand,hand,umukunu,u m u k u n u,,,n
ere-liver,yab,ere,ere-liver,liver,ere,e r e,,,n
oti-meat,yab,oti,oti-meat,meat,oti,o t i,,,n
ena-nose,yab,ëna,ena-nose,nose,ëna,ə n a,,,n
echi-smoke,yab,ëchi,echi-smoke,smoke,ëchi,ə t͡ʃ i,,,n
tepu-stone,yab,tëpu,tepu-stone,stone,tëpu,t ə p u,,,n
ape-arm-wing,yab,apë,ape-arm-wing,"arm, wing",apë,a p ə,,,n
yeremutu-ash,yab,yeremutu,yeremutu-ash,ash,yeremutu,j e r e m u t u,,,n
kanawa-canoe,yab,kanawa,kanawa-canoe,canoe,kanawa,k a n a w a,,,n
kemichini-be-cold,yab,këmïchini,kemichini-be-cold,be cold,këmïchini,k ə m ɨ t͡ʃ i n i,,,vi
yakuri-agouti,yab,yakuri,yakuri-agouti,agouti,yakuri,j a k u r i,,,n
makampra-aunt,yab,makampra,makampra-aunt,aunt,makampra,m a k a m p r a,older sister of mother,,n
yemi-be-hungry,yab,yëmï,yemi-be-hungry,be hungry,yëmï,j ə m ɨ,,,vi
yomi-be-hungry,yab,yomi,yemi-be-hungry,be hungry,yomi,j o m i,,,vi
yemi-be-hungry-1,yab,yëmi,yemi-be-hungry,be hungry,yëmi,j ə m i,,,vi
ijmojka-cook,yab,ijmojka,ijmojka-cook,cook,ijmojka,i h m o h k a,,,vt
ijmoka-cook,yab,ijmoka,ijmojka-cook,cook,ijmoka,i h m o k a,,,vt
padrastro-stepfather,yab,padrastro,padrastro-stepfather,stepfather,padrastro,p a d r a s t r o,,,n
akere-with,yab,akërë,akere-with,with,akërë,a k ə r ə,,,postp
ka-all,yab,ka,ka-all,ALL,ka,k a,,,postp
maijte-go-imp,yab,maijtë,maijte-go-imp,go.IMP,maijtë,m a i h t ə,,,vi
ejnomo-ejnomo,yab,ejnomo,ejnomo-ejnomo,ejnomo,ejnomo,e h n o m o,mother of the water,,n
enirepeke-recently,yab,enirëpëke,enirepeke-recently,recently,enirëpëke,e n i r ə p ə k e,,,adv
meresantomo-med-inan-pl,yab,mërësantomo,meresantomo-med-inan-pl,MED.INAN.PL,mërësantomo,m ə r ə s a n t o m o,,,pn
mente-here,yab,mëntë,mente-here,here,mëntë,m ə n t ə,,,adv
mete-here,yab,mëtë,mente-here,here,mëtë,m ə t ə,,,adv
ejwetunu-sick,yab,ejwetunu,ejwetunu-sick,sick,ejwetunu,e h w e t u n u,,,n
ejetum-sick,yab,ejetum,ejwetunu-sick,sick,ejetum,e h e t u m,,,n
penare-ancestor,yab,penarë,penare-ancestor,ancestor,penarë,p e n a r ə,,,n
yeneka-take-away,yab,yeneka,yeneka-take-away,take away,yeneka,j e n e k a,,,vt
yakijte-sleep-with,yab,yakïjtë,yakijte-sleep-with,sleep with,yakïjtë,j a k ɨ h t ə,,,vt
chayi-son,yab,chayi,chayi-son,son,chayi,t͡ʃ a j i,,,n
sujta-urinate,yab,sujta,sujta-urinate,urinate,suj ta,s u h t a,,,vi
kaimota-hunt,yab,kaimota,kaimota-hunt,hunt,kaimo ta,k a i m o t a,,,vi
meteta-thin,yab,mëtëta,meteta-thin,thin,mëtë ta,m ə t ə t a,,,vi
yokota-grow-pimple,yab,yokota,yokota-grow-pimple,grow pimple,yoko ta,j o k o t a,,,vi
erepunta-become-sick,yab,erepunta,erepunta-become-sick,become sick,erepun ta,e r e p u n t a,,,vi
wereyta-cloud-over,yab,wereyta,wereyta-cloud-over,cloud over,werey ta,w e r e j t a,,,vi
wanaputa-grow-savannah-grass,yab,wanaputa,wanaputa-grow-savannah-grass,grow savannah grass,wanapu ta,w a n a p u t a,,,vi
sakauta-get-sandy,yab,sakauta,sakauta-get-sandy,get sandy,sakau ta,s a k a u t a,,,vi
rokota-become-crazy,yab,rokota,rokota-become-crazy,become crazy,roko ta,r o k o t a,,,vi
punta-form-pulp,yab,punta,punta-form-pulp,form pulp,pun ta,p u n t a,,,vi
piketa-fart,yab,pikëta,piketa-fart,fart,pikë ta,p i k ə t a,,,vi
pichipichita-form-whitebait,yab,pichipichita,pichipichita-form-whitebait,form whitebait,pichipichi ta,p i t͡ʃ i p i t͡ʃ i t a,,,vi
nakita-be-thirsty,yab,nakita,nakita-be-thirsty,be thirsty,naki ta,n a k i t a,,,vi
mukuta-have-son,yab,mukuta,mukuta-have-son,have son,muku ta,m u k u t a,,,vi
motota-fill-with-worms,yab,motota,motota-fill-with-worms,fill with worms,moto ta,m o t o t a,,,vi
moronta-hurt,yab,moronta,moronta-hurt,hurt,moron ta,m o r o n t a,,,vi
mesujta-bleed,yab,mesujta,mesujta-bleed,bleed,mesuj ta,m e s u h t a,,,vi
kereta-ripen,yab,kërëta,kereta-ripen,ripen,kërë ta,k ə r ə t a,,,vi
kemuta-emit-pus,yab,këmuta,kemuta-emit-pus,emit pus,këmu ta,k ə m u t a,,,vi
konopota-start-rainy-season,yab,konopota,konopota-start-rainy-season,start rainy season,konopo ta,k o n o p o t a,,,vi
kawonota-get-high,yab,kawonota,kawonota-get-high,get high,kawono ta,k a w o n o t a,,,vi
kamparata-grow,yab,kamparata,kamparata-grow,grow; change (voice),kampara ta,k a m p a r a t a,,,vi
chekeyta-fill-with-nits,yab,chëkëyta,chekeyta-fill-with-nits,fill with nits,chëkëy ta,t͡ʃ ə k ə j t a,,,vi
chimichimita-fill-with-worms-dog,yab,chimichimita,chimichimita-fill-with-worms-dog,fill with worms (dog),chimichimi ta,t͡ʃ i m i t͡ʃ i m i t a,,,vi
chiketa-get-chiggers,yab,chikëta,chiketa-get-chiggers,get chiggers,chikë ta,t͡ʃ i k ə t a,,,vi
awochita-form-tumor,yab,awochita,awochita-form-tumor,form tumor,awochi ta,a w o t͡ʃ i t a,,,vi
asereta-have-dry-cough,yab,asereta,asereta-have-dry-cough,have dry cough,asere ta,a s e r e t a,,,vi
aijkoronota-recover,yab,aijkoronota,aijkoronota-recover,recover,aijkorono ta,a i h k o r o n o t a,,,vi
ajpachita-overgrows,yab,ajpachita,ajpachita-overgrows,overgrows,ajpachi ta,a h p a t͡ʃ i t a,,,vi
akita-fill-with-worms,yab,akïta,akita-fill-with-worms,fill with worms,akï ta,a k ɨ t a,,,vi
apita-ripen,yab,apita,apita-ripen,ripen,api ta,a p i t a,,,vi
amuta-ripen,yab,amuta,amuta-ripen,ripen,amu ta,a m u t a,,,vi
chijchiputa-move-body,yab,chijchiputa,chijchiputa-move-body,move body,chijchipu ta,t͡ʃ i h t͡ʃ i p u t a,,,vi
kasota-fatten,yab,kasota,kasota-fatten,fatten,kaso ta,k a s o t a,,,vi
takunuta-slack-off,yab,takunuta,takunuta-slack-off,slack off,takunu ta,t a k u n u t a,,,vi
werewereta-swarm-mosquitos,yab,werewereta,werewereta-swarm-mosquitos,swarm (mosquitos),werewere ta,w e r e w e r e t a,,,vi
keyata-grow,yab,këyata,keyata-grow,grow,këya ta,k ə j a t a,,,vi
keyeta-grow,yab,këyeta,keyata-grow,grow,këye ta,k ə j e t a,,,vi
majta-become-thin,yab,majta,majta-become-thin,become thin,maj ta,m a h t a,,,vi
paijta-swell-river,yab,paijta,paijta-swell-river,swell (river),paij ta,p a i h t a,,,vi
wenaka-vomit,yab,wenaka,wenaka-vomit,vomit,wena ka,w e n a k a,,,vt
ajpachika-weed,yab,ajpachika,ajpachika-weed,weed,ajpachi ka,a h p a t͡ʃ i k a,,,vt
mejyaka-uncover,yab,mejyaka,mejyaka-uncover,uncover,mejya ka,m e h j a k a,,,vt
moronka-make-suffer,yab,moronka,moronka-make-suffer,make suffer,moron ka,m o r o n k a,,,vt
mujnaka-dig-out,yab,mujnaka,mujnaka-dig-out,dig out,mujna ka,m u h n a k a,,,vt
pataka-take-out,yab,pataka,pataka-take-out,take out,pata ka,p a t a k a,,,vt
ejnai-make-self,yab,ëjnai,ejnai-make-self,make self,ëj nai,ə h n a i,,,vi
ejwenaka-vomit,yab,ëjwenaka,ejwenaka-vomit,vomit,ëj wena ka,ə h w e n a k a,,,vi
serema-eat,yab,serema,serema-eat,eat,s ere ma,s e r e m a,,,vi
senka-finish,yab,sënka,senka-finish,finish,s ënka,s ə n k a,,,vi
ejneme-remain,yab,ëjnëmë,ejneme-remain,remain,ëj nëmë,ə h n ə m ə,Interesting semantics?,,vi
senejka-stay,yab,senejka,senejka-stay,stay,s enejka,s e n e h k a,,,vi
apataka-come-out,yab,apataka,apataka-come-out,come out,a pata ka,a p a t a k a,,,vi
sereka-become-tired,yab,sereka,sereka-become-tired,become tired,s ereka,s e r e k a,,,vi
esene-see-self,yab,esene,esene-see-self,see self,es ene,e s e n e,,,vi
sene-see-self,yab,sene,esene-see-self,see self,s ene,s e n e,,,vi
atapej-seize-on,yab,atapëj,atapej-seize-on,seize on,at apëj,a t a p ə h,,,vi
ejpenaka-return,yab,ëjpënaka,ejpenaka-return,return,ëj pënaka,ə h p ə n a k a,,,vi
katupuma-pile-up,yab,katupuma,katupuma-pile-up,pile up,katupu ma,k a t u p u m a,,,vt
keyama-raise,yab,këyama,keyama-raise,raise,këya ma,k ə j a m a,,,vt
kirima-thicken,yab,kïrïma,kirima-thicken,thicken,kïrï ma,k ɨ r ɨ m a,,,vt
morontama-cause-pain,yab,morontama,morontama-cause-pain,cause pain,moron ta ma,m o r o n t a m a,,,vt
pejma-bewitch,yab,pejma,pejma-bewitch,bewitch,pej ma,p e h m a,,,vt
yajwema-sweeten,yab,yajwema,yajwema-sweeten,sweeten,yajwe ma,j a h w e m a,,,vt
yapima-make-worse,yab,yapima,yapima-make-worse,make worse,yapi ma,j a p i m a,,,vt
yatuma-warm,yab,yatuma,yatuma-warm,warm,yatu ma,j a t u m a,,,vt
yerema-feed,yab,yerema,yerema-feed,feed,yere ma,j e r e m a,,,vt
erema-feed,yab,erema,yerema-feed,feed,ere ma,e r e m a,,,vt
yakarama-tell,yab,yakarama,yakarama-tell,tell,yakara ma,j a k a r a m a,,,vt
kojpaye-at-night,yab,kojpaye,kojpaye-at-night,at night,kojpa ye,k o h p a j e,,,adv
kamprake-big,yab,kamprake,kamprake-big,big,kampra ke,k a m p r a k e,,,adv
tejpore-tasty,yab,tejpore,tejpore-tasty,tasty,tejpo re,t e h p o r e,,,adv
tapire-red,yab,tapire,tapire-red,red,tapi re,t a p i r e,,,adv
pechine-odorous,yab,pëchine,pechine-odorous,odorous,pëchi ne,p ə t͡ʃ i n e,,,adv
pochine-odorous,yab,pochine,pechine-odorous,odorous,pochi ne,p o t͡ʃ i n e,,,adv
makepijke-second-mother,yab,makëpïjkë,makepijke-second-mother,second mother,makë pïjkë,m a k ə p ɨ h k ə,,,n
meteye-thin,yab,mëtëye,meteye-thin,thin,mëtë ye,m ə t ə j e,,,adv
tepeti-go-plur,yab,tëpëti,tepeti-go-plur,go (PLUR),të pëti,t ə p ə t i,,,vi
sejpeti-dream,yab,sejpëti,sejpeti-dream,dream,sej pëti,s e h p ə t i,,,vi
sejpej-dream,yab,sejpëj,sejpeti-dream,dream,sej pëj,s e h p ə h,,,vi
mujnajte-bury,yab,mujnajtë,mujnajte-bury,bury,mujna jtë,m u h n a h t ə,,,vt
ajpachike-undergrowth-prop,yab,ajpachi-ke,ajpachike-undergrowth-prop,undergrowth-PROP,ajpachi ke,,,,adv
asereke-dry-cough-prop,yab,asere-ke,asereke-dry-cough-prop,dry_cough-PROP,asere ke,,,,adv
enirono-now-nmlz,yab,eniro-no,enirono-now-nmlz,now-NMLZ; today-NMLZ,eniro no,,,,n
ijmokani-cook-agtnmlz,yab,ijmoka-ni,ijmokani-cook-agtnmlz,cook-AGTNMLZ,ijmoka ni,,,,n
kaimoke-game-prop,yab,kaimo-ke,kaimoke-game-prop,game-PROP,kaimo ke,,,,adv
kamparake-big-prop,yab,kampara-ke,kamparake-big-prop,big-PROP,kampara ke,,,,adv
kereke-old-prop,yab,kërë-ke,kereke-old-prop,old-PROP,kërë ke,,,,adv
nonoke-earth-prop,yab,nono-ke,nonoke-earth-prop,earth-PROP,nono ke,,,,n
nopano-good-nmlz,yab,nop-ano,nopano-good-nmlz,good-NMLZ,nop ano,,,,n
panake-ear-prop,yab,pana-ke,panake-ear-prop,ear-PROP,pana ke,,,,adv
pejmani-bewitch-agtnmlz,yab,pejma-ni,pejmani-bewitch-agtnmlz,bewitch-AGTNMLZ,pej ma ni,,,,n
teijpono-far-nmlz,yab,teijpo-no,teijpono-far-nmlz,far-NMLZ; long-NMLZ,teijpo no,,,,n
tejporemi-tasty-nmlz,yab,tejpore-mï,tejporemi-tasty-nmlz,tasty-NMLZ,tejpo re mï,,,,n
sereke-bitter-manioc-prop,yab,sere-ke,sereke-bitter-manioc-prop,bitter_manioc-PROP,sere ke,,,,adv
yemepeti-eat-fruits-eggs-soup-plur,yab,yeme-pëti,yemepeti-eat-fruits-eggs-soup-plur,eat(fruits_eggs_soup)-PLUR,yeme pëti,,,,vt
enireno-now-nmlz,yab,enirë-no,enireno-now-nmlz,now-NMLZ; today-NMLZ,enirë no,,,,n
yojteni-fish-with-hook-agtnmlz,yab,yojtë-ni,yojteni-fish-with-hook-agtnmlz,fish_with_hook-AGTNMLZ,yojtë ni,,,,n
iyajteni-care-for-agtnmlz,yab,iyajtë-ni,iyajteni-care-for-agtnmlz,care_for-AGTNMLZ,iyajtë ni,,,,n
keyamani-raise-agtnmlz,yab,këyama-ni,keyamani-raise-agtnmlz,raise-AGTNMLZ,këya ma ni,,,,n
yaweno-loc-nmlz,yab,yawë-no,yaweno-loc-nmlz,LOC-NMLZ,yawë no,,,,n
ijmojkatopo-cook-circ-nmlz,yab,ijmojka-topo,ijmojkatopo-cook-circ-nmlz,cook-CIRC.NMLZ,ijmojka topo,,,,n
kani-take-out-agtnmlz,yab,ka-ni,kani-take-out-agtnmlz,take_out-AGTNMLZ,ka ni,,,,n
moronkapo-make-suffer-des,yab,moronka-po,moronkapo-make-suffer-des,make_suffer-DES,moron ka po,,,,vt
taropo-say-des,yab,taro-po,taropo-say-des,say-DES,taro po,,,,vt
yepematopo-pay-circ-nmlz,yab,yepema-topo,yepematopo-pay-circ-nmlz,pay-CIRC.NMLZ,yepema topo,,,,n
warotatopo-work-circ-nmlz,yab,warota-topo,warotatopo-work-circ-nmlz,work-CIRC.NMLZ,warota topo,,,,n
serekapo-become-tired-des,yab,sereka-po,serekapo-become-tired-des,become_tired-DES,s ereka po,,,,vi
yarikatopo-laugh-circ-nmlz,yab,yarika-topo,yarikatopo-laugh-circ-nmlz,laugh-CIRC.NMLZ,yarika topo,,,,n
itapo-hear-des,yab,ita-po,itapo-hear-des,hear-DES,ita po,,,,vt
yaruwatopo-laugh-circ-nmlz,yab,yaruwa-topo,yaruwatopo-laugh-circ-nmlz,laugh-CIRC.NMLZ,yaruwa topo,,,,n
yakaramapeti-tell-plur,yab,yakarama-pëti,yakaramapeti-tell-plur,tell-PLUR,yakara ma pëti,,,,vt
yeneni-eat-meat-agtnmlz,yab,yënë-ni,yeneni-eat-meat-agtnmlz,eat(meat)-AGTNMLZ,yënë ni,,,,n
mukupijke-child-dim,yab,muku-pïjkë,mukupijke-child-dim,child-DIM,muku pïjkë,,,,n
tepej-go-plur,yab,të-pëj,tepej-go-plur,go-PLUR,të pëj,,,,vi
yenepej-eat-meat-plur,yab,yënë-pëj,yenepej-eat-meat-plur,eat(meat)-PLUR,yënë pëj,,,,vt
tampapeti-become-angry-plur,yab,tampa-pëti,tampapeti-become-angry-plur,become_angry-PLUR,tampa pëti,,,,vi
samopeti-cry-plur,yab,samo-pëti,samopeti-cry-plur,cry-PLUR,samo pëti,,,,vi
semapej-die-plur,yab,sëma-pëj,semapej-die-plur,die-PLUR,sëma pëj,,,,vi
enteno-here-loc-nmlz,yab,entë-no,enteno-here-loc-nmlz,here.LOC-NMLZ,entë no,,,,n
yempekapeti-offend-plur,yab,yëmpëka-pëti,yempekapeti-offend-plur,offend-PLUR,yëmpëka pëti,,,,vt
ijmojkani-cook-agtnmlz,yab,ijmojka-ni,ijmojkani-cook-agtnmlz,cook-AGTNMLZ,ijmojka ni,,,,n
itopo-put-circ-nmlz,yab,i-topo,itopo-put-circ-nmlz,put-CIRC.NMLZ,i topo,,,,n
apono-later-nmlz,yab,apo-no,apono-later-nmlz,later-NMLZ; meanwhile-NMLZ,apo no,,,,n
moronemi-hurting-nmlz,yab,morone-mï,moronemi-hurting-nmlz,hurting-NMLZ,morone mï,,,,n
enirem-now-nmlz,yab,enirë-m,enirem-now-nmlz,now-NMLZ; today-NMLZ,enirë m,,,,n
yareni-bring-agtnmlz,yab,yarë-ni,yareni-bring-agtnmlz,bring-AGTNMLZ,yarë ni,,,,n
tojpapeti-hit-plur,yab,tojpa-pëti,tojpapeti-hit-plur,hit-PLUR,tojpa pëti,,,,vt
yaketeni-cut-agtnmlz,yab,yakëtë-ni,yaketeni-cut-agtnmlz,cut-AGTNMLZ,yakëtë ni,,,,n
enijpeteno-one-nmlz,yab,enijpëtë-no,enijpeteno-one-nmlz,one-NMLZ,enijpëtë no,,,,n
epepej-escape-plur,yab,epe-pëj,epepej-escape-plur,escape-PLUR; hide_and_seek-PLUR,epe pëj,,,,vi
wepej-kill-plur,yab,wë-pëj,wepej-kill-plur,kill-PLUR,wë pëj,,,,vt
rokotapeti-become-crazy-plur,yab,rokota-pëti,rokotapeti-become-crazy-plur,become_crazy-PLUR,roko ta pëti,,,,vi
pojtepo-want-des,yab,pojtë-po,pojtepo-want-des,want-DES,pojtë po,,,,vt
senkapeti-finish-plur,yab,s-ënka-pëti,senkapeti-finish-plur,finish-PLUR,s ënka pëti,,,,vi
senkapej-finish-plur,yab,s-ënka-pëj,senkapej-finish-plur,finish-PLUR,s ënka pëj,,,,vi
minteno-there-loc-nmlz,yab,mïntë-no,minteno-there-loc-nmlz,there.LOC-NMLZ,mïntë no,,,,n
tuni-give-agtnmlz,yab,tu-ni,tuni-give-agtnmlz,give-AGTNMLZ,tu ni,,,,n
wejkapeti-fall-plur,yab,wëjka-pëti,wejkapeti-fall-plur,fall-PLUR,wëjka pëti,,,,vi
karasakemi-white-nmlz,yab,karasake-mï,karasakemi-white-nmlz,white-NMLZ,karasake mï,,,,n
asakeno-two-nmlz,yab,asakë-no,asakeno-two-nmlz,two-NMLZ,asakë no,,,,n
yawakani-sow-agtnmlz,yab,yawaka-ni,yawakani-sow-agtnmlz,sow-AGTNMLZ,yawaka ni,,,,n
ipo-put-des,yab,i-po,ipo-put-des,put-DES,i po,,,,vt
sematopo-die-circ-nmlz,yab,sëma-topo,sematopo-die-circ-nmlz,die-CIRC.NMLZ,sëma topo,,,,n
sukasemi-all-nmlz,yab,sukase-mï,sukasemi-all-nmlz,all-NMLZ,sukase mï,,,,n
wejtetoj-go-down-circ-nmlz,yab,wëjtë-toj,wejtetoj-go-down-circ-nmlz,go_down-CIRC.NMLZ,wëjtë toj,,,,n
senkatoj-finish-circ-nmlz,yab,s-ënka-toj,senkatoj-finish-circ-nmlz,finish-CIRC.NMLZ,s ënka toj,,,,n
nemepeti-leave-plur,yab,nëmë-pëti,nemepeti-leave-plur,leave-PLUR,nëmë pëti,,,,vt
yujwapeti-burn-plur,yab,yujwa-pëti,yujwapeti-burn-plur,burn-PLUR,yujwa pëti,,,,vt
keyatapej-grow-plur,yab,këyata-pëj,keyatapej-grow-plur,grow-PLUR,këya ta pëj,,,,vi
papapijke-father-dim,yab,papa-pïjkë,papapijke-father-dim,father-DIM,papa pïjkë,,,,n
yawankatoj-kill-circ-nmlz,yab,yawanka-toj,yawankatoj-kill-circ-nmlz,kill-CIRC.NMLZ,yawanka toj,,,,n
poyeno-above-nmlz,yab,poye-no,poyeno-above-nmlz,above-NMLZ,poye no,,,,n
yenepepej-send-away-plur,yab,yenepe-pëj,yenepepej-send-away-plur,send_away-PLUR,yenepe pëj,,,,vt
yawankapej-kill-plur,yab,yawanka-pëj,yawankapej-kill-plur,kill-PLUR,yawanka pëj,,,,vt
yaketepej-cut-plur,yab,yakëtë-pëj,yaketepej-cut-plur,cut-PLUR,yakëtë pëj,,,,vt
yemepo-eat-fruits-eggs-soup-des,yab,yeme-po,yemepo-eat-fruits-eggs-soup-des,eat(fruits_eggs_soup)-DES,yeme po,,,,vt
pitipej-paint-plur,yab,pïtï-pëj,pitipej-paint-plur,paint-PLUR,pïtï pëj,,,,vt
wetopo-kill-circ-nmlz,yab,wë-topo,wetopo-kill-circ-nmlz,kill-CIRC.NMLZ,wë topo,,,,n
tapiremi-red-nmlz,yab,tapire-mï,tapiremi-red-nmlz,red-NMLZ,tapi re mï,,,,n
waraijtoke-husband-prop,yab,waraijto-ke,waraijtoke-husband-prop,husband-PROP,waraijto ke,,,,n
patakapeti-take-out-plur,yab,pataka-pëti,patakapeti-take-out-plur,take_out-PLUR,pata ka pëti,,,,vt
semapo-die-des,yab,sëma-po,semapo-die-des,die-DES,sëma po,,,,vi
poreke-leg-prop,yab,pore-ke,poreke-leg-prop,leg-PROP,pore ke,,,,n
mukuke-child-prop,yab,muku-ke,mukuke-child-prop,child-PROP,muku ke,,,,n
karasakem-white-nmlz,yab,karasake-m,karasakem-white-nmlz,white-NMLZ,karasake m,,,,n
yenepo-eat-meat-des,yab,yënë-po,yenepo-eat-meat-des,eat(meat)-DES,yënë po,,,,vt
weretapej-arrive-plur,yab,wereta-pëj,weretapej-arrive-plur,arrive-PLUR,wereta pëj,,,,vi
atike-plot-of-cultivated-land-prop,yab,ati-ke,atike-plot-of-cultivated-land-prop,plot_of_cultivated_land-PROP,ati ke,,,,adv
ejpenakapeti-return-plur,yab,ëjpënaka-pëti,ejpenakapeti-return-plur,return-PLUR,ëj pënaka pëti,,,,vi
kamwiyajkapo-change-des,yab,kamwiyajka-po,kamwiyajkapo-change-des,change-DES,kamwiyajka po,,,,vt
yenekapo-take-away-des,yab,yeneka-po,yenekapo-take-away-des,take_away-DES,yeneka po,,,,vt
yanepijke-mother-dim,yab,yanë-pïjkë,yanepijke-mother-dim,mother-DIM,yanë pïjkë,,,,n
tupo-give-des,yab,tu-po,tupo-give-des,give-DES,tu po,,,,vt
teijpono-far-nmlz-1,yab,tëijpo-no,teijpono-far-nmlz-1,far-NMLZ; long-NMLZ,tëijpo no,,,,n
tojpapej-hit-plur,yab,tojpa-pëj,tojpapej-hit-plur,hit-PLUR,tojpa pëj,,,,vt
pojteni-want-agtnmlz,yab,pojtë-ni,pojteni-want-agtnmlz,want-AGTNMLZ,pojtë ni,,,,n
warotapo-work-des,yab,warota-po,warotapo-work-des,work-DES,warota po,,,,vi
yawankani-kill-agtnmlz,yab,yawanka-ni,yawankani-kill-agtnmlz,kill-AGTNMLZ,yawanka ni,,,,n
wejkatopo-fall-circ-nmlz,yab,wëjka-topo,wejkatopo-fall-circ-nmlz,fall-CIRC.NMLZ,wëjka topo,,,,n
ipej-put-plur,yab,i-pëj,ipej-put-plur,put-PLUR,i pëj,,,,vt
itapej-hear-plur,yab,ita-pëj,itapej-hear-plur,hear-PLUR,ita pëj,,,,vt
yarepej-bring-plur,yab,yarë-pëj,yarepej-bring-plur,bring-PLUR,yarë pëj,,,,vt
tetopo-go-circ-nmlz,yab,të-topo,tetopo-go-circ-nmlz,go-CIRC.NMLZ,të topo,,,,n
kaimotatopo-hunt-circ-nmlz,yab,kaimota-topo,kaimotatopo-hunt-circ-nmlz,hunt-CIRC.NMLZ,kaimo ta topo,,,,n
itani-hear-agtnmlz,yab,ita-ni,itani-hear-agtnmlz,hear-AGTNMLZ,ita ni,,,,n
yojmatopo-mix-circ-nmlz,yab,yojma-topo,yojmatopo-mix-circ-nmlz,mix-CIRC.NMLZ,yojma topo,,,,n
kerepijke-old-dim,yab,kërë-pïjkë,kerepijke-old-dim,old-DIM,kërë pïjkë,,,,n
yateno-loc-nmlz,yab,yatë-no,yateno-loc-nmlz,LOC-NMLZ,yatë no,,,,n
yemetopo-eat-fruits-eggs-soup-circ-nmlz,yab,yeme-topo,yemetopo-eat-fruits-eggs-soup-circ-nmlz,eat(fruits_eggs_soup)-CIRC.NMLZ,yeme topo,,,,n
yempekapo-offend-des,yab,yëmpëka-po,yempekapo-offend-des,offend-DES,yëmpëka po,,,,vt
wintikapej-disappear-plur,yab,wintika-pëj,wintikapej-disappear-plur,disappear-PLUR,wintika pëj,,,,vi
waimupo-speak-des,yab,waimu-po,waimupo-speak-des,speak-DES,waimu po,,,,vi
