ID,Wordform_ID,Stem_ID,Index
ajpachike-undergrowth-prop-deriv-stem,ajpachike-undergrowth-prop,ajpachike-undergrowth-prop,"0,1"
ajpachike-undergrowth-prop-0,ajpachike-undergrowth-prop,ajpachi-undergrowth,0
aniki-who-0,aniki-who,aniki-who-1,0
apo-later-0,apo-later,apo-later,0
arajmate-dangerous-0,arajmate-dangerous,arajmate-dangerous,0
arokate-difficult-0,arokate-difficult,arokate-difficult,0
asakontompene-four-0,asakontompene-four,asakontompene-four,0
asake-two-0,asake-two,asake-two,0
asane-2-mother-pert-1,asane-2-mother-pert,sane-mother,1
asereke-dry-cough-prop-deriv-stem,asereke-dry-cough-prop,asereke-dry-cough-prop,"0,1"
asereke-dry-cough-prop-0,asereke-dry-cough-prop,asere-dry-cough,0
ayawori-2-uncle-pert-1,ayawori-2-uncle-pert,awo-uncle,1
chijchipuru-body-movement-pert-0,chijchipuru-body-movement-pert,chijchipu-body-movement,0
ejne-1-2pro-0,ejne-1-2pro,ejne-1-2pro,0
enijpete-one-0,enijpete-one,enijpete-one,0
enirono-now-nmlz-deriv-stem,enirono-now-nmlz,enirono-now-nmlz,"0,1"
enirono-now-nmlz-0,enirono-now-nmlz,eniro-now,0
ente-here-loc-0,ente-here-loc,ente-here-loc,0
ewine-here-all-0,ewine-here-all,ewine-here-all,0
ijmokani-cook-agtnmlz-deriv-stem,ijmokani-cook-agtnmlz,ijmokani-cook-agtnmlz,"0,1"
ijmokani-cook-agtnmlz-0,ijmokani-cook-agtnmlz,ijmoka-cook,0
ijtari-3-foot-pert-1,ijtari-3-foot-pert,jta-foot,1
inawe-have-0,inawe-have,inawe-have,0
intipijke-small-0,intipijke-small,intipijke-small,0
irejpe-then-0,irejpe-then,irejpe-then,0
kaimoke-game-prop-deriv-stem,kaimoke-game-prop,kaimoke-game-prop,"0,1"
kaimoke-game-prop-0,kaimoke-game-prop,kaimo-game,0
kamparake-big-prop-deriv-stem,kamparake-big-prop,kamparake-big-prop,"0,1"
kamparake-big-prop-0,kamparake-big-prop,kampara-big,0
karasake-white-0,karasake-white,karasake-white,0
kasori-fat-pert-0,kasori-fat-pert,kaso-fat,0
kawe-high-0,kawe-high,kawe-high,0
kojpaye-at-night-0,kojpaye-at-night,kojpaye-at-night,0
kori-brassolis-sophorae-pert-0,kori-brassolis-sophorae-pert,ko-brassolis-sophorae,0
kururu-prochilodus-mariae-pert-0,kururu-prochilodus-mariae-pert,kuru-prochilodus-mariae,0
kuyari-tree-sp-pert-0,kuyari-tree-sp-pert,kuya-tree-sp,0
kemuru-pus-pert-0,kemuru-pus-pert,kemu-pus,0
kereke-old-prop-deriv-stem,kereke-old-prop,kereke-old-prop,"0,1"
kereke-old-prop-0,kereke-old-prop,kere-old,0
kerekemi-old-prop-nmlz-deriv-stem,kerekemi-old-prop-nmlz,kereke-old-prop,"0,1"
kerekemi-old-prop-nmlz-0,kerekemi-old-prop-nmlz,kere-old,0
keya-think-acnnmlz-0,keya-think-acnnmlz,keya-think,0
pe-ess-0,pe-ess,pe-ess,0
morone-hurting-0,morone-hurting,morone-hurting,0
mune-bulbous-0,mune-bulbous,mune-bulbous,0
mejki-dist-anim-0,mejki-dist-anim,mejki-dist-anim,0
mijna-there-all-0,mijna-there-all,mijna-there-all,0
najmo-grandmother-0,najmo-grandmother,najmo-grandmother,0
nakiri-thirst-pert-0,nakiri-thirst-pert,naki-thirst,0
nonokemi-earth-prop-nmlz-deriv-stem,nonokemi-earth-prop-nmlz,nonoke-earth-prop,"0,1"
nonokemi-earth-prop-nmlz-0,nonokemi-earth-prop-nmlz,nono-earth,0
nopano-good-nmlz-deriv-stem,nopano-good-nmlz,nopano-good-nmlz,"0,1"
nopano-good-nmlz-0,nopano-good-nmlz,nop-good,0
nope-good-0,nope-good,nope-good,0
ntate-mouth-npert-0,ntate-mouth-npert,nta-mouth,0
nuru-tongue-pert-0,nuru-tongue-pert,nu-tongue,0
pakuri-arrow-tip-pert-0,pakuri-arrow-tip-pert,paku-arrow-tip,0
panake-ear-prop-deriv-stem,panake-ear-prop,panake-ear-prop,"0,1"
panake-ear-prop-0,panake-ear-prop,pana-ear,0
pejmani-bewitch-agtnmlz-deriv-stem,pejmani-bewitch-agtnmlz,pejmani-bewitch-agtnmlz,"0,1"
pejmani-bewitch-agtnmlz-0,pejmani-bewitch-agtnmlz,pejma-bewitch,0
pepoye-above-perl-0,pepoye-above-perl,pepoye-above-perl,0
peri-palm-sp-pert-0,peri-palm-sp-pert,pe-palm-sp,0
poseti-belly-0,poseti-belly,poseti-belly,0
puturu-feel-ipfv-0,puturu-feel-ipfv,putu-feel,0
peke-about-0,peke-about,peke-about,0
pekepene-alone-0,pekepene-alone,pekepene-alone,0
romoye-downriver-0,romoye-downriver,romoye-downriver,0
rui-older-brother-0,rui-older-brother,rui-older-brother,0
saparari-heavy-pot-pert-0,saparari-heavy-pot-pert,sapara-heavy-pot,0
sukase-all-0,sukase-all,sukase-all,0
tajme-ugly-0,tajme-ugly,tajme-ugly,0
takunuru-laziness-pert-0,takunuru-laziness-pert,takunu-laziness,0
tapire-red-0,tapire-red,tapire-red,0
tatu-3p-give-ipfv-1,tatu-3p-give-ipfv,tu-give,1
tawaru-nyctidromus-albicollis-pert-0,tawaru-nyctidromus-albicollis-pert,tawa-nyctidromus-albicollis,0
tawori-3-uncle-pert-1,tawori-3-uncle-pert,awo-uncle,1
teijpo-far-0,teijpo-far,teijpo-far-1,0
teijpono-far-nmlz-deriv-stem,teijpono-far-nmlz,teijpono-far-nmlz,"0,1"
teijpono-far-nmlz-0,teijpono-far-nmlz,teijpo-far-1,0
tejpore-tasty-0,tejpore-tasty,tejpore-tasty,0
tejporemi-tasty-nmlz-deriv-stem,tejporemi-tasty-nmlz,tejporemi-tasty-nmlz,"0,1"
tejporemi-tasty-nmlz-0,tejporemi-tasty-nmlz,tejpore-tasty,0
tejweti-3-hammock-pert-1,tejweti-3-hammock-pert,ejwe-hammock,1
terepunu-3-sick-pert-1,terepunu-3-sick-pert,erepunu-sick,1
tesekemi-prop-name-prop-nmlz-1,tesekemi-prop-name-prop-nmlz,ese-name,1
toti-3-meat-pert-1,toti-3-meat-pert,oti-meat,1
tujnaka-iller-0,tujnaka-iller,tujnaka-iller,0
teijpo-far-1-0,teijpo-far-1,teijpo-far,0
tewi-3pro-0,tewi-3pro,tewi-3pro,0
tewisantomo-3pro-pl-0,tewisantomo-3pro-pl,tewisantomo-3pro-pl,0
wanene-aunt-0,wanene-aunt,wanene-aunt,0
waraijtori-husband-pert-0,waraijtori-husband-pert,waraijto-husband,0
wenaru-vomit-pert-0,wenaru-vomit-pert,wena-vomit,0
weseyu-be-angry-acnnmlz-0,weseyu-be-angry-acnnmlz,weseyu-be-angry,0
weseyuru-be-angry-ipfv-0,weseyuru-be-angry-ipfv,weseyu-be-angry,0
yane-mother-0,yane-mother,yane-mother,0
yumpe-fairly-0,yumpe-fairly,yumpe-fairly,0
yewukuru-answer-ipfv-0,yewukuru-answer-ipfv,yewuku-answer,0
ejpina-often-0,ejpina-often,ejpina-often,0
ejte-house-npert-0,ejte-house-npert,ej-house,0
empare-already-0,empare-already,empare-already,0
enukuru-go-up-ipfv-0,enukuru-go-up-ipfv,enuku-go-up,0
toto-non-indian-0,toto-non-indian,toto-non-indian,0
mokontomo-2pl-pro-0,mokontomo-2pl-pro,mokontomo-2pl-pro,0
ya-erg-0,ya-erg,ya-erg,0
yenijpe-drink-pst-0,yenijpe-drink-pst,yeni-drink-1,0
ta-say-ipfv-0,ta-say-ipfv,ta-say,0
ta-say-acnnmlz-0,ta-say-acnnmlz,ta-say,0
tototon-non-indian-pl-0,tototon-non-indian-pl,toto-non-indian,0
yoti-lk-meat-pert-1,yoti-lk-meat-pert,oti-meat,1
warai-like-0,warai-like,warai-like,0
waraij-like-0,waraij-like,waraij-like,0
tase-say-pst-0,tase-say-pst,ta-say,0
asuka-sugar-0,asuka-sugar,asuka-sugar,0
chi-cop-acnnmlz-0,chi-cop-acnnmlz,chi-cop,0
yawe-loc-0,yawe-loc,yawe-loc,0
wejsape-cop-pst-0,wejsape-cop-pst,wej-cop,0
enirepeke-recently-0,enirepeke-recently,enirepeke-recently,0
ke-ins-0,ke-ins,ke-ins,0
tawara-too-0,tawara-too,tawara-too,0
kajwe-coffee-0,kajwe-coffee,kajwe-coffee,0
yenija-drink-neg-0,yenija-drink-neg,yeni-drink-1,0
yenija-drink-neg-1-0,yenija-drink-neg-1,yeni-drink,0
esene-see-self-ipfv-0,esene-see-self-ipfv,esene-see-self,0
seneja-see-self-neg-0,seneja-see-self-neg,sene-see-self,0
arina-trembler-0,arina-trembler,arina-trembler,0
aro-rice-0,aro-rice,aro-rice,0
yenesemi-eat-meat-ptcp-nmlz-0,yenesemi-eat-meat-ptcp-nmlz,yene-eat-meat,0
sere-bitter-manioc-0,sere-bitter-manioc,sere-bitter-manioc,0
sukutaka-yucuta-0,sukutaka-yucuta,sukutaka-yucuta,0
yajtepe-before-0,yajtepe-before,yajtepe-before,0
tainija-3p-see-neg-1,tainija-3p-see-neg,ini-see,1
tajtoj-say-circ-nmlz-deriv-stem,tajtoj-say-circ-nmlz,tajtoj-say-circ-nmlz,"0,1"
tajtoj-say-circ-nmlz-0,tajtoj-say-circ-nmlz,taj-say,0
inijpe-see-pst-0,inijpe-see-pst,ini-see,0
inijpe-see-pst-acnnmlz-0,inijpe-see-pst-acnnmlz,ini-see,0
kampra-big-0,kampra-big,kampra-big,0
chawe-loc-0,chawe-loc,chawe-loc,0
yeneja-eat-meat-neg-0,yeneja-eat-meat-neg,yene-eat-meat,0
sereke-bitter-manioc-prop-deriv-stem,sereke-bitter-manioc-prop,sereke-bitter-manioc-prop,"0,1"
sereke-bitter-manioc-prop-0,sereke-bitter-manioc-prop,sere-bitter-manioc,0
yuru-lk-starchy-food-pert-1,yuru-lk-starchy-food-pert,u-starchy-food,1
onono-another-0,onono-another,onono-another,0
yenipeke-drink-prog-tr-0,yenipeke-drink-prog-tr,yeni-drink-1,0
kimii-chili-0,kimii-chili,kimii-chili,0
chike-cop-acnnmlz-prop-0,chike-cop-acnnmlz-prop,chi-cop,0
yemepeti-eat-fruits-eggs-soup-plur-ipfv-deriv-stem,yemepeti-eat-fruits-eggs-soup-plur-ipfv,yemepeti-eat-fruits-eggs-soup-plur,"0,1"
yemepeti-eat-fruits-eggs-soup-plur-ipfv-0,yemepeti-eat-fruits-eggs-soup-plur-ipfv,yeme-eat-fruits-eggs-soup,0
yeni-drink-ipfv-0,yeni-drink-ipfv,yeni-drink-1,0
teke-go-acnnmlz-prop-0,teke-go-acnnmlz-prop,te-go,0
papa-father-0,papa-father,papa-father,0
yojtejpe-fish-with-hook-pst-0,yojtejpe-fish-with-hook-pst,yojte-fish-with-hook,0
enireno-now-nmlz-deriv-stem,enireno-now-nmlz,enireno-now-nmlz,"0,1"
enireno-now-nmlz-0,enireno-now-nmlz,enire-now,0
take-say-imp-0,take-say-imp,ta-say,0
yene-eat-meat-ipfv-0,yene-eat-meat-ipfv,yene-eat-meat,0
ijtese-3-go-pst-1,ijtese-3-go-pst,te-go,1
impare-already-0,impare-already,impare-already,0
senkaja-finish-neg-0,senkaja-finish-neg,senka-finish,0
keyatajpe-grow-pst-acnnmlz-0,keyatajpe-grow-pst-acnnmlz,keyata-grow,0
yaweno-loc-nmlz-deriv-stem,yaweno-loc-nmlz,yaweno-loc-nmlz,"0,1"
yaweno-loc-nmlz-0,yaweno-loc-nmlz,yawe-loc,0
wire-1pro-0,wire-1pro,wire-1pro,0
tototomo-non-indian-pl-0,tototomo-non-indian-pl,toto-non-indian,0
naike-do-acnnmlz-prop-0,naike-do-acnnmlz-prop,nai-do,0
yamane-make-ipfv-0,yamane-make-ipfv,yamane-make,0
nepijpe-bring-pst-0,nepijpe-bring-pst,nepi-bring,0
erine-cooking-pot-0,erine-cooking-pot,erine-cooking-pot,0
nono-earth-0,nono-earth,nono-earth,0
yerine-lk-cooking-pot-pert-1,yerine-lk-cooking-pot-pert,erine-cooking-pot,1
ijmojkatopo-cook-circ-nmlz-deriv-stem,ijmojkatopo-cook-circ-nmlz,ijmojkatopo-cook-circ-nmlz,"0,1"
ijmojkatopo-cook-circ-nmlz-0,ijmojkatopo-cook-circ-nmlz,ijmojka-cook,0
pataka-take-out-ipfv-0,pataka-take-out-ipfv,pataka-take-out,0
aponte-seat-0,aponte-seat,aponte-seat,0
yeye-tree-0,yeye-tree,yeye-tree,0
kani-take-out-agtnmlz-deriv-stem,kani-take-out-agtnmlz,kani-take-out-agtnmlz,"0,1"
kani-take-out-agtnmlz-0,kani-take-out-agtnmlz,ka-take-out,0
yaponteri-lk-seat-pert-1,yaponteri-lk-seat-pert,aponte-seat,1
poye-above-0,poye-above,poye-above,0
turi-give-acnnmlz-0,turi-give-acnnmlz,tu-give,0
po-loc-0,po-loc,po-loc,0
poroko-basket-sp-0,poroko-basket-sp,poroko-basket-sp,0
wepija-come-neg-0,wepija-come-neg,wepi-come,0
mukuton-child-pl-0,mukuton-child-pl,muku-child,0
empamija-learn-neg-0,empamija-learn-neg,empami-learn,0
yiwiti-lk-house-pert-1,yiwiti-lk-house-pert,iwiti-house,1
mukutom-child-pl-0,mukutom-child-pl,muku-child,0
ya-ratom-grandchild-pl-0,ya-ratom-grandchild-pl,ya-ra-grandchild,0
ya-ra-grandchild-0,ya-ra-grandchild,ya-ra-grandchild,0
empampejteke-learn-plur-pl-imp-deriv-stem,empampejteke-learn-plur-pl-imp,empampej-learn-plur,"0,1"
empampejteke-learn-plur-pl-imp-0,empampejteke-learn-plur-pl-imp,empam-learn,0
moronkapo-make-suffer-des-ipfv-deriv-stem,moronkapo-make-suffer-des-ipfv,moronkapo-make-suffer-des,"0,1"
moronkapo-make-suffer-des-ipfv-0,moronkapo-make-suffer-des-ipfv,moronka-make-suffer,0
taropo-say-des-ipfv-deriv-stem,taropo-say-des-ipfv,taropo-say-des,"0,1"
taropo-say-des-ipfv-0,taropo-say-des-ipfv,taro-say,0
ya-ratomo-grandchild-pl-0,ya-ratomo-grandchild-pl,ya-ra-grandchild,0
waraijtokomo-man-0,waraijtokomo-man,waraijtokomo-man,0
keyaja-think-neg-0,keyaja-think-neg,keya-think,0
empamtoj-learn-circ-nmlz-deriv-stem,empamtoj-learn-circ-nmlz,empamtoj-learn-circ-nmlz,"0,1"
empamtoj-learn-circ-nmlz-0,empamtoj-learn-circ-nmlz,empam-learn,0
tawaraij-too-0,tawaraij-too,tawaraij-too,0
minte-there-loc-0,minte-there-loc,minte-there-loc,0
yenepeja-send-away-neg-0,yenepeja-send-away-neg,yenepe-send-away,0
wejtane-cop-cncs-0,wejtane-cop-cncs,wej-cop,0
chiripo-cop-irr-0,chiripo-cop-irr,chi-cop,0
tajpetiri-say-plur-ipfv-deriv-stem,tajpetiri-say-plur-ipfv,tajpeti-say-plur,"0,1"
tajpetiri-say-plur-ipfv-0,tajpetiri-say-plur-ipfv,taj-say,0
empansaj-learn-pfv-0,empansaj-learn-pfv,empan-learn,0
mukutomo-child-pl-0,mukutomo-child-pl,muku-child,0
senejkaja-stay-neg-0,senejkaja-stay-neg,senejka-stay,0
moronkaja-make-suffer-neg-0,moronkaja-make-suffer-neg,moronka-make-suffer,0
pojte-want-acnnmlz-0,pojte-want-acnnmlz,pojte-want,0
yawakaja-sow-neg-0,yawakaja-sow-neg,yawaka-sow,0
wejsaj-cop-pst-0,wejsaj-cop-pst,wej-cop,0
indigena-indigenous-person-0,indigena-indigenous-person,indigena-indigenous-person,0
wejpo-come-des-ipfv-deriv-stem,wejpo-come-des-ipfv,wejpo-come-des,"0,1"
wejpo-come-des-ipfv-0,wejpo-come-des-ipfv,wej-come,0
yareja-bring-neg-0,yareja-bring-neg,yare-bring,0
empamipeke-learn-prog-tr-0,empamipeke-learn-prog-tr,empami-learn,0
empamiri-learn-ipfv-0,empamiri-learn-ipfv,empami-learn,0
taro-say-ipfv-0,taro-say-ipfv,taro-say,0
penare-before-0,penare-before,penare-before,0
yepematopo-pay-circ-nmlz-deriv-stem,yepematopo-pay-circ-nmlz,yepematopo-pay-circ-nmlz,"0,1"
yepematopo-pay-circ-nmlz-0,yepematopo-pay-circ-nmlz,yepema-pay,0
mukuru-child-pert-0,mukuru-child-pert,muku-child,0
ijteri-3-go-ipfv-1,ijteri-3-go-ipfv,te-go,1
ijtetojpe-3-go-fut-1,ijtetojpe-3-go-fut,te-go,1
ana-1-3pro-0,ana-1-3pro,ana-1-3pro,0
warotatopo-work-circ-nmlz-deriv-stem,warotatopo-work-circ-nmlz,warotatopo-work-circ-nmlz,"0,1"
warotatopo-work-circ-nmlz-0,warotatopo-work-circ-nmlz,warota-work,0
tapojteja-3p-want-neg-1,tapojteja-3p-want-neg,pojte-want,1
mere-2pro-0,mere-2pro,mere-2pro,0
iniri-see-ipfv-0,iniri-see-ipfv,ini-see,0
yarika-laugh-ipfv-0,yarika-laugh-ipfv,yarika-laugh,0
yaruwari-laugh-ipfv-0,yaruwari-laugh-ipfv,yaruwa-laugh,0
yaruwaja-laugh-neg-0,yaruwaja-laugh-neg,yaruwa-laugh,0
yakarama-tell-acnnmlz-0,yakarama-tell-acnnmlz,yakarama-tell,0
yaruwakem-laugh-acnnmlz-prop-nmlz-0,yaruwakem-laugh-acnnmlz-prop-nmlz,yaruwa-laugh,0
tajtane-say-cncs-0,tajtane-say-cncs,taj-say,0
serekapo-become-tired-des-ipfv-deriv-stem,serekapo-become-tired-des-ipfv,serekapo-become-tired-des,"0,1"
serekapo-become-tired-des-ipfv-0,serekapo-become-tired-des-ipfv,sereka-become-tired,0
pokono-about-nmlz-deriv-stem,pokono-about-nmlz,pokono-about-nmlz,"0,1"
pokono-about-nmlz-0,pokono-about-nmlz,poko-about,0
iri-put-ipfv-0,iri-put-ipfv,i-put,0
tunam-hide-acnnmlz-0,tunam-hide-acnnmlz,tunam-hide,0
yarikari-laugh-ipfv-0,yarikari-laugh-ipfv,yarika-laugh,0
tawaja-thus-neg-0,tawaja-thus-neg,tawaja-thus-neg,0
yarikaja-laugh-neg-0,yarikaja-laugh-neg,yarika-laugh,0
yarikatopo-laugh-circ-nmlz-deriv-stem,yarikatopo-laugh-circ-nmlz,yarikatopo-laugh-circ-nmlz,"0,1"
yarikatopo-laugh-circ-nmlz-0,yarikatopo-laugh-circ-nmlz,yarika-laugh,0
taitapo-3p-hear-des-ipfv-deriv-stem,taitapo-3p-hear-des-ipfv,itapo-hear-des,"1,2"
taitapo-3p-hear-des-ipfv-1,taitapo-3p-hear-des-ipfv,ita-hear,1
chiri-cop-acnnmlz-0,chiri-cop-acnnmlz,chi-cop,0
senejkari-stay-ipfv-0,senejkari-stay-ipfv,senejka-stay,0
yiwij-lk-house-pert-1,yiwij-lk-house-pert,iwij-house,1
yaka-all-0,yaka-all,yaka-all,0
sukuri-silently-0,sukuri-silently,sukuri-silently,0
itari-hear-ipfv-0,itari-hear-ipfv,ita-hear,0
wajyakiti-be-happy-ipfv-0,wajyakiti-be-happy-ipfv,wajyakiti-be-happy,0
kajke-say-imp-0,kajke-say-imp,kaj-say,0
senejkari-stay-ipfv-1-0,senejkari-stay-ipfv-1,senejka-stay,0
pana-dat-0,pana-dat,pana-dat,0
yaruwatopo-laugh-circ-nmlz-deriv-stem,yaruwatopo-laugh-circ-nmlz,yaruwatopo-laugh-circ-nmlz,"0,1"
yaruwatopo-laugh-circ-nmlz-0,yaruwatopo-laugh-circ-nmlz,yaruwa-laugh,0
inke-see-imp-0,inke-see-imp,in-see,0
yaruwatepeke-laugh-prog-intr-0,yaruwatepeke-laugh-prog-intr,yaruwa-laugh,0
chi-cop-ipfv-0,chi-cop-ipfv,chi-cop,0
ini-see-acnnmlz-0,ini-see-acnnmlz,ini-see,0
waimu-speak-ipfv-0,waimu-speak-ipfv,waimu-speak,0
ijpe-put-pst-0,ijpe-put-pst,i-put,0
yekerema-boast-sexually-ipfv-0,yekerema-boast-sexually-ipfv,yekerema-boast-sexually,0
yaruwa-laugh-ipfv-0,yaruwa-laugh-ipfv,yaruwa-laugh,0
mare-still-0,mare-still,mare-still-1,0
yatum-day-0,yatum-day,yatum-day,0
inija-see-neg-0,inija-see-neg,ini-see,0
yare-alone-0,yare-alone,yare-alone,0
peremekiri-talk-ipfv-0,peremekiri-talk-ipfv,peremeki-talk,0
chiyakon-friend-pert-0,chiyakon-friend-pert,chiyakon-friend,0
yarikasemi-laugh-ptcp-nmlz-0,yarikasemi-laugh-ptcp-nmlz,yarika-laugh,0
yakaramapetiri-tell-plur-ipfv-deriv-stem,yakaramapetiri-tell-plur-ipfv,yakaramapeti-tell-plur,"0,1"
yakaramapetiri-tell-plur-ipfv-0,yakaramapetiri-tell-plur-ipfv,yakarama-tell,0
yeneni-eat-meat-agtnmlz-deriv-stem,yeneni-eat-meat-agtnmlz,yeneni-eat-meat-agtnmlz,"0,1"
yeneni-eat-meat-agtnmlz-0,yeneni-eat-meat-agtnmlz,yene-eat-meat,0
takono-other-0,takono-other,takono-other,0
muku-child-0,muku-child,muku-child,0
wurijyam-woman-0,wurijyam-woman,wurijyam-woman,0
waraijto-husband-0,waraijto-husband,waraijto-husband,0
yutu-forest-0,yutu-forest,yutu-forest,0
ekejna-where-nmlz-deriv-stem,ekejna-where-nmlz,ekejna-where-nmlz,"0,1"
ekejna-where-nmlz-0,ekejna-where-nmlz,ekej-where,0
surukupi-fish-sp-0,surukupi-fish-sp,surukupi-fish-sp,0
tuna-water-0,tuna-water,tuna-water,0
tetojpe-go-fut-0,tetojpe-go-fut,te-go,0
makuyupi-catfish-sp-0,makuyupi-catfish-sp,makuyupi-catfish-sp,0
yapejpejta-grab-plur-motimp-deriv-stem,yapejpejta-grab-plur-motimp,yapejpej-grab-plur,"0,1"
yapejpejta-grab-plur-motimp-0,yapejpejta-grab-plur-motimp,yapej-grab,0
tejta-hollow-0,tejta-hollow,tejta-hollow,0
tatuse-3p-give-pst-1,tatuse-3p-give-pst,tu-give,1
imukuru-3-child-pert-1,imukuru-3-child-pert,muku-child,1
mukupijke-child-dim-deriv-stem,mukupijke-child-dim,mukupijke-child-dim,"0,1"
mukupijke-child-dim-0,mukupijke-child-dim,muku-child,0
mukujpe-child-pst-0,mukujpe-child-pst,muku-child,0
tanemese-3p-leave-pst-1,tanemese-3p-leave-pst,neme-leave,1
yapejke-grab-imp-0,yapejke-grab-imp,yapej-grab,0
tatase-3p-say-pst-1,tatase-3p-say-pst,ta-say,1
nejke-bring-imp-0,nejke-bring-imp,nej-bring,0
chijpe-cop-pst-0,chijpe-cop-pst,chi-cop,0
ijtepejta-3-go-plur-motimp-deriv-stem,ijtepejta-3-go-plur-motimp,tepej-go-plur,"1,2"
ijtepejta-3-go-plur-motimp-1,ijtepejta-3-go-plur-motimp,te-go,1
tayene-3p-eat-meat-ipfv-1,tayene-3p-eat-meat-ipfv,yene-eat-meat,1
panari-ear-pert-0,panari-ear-pert,pana-ear,0
samopeke-cry-prog-tr-0,samopeke-cry-prog-tr,samo-cry,0
tayenepejse-3p-eat-meat-plur-pst-deriv-stem,tayenepejse-3p-eat-meat-plur-pst,yenepej-eat-meat-plur,"1,2"
tayenepejse-3p-eat-meat-plur-pst-1,tayenepejse-3p-eat-meat-plur-pst,yene-eat-meat,1
panarijpe-ear-pert-pst-0,panarijpe-ear-pert-pst,pana-ear,0
tena-loc-nmlz-deriv-stem,tena-loc-nmlz,tena-loc-nmlz,"0,1"
tena-loc-nmlz-0,tena-loc-nmlz,te-loc,0
mesuku-blood-0,mesuku-blood,mesuku-blood,0
yenetojpano-eat-meat-fut-concl-0,yenetojpano-eat-meat-fut-concl,yene-eat-meat,0
wepiri-come-ipfv-0,wepiri-come-ipfv,wepi-come,0
tampapeti-become-angry-plur-ipfv-deriv-stem,tampapeti-become-angry-plur-ipfv,tampapeti-become-angry-plur,"0,1"
tampapeti-become-angry-plur-ipfv-0,tampapeti-become-angry-plur-ipfv,tampa-become-angry,0
anajmo-2-grandmother-pert-1,anajmo-2-grandmother-pert,najmo-grandmother,1
yenepejsape-eat-meat-plur-pfv-deriv-stem,yenepejsape-eat-meat-plur-pfv,yenepej-eat-meat-plur,"0,1"
yenepejsape-eat-meat-plur-pfv-0,yenepejsape-eat-meat-plur-pfv,yene-eat-meat,0
tayenese-3p-eat-meat-pst-1,tayenese-3p-eat-meat-pst,yene-eat-meat,1
anajmori-2-grandmother-pert-1,anajmori-2-grandmother-pert,najmo-grandmother,1
yakarama-tell-ipfv-0,yakarama-tell-ipfv,yakarama-tell,0
tajromini-bad-omen-0,tajromini-bad-omen,tajromini-bad-omen,0
itaja-hear-neg-0,itaja-hear-neg,ita-hear,0
ej-house-0,ej-house,ej-house,0
orojyamo-evil-being-0,orojyamo-evil-being,orojyamo-evil-being,0
tajromin-bad-omen-0,tajromin-bad-omen,tajromin-bad-omen,0
aniki-who-1-0,aniki-who-1,aniki-who,0
yaye-loc-0,yaye-loc,yaye-loc,0
samopeti-cry-plur-ipfv-deriv-stem,samopeti-cry-plur-ipfv,samopeti-cry-plur,"0,1"
samopeti-cry-plur-ipfv-0,samopeti-cry-plur-ipfv,samo-cry,0
iriyawe-then-0,iriyawe-then,iriyawe-then,0
tajrominkemi-bad-omen-prop-nmlz-deriv-stem,tajrominkemi-bad-omen-prop-nmlz,tajrominke-bad-omen-prop,"0,1"
tajrominkemi-bad-omen-prop-nmlz-0,tajrominkemi-bad-omen-prop-nmlz,tajromin-bad-omen,0
tajrominiri-bad-omen-pert-0,tajrominiri-bad-omen-pert,tajromini-bad-omen,0
semapejse-die-plur-pst-deriv-stem,semapejse-die-plur-pst,semapej-die-plur,"0,1"
semapejse-die-plur-pst-0,semapejse-die-plur-pst,sema-die,0
yawo-loc-0,yawo-loc,yawo-loc,0
sema-die-acnnmlz-0,sema-die-acnnmlz,sema-die,0
yakerej-lk-relative-pert-1,yakerej-lk-relative-pert,akere-relative-1,1
tayakaramari-3p-tell-ipfv-1,tayakaramari-3p-tell-ipfv,yakarama-tell,1
tajrominke-bad-omen-prop-deriv-stem,tajrominke-bad-omen-prop,tajrominke-bad-omen-prop,"0,1"
tajrominke-bad-omen-prop-0,tajrominke-bad-omen-prop,tajromin-bad-omen,0
esemane-die-inf-0,esemane-die-inf,esema-die,0
wenkejpejse-forget-plur-pst-deriv-stem,wenkejpejse-forget-plur-pst,wenkejpej-forget-plur,"0,1"
wenkejpejse-forget-plur-pst-0,wenkejpejse-forget-plur-pst,wenkej-forget,0
yatam-adolescent-0,yatam-adolescent,yatam-adolescent,0
pipi-younger-brother-of-woman-0,pipi-younger-brother-of-woman,pipi-younger-brother-of-woman,0
make-mom-0,make-mom,make-mom,0
sepamii-get-married-hort-0,sepamii-get-married-hort,sepami-get-married,0
tayeremari-3p-feed-ipfv-1,tayeremari-3p-feed-ipfv,yerema-feed,1
sepanke-get-married-imp-0,sepanke-get-married-imp,sepan-get-married,0
waraijtokon-man-0,waraijtokon-man,waraijtokon-man,0
kunawo-brother-in-law-0,kunawo-brother-in-law,kunawo-brother-in-law,0
kintase-become-tired-pst-0,kintase-become-tired-pst,kinta-become-tired,0
yakereti-lk-relative-pert-1,yakereti-lk-relative-pert,akere-relative-1,1
tapeke-say-prog-tr-0,tapeke-say-prog-tr,ta-say,0
weseichemi-be-angry-ptcp-nmlz-0,weseichemi-be-angry-ptcp-nmlz,wesei-be-angry,0
pojteja-want-neg-0,pojteja-want-neg,pojte-want,0
taja-say-neg-0,taja-say-neg,ta-say,0
winikiri-sleep-ipfv-0,winikiri-sleep-ipfv,winiki-sleep,0
winikija-sleep-neg-0,winikija-sleep-neg,winiki-sleep,0
sepamija-get-married-neg-0,sepamija-get-married-neg,sepami-get-married,0
waraijtokom-man-0,waraijtokom-man,waraijtokom-man,0
yerematojpano-feed-fut-concl-0,yerematojpano-feed-fut-concl,yerema-feed,0
yawankaja-kill-neg-0,yawankaja-kill-neg,yawanka-kill,0
sarampion-measles-0,sarampion-measles,sarampion-measles,0
pachi-older-sister-of-woman-0,pachi-older-sister-of-woman,pachi-older-sister-of-woman,0
tepeke-go-prog-tr-0,tepeke-go-prog-tr,te-go,0
atapejse-seize-on-sup-0,atapejse-seize-on-sup,atapej-seize-on,0
tapejsaj-say-plur-pfv-deriv-stem,tapejsaj-say-plur-pfv,tapej-say-plur,"0,1"
tapejsaj-say-plur-pfv-0,tapejsaj-say-plur-pfv,ta-say,0
pirikari-endure-ipfv-0,pirikari-endure-ipfv,pirika-endure,0
pirikaja-endure-neg-0,pirikaja-endure-neg,pirika-endure,0
konopo-rain-0,konopo-rain,konopo-rain,0
ijtejpe-3-go-pst-1,ijtejpe-3-go-pst,te-go,1
apatakaja-come-out-neg-0,apatakaja-come-out-neg,apataka-come-out,0
tayawankase-3p-kill-pst-1,tayawankase-3p-kill-pst,yawanka-kill,1
mokonton-2pl-pro-0,mokonton-2pl-pro,mokonton-2pl-pro,0
neme-leave-ipfv-0,neme-leave-ipfv,neme-leave,0
mokontom-2pl-pro-0,mokontom-2pl-pro,mokontom-2pl-pro,0
chijrama-cop-proh-0,chijrama-cop-proh,chi-cop,0
ini-see-ipfv-0,ini-see-ipfv,ini-see,0
nonori-earth-pert-0,nonori-earth-pert,nono-earth,0
waimuru-speak-ipfv-0,waimuru-speak-ipfv,waimu-speak,0
yape-lk-arm-wing-pert-1,yape-lk-arm-wing-pert,ape-arm-wing,1
tejwej-3-hammock-pert-1,tejwej-3-hammock-pert,ejwe-hammock,1
yaperi-lk-arm-wing-pert-1,yaperi-lk-arm-wing-pert,ape-arm-wing,1
moronta-hurt-ipfv-0,moronta-hurt-ipfv,moronta-hurt,0
waijte-head-0,waijte-head,waijte-head,0
weretasaj-arrive-pfv-0,weretasaj-arrive-pfv,wereta-arrive,0
tawejka-dawn-acnnmlz-0,tawejka-dawn-acnnmlz,tawejka-dawn,0
ita-hear-ipfv-0,ita-hear-ipfv,ita-hear,0
yakasem-dig-out-ptcp-nmlz-0,yakasem-dig-out-ptcp-nmlz,yaka-dig-out,0
ijtesape-3-go-pfv-1,ijtesape-3-go-pfv,te-go,1
imuku-3-child-pert-1,imuku-3-child-pert,muku-child,1
enteno-here-loc-nmlz-deriv-stem,enteno-here-loc-nmlz,enteno-here-loc-nmlz,"0,1"
enteno-here-loc-nmlz-0,enteno-here-loc-nmlz,ente-here-loc,0
sepantepeke-get-married-prog-intr-0,sepantepeke-get-married-prog-intr,sepan-get-married,0
mati-breast-0,mati-breast,mati-breast,0
yeni-drink-ipfv-1-0,yeni-drink-ipfv-1,yeni-drink,0
yenpo-drink-des-ipfv-deriv-stem,yenpo-drink-des-ipfv,yenpo-drink-des,"0,1"
yenpo-drink-des-ipfv-0,yenpo-drink-des-ipfv,yen-drink,0
asamo-cry-ipfv-0,asamo-cry-ipfv,asamo-cry,0
tayarese-3p-bring-pst-1,tayarese-3p-bring-pst,yare-bring,1
tewijpe-3pro-pst-0,tewijpe-3pro-pst,tewi-3pro,0
imukurujpe-3-child-pert-pst-1,imukurujpe-3-child-pert-pst,muku-child,1
chija-cop-neg-0,chija-cop-neg,chi-cop,0
tapatakase-3p-take-out-pst-1,tapatakase-3p-take-out-pst,pataka-take-out,1
tayapejse-3p-grab-pst-1,tayapejse-3p-grab-pst,yapej-grab,1
tayempekase-3p-offend-pst-1,tayempekase-3p-offend-pst,yempeka-offend,1
tayakaramase-3p-tell-pst-1,tayakaramase-3p-tell-pst,yakarama-tell,1
yempekapeti-offend-plur-ipfv-deriv-stem,yempekapeti-offend-plur-ipfv,yempekapeti-offend-plur,"0,1"
yempekapeti-offend-plur-ipfv-0,yempekapeti-offend-plur-ipfv,yempeka-offend,0
keyetajpe-grow-pst-0,keyetajpe-grow-pst,keyeta-grow,0
semajpe-die-pst-acnnmlz-0,semajpe-die-pst-acnnmlz,sema-die,0
keyetase-grow-pst-0,keyetase-grow-pst,keyeta-grow,0
yojte-fish-with-hook-ipfv-0,yojte-fish-with-hook-ipfv,yojte-fish-with-hook,0
aroma-limpet-0,aroma-limpet,aroma-limpet,0
yakuri-agouti-0,yakuri-agouti,yakuri-agouti,0
ya-obl-0,ya-obl,ya-obl,0
makampra-aunt-0,makampra-aunt,makampra-aunt,0
maijte-go-imp-0,maijte-go-imp,maijte-go-imp,0
kaimotata-hunt-motimp-0,kaimotata-hunt-motimp,kaimota-hunt,0
yomiri-be-hungry-ipfv-0,yomiri-be-hungry-ipfv,yomi-be-hungry,0
asamori-cry-ipfv-0,asamori-cry-ipfv,asamo-cry,0
yemi-be-hungry-acnnmlz-0,yemi-be-hungry-acnnmlz,yemi-be-hungry-1,0
tejetum-sick-0,tejetum-sick,tejetum-sick,0
ipakuri-3-arrow-tip-pert-1,ipakuri-3-arrow-tip-pert,paku-arrow-tip,1
sakara-hoplias-malabaricus-0,sakara-hoplias-malabaricus,sakara-hoplias-malabaricus,0
nepi-bring-ipfv-0,nepi-bring-ipfv,nepi-bring,0
yakono-lk-younger-sister-of-woman-pert-1,yakono-lk-younger-sister-of-woman-pert,akono-younger-sister-of-woman,1
ijmojkake-cook-imp-0,ijmojkake-cook-imp,ijmojka-cook,0
i-put-ipfv-0,i-put-ipfv,i-put,0
ijmojka-cook-ipfv-0,ijmojka-cook-ipfv,ijmojka-cook,0
serematojpe-eat-purp-0,serematojpe-eat-purp,serema-eat,0
patajpe-axe-pst-0,patajpe-axe-pst,pata-axe,0
te-loc-0,te-loc,te-loc,0
semasaj-die-abs-nmlz-0,semasaj-die-abs-nmlz,sema-die,0
weroro-dog-0,weroro-dog,weroro-dog,0
yare-bring-ipfv-0,yare-bring-ipfv,yare-bring,0
kejmatojpe-hunt-purp-0,kejmatojpe-hunt-purp,kejma-hunt,0
taturu-3p-give-ipfv-1,taturu-3p-give-ipfv,tu-give,1
ijmokatojpe-cook-purp-0,ijmokatojpe-cook-purp,ijmoka-cook,0
tujpe-give-pst-0,tujpe-give-pst,tu-give,0
keyatajpe-grow-pst-0,keyatajpe-grow-pst,keyata-grow,0
yeme-eat-fruits-eggs-soup-ipfv-0,yeme-eat-fruits-eggs-soup-ipfv,yeme-eat-fruits-eggs-soup,0
yokiri-eat-starch-ipfv-0,yokiri-eat-starch-ipfv,yoki-eat-starch,0
yemetikene-eat-fruits-eggs-soup-post-0,yemetikene-eat-fruits-eggs-soup-post,yeme-eat-fruits-eggs-soup,0
sepanse-get-married-pst-0,sepanse-get-married-pst,sepan-get-married,0
keyatase-grow-pst-0,keyatase-grow-pst,keyata-grow,0
tese-go-pst-0,tese-go-pst,te-go,0
padrastro-stepfather-pert-0,padrastro-stepfather-pert,padrastro-stepfather,0
keyamase-raise-pst-0,keyamase-raise-pst,keyama-raise,0
wera-like-0,wera-like,wera-like,0
tapaja-beat-neg-0,tapaja-beat-neg,tapa-beat,0
tajtojpe-say-purp-0,tajtojpe-say-purp,taj-say,0
teijpe-far-0,teijpe-far,teijpe-far,0
senejka-stay-ipfv-0,senejka-stay-ipfv,senejka-stay,0
iyajteri-care-for-ipfv-0,iyajteri-care-for-ipfv,iyajte-care-for,0
makeri-mom-pert-0,makeri-mom-pert,make-mom,0
inche-see-sup-0,inche-see-sup,in-see,0
tiwij-3-house-pert-1,tiwij-3-house-pert,iwij-house,1
yarese-bring-pst-0,yarese-bring-pst,yare-bring,0
itake-hear-imp-0,itake-hear-imp,ita-hear,0
wurijyamo-woman-0,wurijyamo-woman,wurijyamo-woman,0
iyajtetojpano-care-for-fut-concl-0,iyajtetojpano-care-for-fut-concl,iyajte-care-for,0
yanke-pick-up-imp-0,yanke-pick-up-imp,yan-pick-up,0
ejwate-hammock-npert-0,ejwate-hammock-npert,ejwa-hammock,0
ijmojkani-cook-agtnmlz-deriv-stem,ijmojkani-cook-agtnmlz,ijmojkani-cook-agtnmlz,"0,1"
ijmojkani-cook-agtnmlz-0,ijmojkani-cook-agtnmlz,ijmojka-cook,0
makepijke-second-mother-0,makepijke-second-mother,makepijke-second-mother,0
patakajpe-take-out-pst-0,patakajpe-take-out-pst,pataka-take-out,0
tanairi-3p-do-ipfv-1,tanairi-3p-do-ipfv,nai-do,1
yansemi-pick-up-ptcp-nmlz-0,yansemi-pick-up-ptcp-nmlz,yan-pick-up,0
tusem-give-ptcp-nmlz-0,tusem-give-ptcp-nmlz,tu-give,0
jwaka-ill-aq-0,jwaka-ill-aq,jwaka-ill-aq,0
wasai-attalea-maripa-0,wasai-attalea-maripa,wasai-attalea-maripa,0
yawakipeke-grate-prog-tr-0,yawakipeke-grate-prog-tr,yawaki-grate,0
yawakiri-grate-ipfv-0,yawakiri-grate-ipfv,yawaki-grate,0
yumukunu-lk-hand-pert-1,yumukunu-lk-hand-pert,umukunu-hand,1
tajnomo-piaroa-0,tajnomo-piaroa,tajnomo-piaroa,0
tepu-stone-0,tepu-stone,tepu-stone,0
tata-3p-say-ipfv-1,tata-3p-say-ipfv,ta-say,1
keyamajpe-raise-pst-0,keyamajpe-raise-pst,keyama-raise,0
yojteri-fish-with-hook-ipfv-0,yojteri-fish-with-hook-ipfv,yojte-fish-with-hook,0
kuneri-cook-ipfv-0,kuneri-cook-ipfv,kune-cook,0
moronkapike-make-suffer-prog-tr-0,moronkapike-make-suffer-prog-tr,moronka-make-suffer,0
tamoronkapike-3p-make-suffer-prog-tr-1,tamoronkapike-3p-make-suffer-prog-tr,moronka-make-suffer,1
te-go-acnnmlz-0,te-go-acnnmlz,te-go,0
itopo-put-circ-nmlz-deriv-stem,itopo-put-circ-nmlz,itopo-put-circ-nmlz,"0,1"
itopo-put-circ-nmlz-0,itopo-put-circ-nmlz,i-put,0
ija-put-neg-0,ija-put-neg,i-put,0
ijta-3-foot-pert-1,ijta-3-foot-pert,jta-foot,1
seremake-eat-imp-0,seremake-eat-imp,serema-eat,0
seremaja-eat-neg-0,seremaja-eat-neg,serema-eat,0
pike-when-0,pike-when,pike-when,0
teretapiri-3-cultivated-plant-pert-1,teretapiri-3-cultivated-plant-pert,eretapi-cultivated-plant,1
yantopo-pick-up-circ-nmlz-deriv-stem,yantopo-pick-up-circ-nmlz,yantopo-pick-up-circ-nmlz,"0,1"
yantopo-pick-up-circ-nmlz-0,yantopo-pick-up-circ-nmlz,yan-pick-up,0
apatakase-come-out-sup-0,apatakase-come-out-sup,apataka-come-out,0
najwata-harbor-0,najwata-harbor,najwata-harbor,0
ka-all-0,ka-all,ka-all,0
wejse-cop-pst-0,wejse-cop-pst,wej-cop,0
yenejpe-eat-meat-pst-acnnmlz-0,yenejpe-eat-meat-pst-acnnmlz,yene-eat-meat,0
wejse-come-pst-0,wejse-come-pst,wej-come,0
sare-here-all-0,sare-here-all,sare-here-all,0
wejsaj-come-abs-nmlz-0,wejsaj-come-abs-nmlz,wej-come,0
jtari-foot-pert-0,jtari-foot-pert,jta-foot,0
apono-later-nmlz-deriv-stem,apono-later-nmlz,apono-later-nmlz,"0,1"
apono-later-nmlz-0,apono-later-nmlz,apo-later,0
tatojpase-3p-hit-pst-1,tatojpase-3p-hit-pst,tojpa-hit,1
esemaja-die-neg-0,esemaja-die-neg,esema-die,0
sawo-rapids-0,sawo-rapids,sawo-rapids,0
moronemi-hurting-nmlz-deriv-stem,moronemi-hurting-nmlz,moronemi-hurting-nmlz,"0,1"
moronemi-hurting-nmlz-0,moronemi-hurting-nmlz,morone-hurting,0
enirem-now-nmlz-deriv-stem,enirem-now-nmlz,enirem-now-nmlz,"0,1"
enirem-now-nmlz-0,enirem-now-nmlz,enire-now,0
nune-moon-0,nune-moon,nune-moon,0
moyochi-spider-sp-0,moyochi-spider-sp,moyochi-spider-sp,0
wurijyan-woman-0,wurijyan-woman,wurijyan-woman,0
tayaketese-3p-cut-pst-1,tayaketese-3p-cut-pst,yakete-cut,1
tatojpapeti-3p-hit-plur-ipfv-deriv-stem,tatojpapeti-3p-hit-plur-ipfv,tojpapeti-hit-plur,"1,2"
tatojpapeti-3p-hit-plur-ipfv-1,tatojpapeti-3p-hit-plur-ipfv,tojpa-hit,1
yejweti-lk-hammock-pert-1,yejweti-lk-hammock-pert,ejwe-hammock,1
yaketeri-cut-ipfv-0,yaketeri-cut-ipfv,yakete-cut,0
yaketejrama-cut-proh-0,yaketejrama-cut-proh,yakete-cut,0
yaketejpe-cut-pst-0,yaketejpe-cut-pst,yakete-cut,0
tasare-say-imn-0,tasare-say-imn,ta-say,0
warotari-work-ipfv-0,warotari-work-ipfv,warota-work,0
yatun-day-0,yatun-day,yatun-day,0
warotaja-work-neg-0,warotaja-work-neg,warota-work,0
yataneri-adolescent-pert-0,yataneri-adolescent-pert,yatane-adolescent,0
mujyam-pregnancy-0,mujyam-pregnancy,mujyam-pregnancy,0
patakaja-take-out-neg-0,patakaja-take-out-neg,pataka-take-out,0
taj-say-ipfv-0,taj-say-ipfv,taj-say,0
tani-say-agtnmlz-deriv-stem,tani-say-agtnmlz,tani-say-agtnmlz,"0,1"
tani-say-agtnmlz-0,tani-say-agtnmlz,ta-say,0
yeretapi-lk-cultivated-plant-pert-1,yeretapi-lk-cultivated-plant-pert,eretapi-cultivated-plant,1
yawaka-sow-ipfv-0,yawaka-sow-ipfv,yawaka-sow,0
kamprari-big-pert-0,kamprari-big-pert,kampra-big,0
yawakapeke-sow-prog-tr-0,yawakapeke-sow-prog-tr,yawaka-sow,0
tayawaka-3p-sow-ipfv-1,tayawaka-3p-sow-ipfv,yawaka-sow,1
tayawakari-3p-sow-ipfv-1,tayawakari-3p-sow-ipfv,yawaka-sow,1
enijpeteno-one-nmlz-deriv-stem,enijpeteno-one-nmlz,enijpeteno-one-nmlz,"0,1"
enijpeteno-one-nmlz-0,enijpeteno-one-nmlz,enijpete-one,0
yapijtomo-old-0,yapijtomo-old,yapijtomo-old,0
ekete-where-0,ekete-where,ekete-where,0
tayopojpe-3p-find-pst-1,tayopojpe-3p-find-pst,yopo-find,1
tayawakase-3p-sow-pst-1,tayawakase-3p-sow-pst,yawaka-sow,1
kojpa-night-0,kojpa-night,kojpa-night,0
tayawakajpe-3p-sow-pst-1,tayawakajpe-3p-sow-pst,yawaka-sow,1
eretapi-cultivated-plant-0,eretapi-cultivated-plant,eretapi-cultivated-plant,0
ijtetojpano-3-go-fut-concl-1,ijtetojpano-3-go-fut-concl,te-go,1
sejpejteke-dream-pl-imp-0,sejpejteke-dream-pl-imp,sejpej-dream,0
yampejteke-pick-up-plur-pl-imp-deriv-stem,yampejteke-pick-up-plur-pl-imp,yampej-pick-up-plur,"0,1"
yampejteke-pick-up-plur-pl-imp-0,yampejteke-pick-up-plur-pl-imp,yam-pick-up,0
wajyama-kiss-ipfv-0,wajyama-kiss-ipfv,wajyama-kiss,0
tesej-3-name-pert-1,tesej-3-name-pert,ese-name,1
teseti-3-name-pert-1,teseti-3-name-pert,ese-name,1
yenipeke-drink-prog-tr-1-0,yenipeke-drink-prog-tr-1,yeni-drink-2,0
tese-prop-name-1,tese-prop-name,ese-name,1
we-kill-acnnmlz-0,we-kill-acnnmlz,we-kill,0
epejpe-escape-pst-0,epejpe-escape-pst,epe-escape,0
epepejse-escape-plur-pst-deriv-stem,epepejse-escape-plur-pst,epepej-escape-plur,"0,1"
epepejse-escape-plur-pst-0,epepejse-escape-plur-pst,epe-escape,0
wepejse-kill-plur-pst-deriv-stem,wepejse-kill-plur-pst,wepej-kill-plur,"0,1"
wepejse-kill-plur-pst-0,wepejse-kill-plur-pst,we-kill,0
tajtopojpe-say-circ-nmlz-pst-deriv-stem,tajtopojpe-say-circ-nmlz-pst,tajtopo-say-circ-nmlz,"0,1"
tajtopojpe-say-circ-nmlz-pst-0,tajtopojpe-say-circ-nmlz-pst,taj-say,0
wine-from-0,wine-from,wine-from,0
yojsemi-eat-starch-ptcp-nmlz-0,yojsemi-eat-starch-ptcp-nmlz,yoj-eat-starch,0
yensemi-drink-ptcp-nmlz-0,yensemi-drink-ptcp-nmlz,yen-drink,0
yamansemi-make-ptcp-nmlz-0,yamansemi-make-ptcp-nmlz,yaman-make,0
taijpe-3p-put-pst-1,taijpe-3p-put-pst,i-put,1
yajwema-sweeten-acnnmlz-0,yajwema-sweeten-acnnmlz,yajwema-sweeten,0
yeni-drink-acnnmlz-0,yeni-drink-acnnmlz,yeni-drink,0
najpi-grandfather-0,najpi-grandfather,najpi-grandfather,0
najmotomo-grandmother-pl-0,najmotomo-grandmother-pl,najmo-grandmother,0
takereti-3-relative-pert-1,takereti-3-relative-pert,akere-relative-1,1
tojpajpe-hit-pst-0,tojpajpe-hit-pst,tojpa-hit,0
itatojpano-hear-fut-concl-0,itatojpano-hear-fut-concl,ita-hear,0
anajmotomo-2-grandmother-pert-pl-1,anajmotomo-2-grandmother-pert-pl,najmo-grandmother,1
waimurujpe-language-pert-pst-0,waimurujpe-language-pert-pst,waimu-language,0
tui-give-hort-0,tui-give-hort,tu-give,0
semari-die-acnnmlz-0,semari-die-acnnmlz,sema-die,0
semo-cry-acnnmlz-0,semo-cry-acnnmlz,semo-cry,0
yamiri-pick-up-ipfv-0,yamiri-pick-up-ipfv,yami-pick-up,0
oki-chicha-0,oki-chicha,oki-chicha,0
tareri-3-leaf-pert-1,tareri-3-leaf-pert,are-leaf,1
yareri-lk-leaf-pert-1,yareri-lk-leaf-pert,are-leaf,1
yenipeke-drink-prog-tr-2-0,yenipeke-drink-prog-tr-2,yeni-drink,0
senka-finish-acnnmlz-0,senka-finish-acnnmlz,senka-finish,0
yare-lk-leaf-pert-1,yare-lk-leaf-pert,are-leaf,1
yamii-pick-up-hort-0,yamii-pick-up-hort,yami-pick-up,0
iyajtepe-before-0,iyajtepe-before,iyajtepe-before,0
yamipeke-pick-up-prog-tr-0,yamipeke-pick-up-prog-tr,yami-pick-up,0
yawaranatomo-yawarana-pl-0,yawaranatomo-yawarana-pl,yawarana-yawarana,0
nwajtenepeke-dance-prog-intr-0,nwajtenepeke-dance-prog-intr,nwajte-dance,0
yeniri-drink-ipfv-0,yeniri-drink-ipfv,yeni-drink,0
kanawa-canoe-0,kanawa-canoe,kanawa-canoe,0
tayeniri-3p-drink-ipfv-1,tayeniri-3p-drink-ipfv,yeni-drink,1
tatapari-3p-beat-ipfv-1,tatapari-3p-beat-ipfv,tapa-beat,1
entono-from-here-0,entono-from-here,entono-from-here,0
chijpe-cop-pst-acnnmlz-0,chijpe-cop-pst-acnnmlz,chi-cop,0
yapijtontom-old-pl-0,yapijtontom-old-pl,yapijton-old,0
mujnajteja-bury-neg-0,mujnajteja-bury-neg,mujnajte-bury,0
tamu-3-ripeness-pert-1,tamu-3-ripeness-pert,amu-ripeness,1
mujnajtejrama-bury-proh-0,mujnajtejrama-bury-proh,mujnajte-bury,0
yajno-brother-in-law-man-0,yajno-brother-in-law-man,yajno-brother-in-law-man,0
ike-put-imp-0,ike-put-imp,i-put,0
tarojpe-say-pst-acnnmlz-0,tarojpe-say-pst-acnnmlz,taro-say,0
wajto-fire-0,wajto-fire,wajto-fire,0
wati-burn-acnnmlz-0,wati-burn-acnnmlz,wati-burn,0
yampejse-pick-up-plur-pst-deriv-stem,yampejse-pick-up-plur-pst,yampej-pick-up-plur,"0,1"
yampejse-pick-up-plur-pst-0,yampejse-pick-up-plur-pst,yam-pick-up,0
tene-go-inf-0,tene-go-inf,te-go,0
yasukari-lk-sugar-pert-1,yasukari-lk-sugar-pert,asuka-sugar,1
yakai-dig-out-hort-0,yakai-dig-out-hort,yaka-dig-out,0
yamansem-make-ptcp-nmlz-0,yamansem-make-ptcp-nmlz,yaman-make,0
esene-see-self-acnnmlz-0,esene-see-self-acnnmlz,esene-see-self,0
yawarana-yawarana-0,yawarana-yawarana,yawarana-yawarana,0
sene-see-self-acnnmlz-0,sene-see-self-acnnmlz,sene-see-self,0
yatane-adolescent-0,yatane-adolescent,yatane-adolescent,0
yeremari-feed-ipfv-0,yeremari-feed-ipfv,yerema-feed,0
tenuru-3-eye-pert-1,tenuru-3-eye-pert,enu-eye,1
warotata-work-motimp-0,warotata-work-motimp,warota-work,0
rokotapetiri-become-crazy-plur-ipfv-deriv-stem,rokotapetiri-become-crazy-plur-ipfv,rokotapeti-become-crazy-plur,"0,1"
rokotapetiri-become-crazy-plur-ipfv-0,rokotapetiri-become-crazy-plur-ipfv,rokota-become-crazy,0
tenu-3-eye-pert-1,tenu-3-eye-pert,enu-eye,1
tepetiri-go-plur-ipfv-0,tepetiri-go-plur-ipfv,tepeti-go-plur,0
patakajpe-take-out-pst-acnnmlz-0,patakajpe-take-out-pst-acnnmlz,pataka-take-out,0
yenepeke-eat-meat-prog-tr-0,yenepeke-eat-meat-prog-tr,yene-eat-meat,0
wajpejnepeke-burn-plur-prog-intr-deriv-stem,wajpejnepeke-burn-plur-prog-intr,wajpej-burn-plur,"0,1"
wajpejnepeke-burn-plur-prog-intr-0,wajpejnepeke-burn-plur-prog-intr,waj-burn,0
punu-flesh-0,punu-flesh,punu-flesh,0
senkasem-finish-ptcp-nmlz-0,senkasem-finish-ptcp-nmlz,senka-finish,0
chipiyu-fungus-sp-0,chipiyu-fungus-sp,chipiyu-fungus-sp,0
waimuja-speak-neg-0,waimuja-speak-neg,waimu-speak,0
nepiri-bring-ipfv-0,nepiri-bring-ipfv,nepi-bring,0
tari-say-acnnmlz-0,tari-say-acnnmlz,ta-say,0
yeke-tooth-prop-deriv-stem,yeke-tooth-prop,yeke-tooth-prop,"0,1"
yeke-tooth-prop-0,yeke-tooth-prop,ye-tooth-1,0
waimujrama-speak-proh-0,waimujrama-speak-proh,waimu-speak,0
kune-cook-ipfv-0,kune-cook-ipfv,kune-cook,0
moroni-pain-0,moroni-pain,moroni-pain,0
yu-lk-starchy-food-pert-1,yu-lk-starchy-food-pert,u-starchy-food,1
tapojtepori-3p-want-des-ipfv-deriv-stem,tapojtepori-3p-want-des-ipfv,pojtepo-want-des,"1,2"
tapojtepori-3p-want-des-ipfv-1,tapojtepori-3p-want-des-ipfv,pojte-want,1
pakara-basket-0,pakara-basket,pakara-basket,0
pikapeke-peel-prog-tr-0,pikapeke-peel-prog-tr,pika-peel,0
wenkepiri-forget-ipfv-0,wenkepiri-forget-ipfv,wenkepi-forget-1,0
warotasemi-work-ptcp-nmlz-0,warotasemi-work-ptcp-nmlz,warota-work,0
yawakija-grate-neg-0,yawakija-grate-neg,yawaki-grate,0
yamaneja-make-neg-0,yamaneja-make-neg,yamane-make,0
najmoton-grandmother-pl-0,najmoton-grandmother-pl,najmo-grandmother,0
sawankuitojpano-die-fut-concl-0,sawankuitojpano-die-fut-concl,sawankui-die,0
warota-work-acnnmlz-0,warota-work-acnnmlz,warota-work,0
tarojpe-say-pst-0,tarojpe-say-pst,taro-say,0
warotapeke-work-prog-tr-0,warotapeke-work-prog-tr,warota-work,0
sereri-bitter-manioc-pert-0,sereri-bitter-manioc-pert,sere-bitter-manioc,0
i-put-acnnmlz-0,i-put-acnnmlz,i-put,0
terepun-3-sick-pert-1,terepun-3-sick-pert,erepun-sick,1
naijtopo-do-circ-nmlz-deriv-stem,naijtopo-do-circ-nmlz,naijtopo-do-circ-nmlz,"0,1"
naijtopo-do-circ-nmlz-0,naijtopo-do-circ-nmlz,naij-do,0
warotane-work-inf-0,warotane-work-inf,warota-work,0
senkapetijpe-finish-plur-pst-0,senkapetijpe-finish-plur-pst,senka-finish,0
najmotom-grandmother-pl-0,najmotom-grandmother-pl,najmo-grandmother,0
warotakem-work-acnnmlz-prop-nmlz-0,warotakem-work-acnnmlz-prop-nmlz,warota-work,0
sempinuku-close-eyes-acnnmlz-0,sempinuku-close-eyes-acnnmlz,sempinuku-close-eyes,0
maketon-mom-pl-0,maketon-mom-pl,make-mom,0
senkapejse-finish-plur-pst-0,senkapejse-finish-plur-pst,senka-finish,0
papatom-father-pl-0,papatom-father-pl,papa-father,0
najpitom-grandfather-pl-0,najpitom-grandfather-pl,najpi-grandfather,0
werewere-mosquito-sp-0,werewere-mosquito-sp,werewere-mosquito-sp,0
semaja-die-neg-0,semaja-die-neg,sema-die,0
ketaja-stink-neg-0,ketaja-stink-neg,keta-stink,0
tajtojpano-say-fut-concl-0,tajtojpano-say-fut-concl,taj-say,0
watiri-burn-ipfv-0,watiri-burn-ipfv,wati-burn,0
nwapeke-glute-about-0,nwapeke-glute-about,nwa-glute,0
nwapeke-glute-about-1,nwapeke-glute-about,peke-about,1
yeniri-drink-ipfv-1-0,yeniri-drink-ipfv-1,yeni-drink-2,0
ijmojkapeke-cook-prog-tr-0,ijmojkapeke-cook-prog-tr,ijmojka-cook,0
wajsaj-burn-abs-nmlz-0,wajsaj-burn-abs-nmlz,waj-burn,0
ijmojkasemi-cook-ptcp-nmlz-0,ijmojkasemi-cook-ptcp-nmlz,ijmojka-cook,0
ijmojkasem-cook-ptcp-nmlz-0,ijmojkasem-cook-ptcp-nmlz,ijmojka-cook,0
ijmojka-cook-acnnmlz-0,ijmojka-cook-acnnmlz,ijmojka-cook,0
wurijyantomo-woman-pl-0,wurijyantomo-woman-pl,wurijyan-woman,0
wejsaj-cop-abs-nmlz-0,wejsaj-cop-abs-nmlz,wej-cop,0
wepijpe-come-pst-0,wepijpe-come-pst,wepi-come,0
minteno-there-loc-nmlz-deriv-stem,minteno-there-loc-nmlz,minteno-there-loc-nmlz,"0,1"
minteno-there-loc-nmlz-0,minteno-there-loc-nmlz,minte-there-loc,0
warotajpe-work-pst-0,warotajpe-work-pst,warota-work,0
yeseti-lk-name-pert-1,yeseti-lk-name-pert,ese-name,1
tuni-give-agtnmlz-deriv-stem,tuni-give-agtnmlz,tuni-give-agtnmlz,"0,1"
tuni-give-agtnmlz-0,tuni-give-agtnmlz,tu-give,0
ron-rum-0,ron-rum,ron-rum,0
inteke-see-pl-imp-0,inteke-see-pl-imp,in-see,0
wejkapetiri-fall-plur-ipfv-deriv-stem,wejkapetiri-fall-plur-ipfv,wejkapeti-fall-plur,"0,1"
wejkapetiri-fall-plur-ipfv-0,wejkapetiri-fall-plur-ipfv,wejka-fall,0
yapejpo-grab-des-ipfv-deriv-stem,yapejpo-grab-des-ipfv,yapejpo-grab-des,"0,1"
yapejpo-grab-des-ipfv-0,yapejpo-grab-des-ipfv,yapej-grab,0
wejkaja-fall-neg-0,wejkaja-fall-neg,wejka-fall,0
montomo-2pl-pro-0,montomo-2pl-pro,montomo-2pl-pro,0
wejkapeti-fall-plur-ipfv-deriv-stem,wejkapeti-fall-plur-ipfv,wejkapeti-fall-plur,"0,1"
wejkapeti-fall-plur-ipfv-0,wejkapeti-fall-plur-ipfv,wejka-fall,0
karasakemi-white-nmlz-deriv-stem,karasakemi-white-nmlz,karasakemi-white-nmlz,"0,1"
karasakemi-white-nmlz-0,karasakemi-white-nmlz,karasake-white,0
asakeno-two-nmlz-deriv-stem,asakeno-two-nmlz,asakeno-two-nmlz,"0,1"
asakeno-two-nmlz-0,asakeno-two-nmlz,asake-two,0
yawankajpe-kill-pst-0,yawankajpe-kill-pst,yawanka-kill,0
tapejmajpe-3p-bewitch-pst-1,tapejmajpe-3p-bewitch-pst,pejma-bewitch,1
taiche-3p-put-pst-1,taiche-3p-put-pst,i-put,1
isere-3-bitter-manioc-pert-1,isere-3-bitter-manioc-pert,sere-bitter-manioc,1
wejtojpe-come-purp-0,wejtojpe-come-purp,wej-come,0
tajtopo-say-circ-nmlz-deriv-stem,tajtopo-say-circ-nmlz,tajtopo-say-circ-nmlz,"0,1"
tajtopo-say-circ-nmlz-0,tajtopo-say-circ-nmlz,taj-say,0
yakucho-p-a-0,yakucho-p-a,yakucho-p-a,0
ipojpe-put-des-pst-deriv-stem,ipojpe-put-des-pst,ipo-put-des,"0,1"
ipojpe-put-des-pst-0,ipojpe-put-des-pst,i-put,0
semase-die-sup-0,semase-die-sup,sema-die,0
warota-work-ipfv-0,warota-work-ipfv,warota-work,0
ijtepejse-3-go-plur-pst-deriv-stem,ijtepejse-3-go-plur-pst,tepej-go-plur,"1,2"
ijtepejse-3-go-plur-pst-1,ijtepejse-3-go-plur-pst,te-go,1
ijtepejsaj-3-go-plur-pfv-deriv-stem,ijtepejsaj-3-go-plur-pfv,tepej-go-plur,"1,2"
ijtepejsaj-3-go-plur-pfv-1,ijtepejsaj-3-go-plur-pfv,te-go,1
warotase-work-sup-0,warotase-work-sup,warota-work,0
yipiri-mountain-pert-0,yipiri-mountain-pert,yipi-mountain,0
tasojpase-3p-take-out-pst-1,tasojpase-3p-take-out-pst,sojpa-take-out,1
sojpa-take-out-ipfv-0,sojpa-take-out-ipfv,sojpa-take-out,0
kasajpe-fruit-pit-0,kasajpe-fruit-pit,kasajpe-fruit-pit,0
saku-sweet-potato-0,saku-sweet-potato,saku-sweet-potato,0
apuni-soap-0,apuni-soap,apuni-soap,0
wepi-come-acnnmlz-0,wepi-come-acnnmlz,wepi-come,0
teja-go-neg-0,teja-go-neg,te-go,0
winiki-sleep-acnnmlz-0,winiki-sleep-acnnmlz,winiki-sleep,0
sejpetiri-dream-ipfv-0,sejpetiri-dream-ipfv,sejpeti-dream,0
sejpejse-dream-pst-0,sejpejse-dream-pst,sejpej-dream,0
tejrama-go-proh-0,tejrama-go-proh,te-go,0
waimu-language-pert-0,waimu-language-pert,waimu-language,0
yojse-eat-starch-pst-0,yojse-eat-starch-pst,yoj-eat-starch,0
tainiri-3p-see-ipfv-1,tainiri-3p-see-ipfv,ini-see,1
sejpeti-dream-acnnmlz-0,sejpeti-dream-acnnmlz,sejpeti-dream,0
yakaramari-tell-ipfv-0,yakaramari-tell-ipfv,yakarama-tell,0
sejpejse-dream-sup-0,sejpejse-dream-sup,sejpej-dream,0
ejnomo-ejnomo-0,ejnomo-ejnomo,ejnomo-ejnomo,0
yapichiri-grab-ipfv-0,yapichiri-grab-ipfv,yapichi-grab,0
yakiri-lk-worm-pert-1,yakiri-lk-worm-pert,aki-worm,1
yawoton-lk-uncle-pert-pl-1,yawoton-lk-uncle-pert-pl,awo-uncle,1
yapichijpe-grab-pst-0,yapichijpe-grab-pst,yapichi-grab,0
tejpe-go-pst-0,tejpe-go-pst,te-go,0
sejpetijpe-dream-pst-0,sejpetijpe-dream-pst,sejpeti-dream,0
tayakarama-3p-tell-ipfv-1,tayakarama-3p-tell-ipfv,yakarama-tell,1
ati-plot-of-cultivated-land-0,ati-plot-of-cultivated-land,ati-plot-of-cultivated-land,0
yakete-cut-ipfv-0,yakete-cut-ipfv,yakete-cut,0
ye-tooth-pert-0,ye-tooth-pert,ye-tooth,0
wejkari-fall-ipfv-0,wejkari-fall-ipfv,wejka-fall,0
wejka-fall-ipfv-0,wejka-fall-ipfv,wejka-fall,0
esematojpano-die-fut-concl-0,esematojpano-die-fut-concl,esema-die,0
ye-tooth-0,ye-tooth,ye-tooth,0
sojpasemi-take-out-ptcp-nmlz-0,sojpasemi-take-out-ptcp-nmlz,sojpa-take-out,0
chiri-cop-ipfv-0,chiri-cop-ipfv,chi-cop,0
yakereti-lk-relative-pert-1-1,yakereti-lk-relative-pert-1,akere-relative,1
chiyakono-friend-pert-0,chiyakono-friend-pert,chiyakono-friend,0
sema-die-ipfv-0,sema-die-ipfv,sema-die,0
semari-die-ipfv-0,semari-die-ipfv,sema-die,0
yaketese-cut-pst-0,yaketese-cut-pst,yakete-cut,0
yemese-eat-fruits-eggs-soup-pst-0,yemese-eat-fruits-eggs-soup-pst,yeme-eat-fruits-eggs-soup,0
sematojpano-die-fut-concl-0,sematojpano-die-fut-concl,sema-die,0
yakerejtomo-lk-relative-pert-pl-1,yakerejtomo-lk-relative-pert-pl,akere-relative-1,1
sematopo-die-circ-nmlz-deriv-stem,sematopo-die-circ-nmlz,sematopo-die-circ-nmlz,"0,1"
sematopo-die-circ-nmlz-0,sematopo-die-circ-nmlz,sema-die,0
wejtojpe-cop-fut-0,wejtojpe-cop-fut,wej-cop,0
yakerej-lk-relative-pert-1-1,yakerej-lk-relative-pert-1,akere-relative,1
wejkajpe-fall-pst-0,wejkajpe-fall-pst,wejka-fall,0
ijpu-summit-0,ijpu-summit,ijpu-summit,0
sejpeti-dream-ipfv-0,sejpeti-dream-ipfv,sejpeti-dream,0
wejkase-fall-sup-0,wejkase-fall-sup,wejka-fall,0
taitaja-3p-hear-neg-1,taitaja-3p-hear-neg,ita-hear,1
enire-now-0,enire-now,enire-now,0
winijse-sleep-pst-0,winijse-sleep-pst,winij-sleep,0
empampori-learn-des-ipfv-deriv-stem,empampori-learn-des-ipfv,empampo-learn-des,"0,1"
empampori-learn-des-ipfv-0,empampori-learn-des-ipfv,empam-learn,0
intojpe-see-purp-0,intojpe-see-purp,in-see,0
iche-put-pst-0,iche-put-pst,i-put,0
pojtepori-want-des-ipfv-deriv-stem,pojtepori-want-des-ipfv,pojtepo-want-des,"0,1"
pojtepori-want-des-ipfv-0,pojtepori-want-des-ipfv,pojte-want,0
winijpo-sleep-des-ipfv-deriv-stem,winijpo-sleep-des-ipfv,winijpo-sleep-des,"0,1"
winijpo-sleep-des-ipfv-0,winijpo-sleep-des-ipfv,winij-sleep,0
asamopeke-cry-prog-tr-0,asamopeke-cry-prog-tr,asamo-cry,0
nemeri-leave-ipfv-0,nemeri-leave-ipfv,neme-leave,0
tapojte-3p-want-ipfv-1,tapojte-3p-want-ipfv,pojte-want,1
pojte-want-ipfv-0,pojte-want-ipfv,pojte-want,0
araya-monkey-spider-0,araya-monkey-spider,araya-monkey-spider,0
kune-cook-acnnmlz-0,kune-cook-acnnmlz,kune-cook,0
parujpe-broth-0,parujpe-broth,parujpe-broth,0
yipi-mountain-0,yipi-mountain,yipi-mountain,0
tayapichiri-3p-grab-ipfv-1,tayapichiri-3p-grab-ipfv,yapichi-grab,1
nai-do-acnnmlz-0,nai-do-acnnmlz,nai-do,0
iyeri-3-tooth-pert-1,iyeri-3-tooth-pert,ye-tooth,1
yekemi-tooth-prop-nmlz-deriv-stem,yekemi-tooth-prop-nmlz,yeke-tooth-prop,"0,1"
yekemi-tooth-prop-nmlz-0,yekemi-tooth-prop-nmlz,ye-tooth-1,0
yeri-tooth-pert-0,yeri-tooth-pert,ye-tooth,0
yojtopo-eat-starch-circ-nmlz-deriv-stem,yojtopo-eat-starch-circ-nmlz,yojtopo-eat-starch-circ-nmlz,"0,1"
yojtopo-eat-starch-circ-nmlz-0,yojtopo-eat-starch-circ-nmlz,yoj-eat-starch,0
tayapichi-3p-grab-ipfv-1,tayapichi-3p-grab-ipfv,yapichi-grab,1
kori-brassolis-sophorae-0,kori-brassolis-sophorae,kori-brassolis-sophorae,0
yotijpe-lk-meat-pert-pst-1,yotijpe-lk-meat-pert-pst,oti-meat,1
sawankuijpe-die-pst-0,sawankuijpe-die-pst,sawankui-die,0
teri-go-ipfv-0,teri-go-ipfv,te-go,0
pata-village-pert-0,pata-village-pert,pata-village,0
iyajteke-care-for-imp-0,iyajteke-care-for-imp,iyajte-care-for,0
aya-ratomo-2-grandchild-pert-pl-1,aya-ratomo-2-grandchild-pert-pl,ya-ra-grandchild,1
tajnontomo-piaroa-pl-0,tajnontomo-piaroa-pl,tajnon-piaroa,0
nono-earth-pert-0,nono-earth-pert,nono-earth,0
warotatojpe-work-purp-0,warotatojpe-work-purp,warota-work,0
inajmo-3-grandmother-pert-1,inajmo-3-grandmother-pert,najmo-grandmother,1
ijteja-3-go-neg-1,ijteja-3-go-neg,te-go,1
pojteri-want-ipfv-0,pojteri-want-ipfv,pojte-want,0
ijte-3-go-ipfv-1,ijte-3-go-ipfv,te-go,1
mujnajtejpe-bury-pst-0,mujnajtejpe-bury-pst,mujnajte-bury,0
ayakono-2-younger-sister-of-woman-pert-1,ayakono-2-younger-sister-of-woman-pert,akono-younger-sister-of-woman,1
tapojtejpe-3p-want-pst-1,tapojtejpe-3p-want-pst,pojte-want,1
takinori-3-younger-brother-pert-1,takinori-3-younger-brother-pert,akino-younger-brother,1
awo-uncle-0,awo-uncle,awo-uncle,0
nonorijpe-earth-pert-pst-0,nonorijpe-earth-pert-pst,nono-earth,0
semekiri-defend-ipfv-0,semekiri-defend-ipfv,semeki-defend,0
ayakonotomo-2-younger-sister-of-woman-pert-pl-1,ayakonotomo-2-younger-sister-of-woman-pert-pl,akono-younger-sister-of-woman,1
pojteke-want-imp-0,pojteke-want-imp,pojte-want,0
taise-3p-put-pst-1,taise-3p-put-pst,i-put,1
rokotase-become-crazy-pst-0,rokotase-become-crazy-pst,rokota-become-crazy,0
sukasemi-all-nmlz-deriv-stem,sukasemi-all-nmlz,sukasemi-all-nmlz,"0,1"
sukasemi-all-nmlz-0,sukasemi-all-nmlz,sukase-all,0
nankaja-find-neg-0,nankaja-find-neg,nanka-find,0
nankajpe-find-pst-0,nankajpe-find-pst,nanka-find,0
yejpejpe-bone-pst-0,yejpejpe-bone-pst,yejpe-bone,0
tanemejpe-3p-leave-pst-1,tanemejpe-3p-leave-pst,neme-leave,1
tutojpe-give-purp-0,tutojpe-give-purp,tu-give,0
tayamanijpe-3p-make-pst-1,tayamanijpe-3p-make-pst,yamani-make,1
tayujwari-3p-burn-ipfv-1,tayujwari-3p-burn-ipfv,yujwa-burn,1
nankajpe-find-pst-acnnmlz-0,nankajpe-find-pst-acnnmlz,nanka-find,0
eki-chicha-0,eki-chicha,eki-chicha,0
yeni-drink-acnnmlz-1-0,yeni-drink-acnnmlz-1,yeni-drink-1,0
wepi-come-ipfv-0,wepi-come-ipfv,wepi-come,0
inta-see-motimp-0,inta-see-motimp,in-see,0
yamanke-make-imp-0,yamanke-make-imp,yaman-make,0
tanejse-3p-bring-pst-1,tanejse-3p-bring-pst,nej-bring,1
waijterijpe-head-pert-pst-0,waijterijpe-head-pert-pst,waijte-head,0
tayeneja-3p-eat-meat-neg-1,tayeneja-3p-eat-meat-neg,yene-eat-meat,1
tasojpajpe-3p-take-out-pst-1,tasojpajpe-3p-take-out-pst,sojpa-take-out,1
ante-fish-hook-0,ante-fish-hook,ante-fish-hook,0
pechine-odorous-0,pechine-odorous,pechine-odorous,0
wejtetoj-go-down-circ-nmlz-deriv-stem,wejtetoj-go-down-circ-nmlz,wejtetoj-go-down-circ-nmlz,"0,1"
wejtetoj-go-down-circ-nmlz-0,wejtetoj-go-down-circ-nmlz,wejte-go-down,0
tayakaramajpe-3p-tell-pst-1,tayakaramajpe-3p-tell-pst,yakarama-tell,1
yakaramajpe-tell-pst-0,yakaramajpe-tell-pst,yakarama-tell,0
senkatoj-finish-circ-nmlz-0,senkatoj-finish-circ-nmlz,senka-finish,0
mare-still-1-0,mare-still-1,mare-still,0
keyetase-grow-sup-0,keyetase-grow-sup,keyeta-grow,0
yamanipeke-make-prog-tr-0,yamanipeke-make-prog-tr,yamani-make,0
yemekunu-five-0,yemekunu-five,yemekunu-five,0
tiwiti-3-house-pert-1,tiwiti-3-house-pert,iwiti-house,1
chijtoj-cop-circ-nmlz-deriv-stem,chijtoj-cop-circ-nmlz,chijtoj-cop-circ-nmlz,"0,1"
chijtoj-cop-circ-nmlz-0,chijtoj-cop-circ-nmlz,chij-cop,0
nemepeti-leave-plur-ipfv-deriv-stem,nemepeti-leave-plur-ipfv,nemepeti-leave-plur,"0,1"
nemepeti-leave-plur-ipfv-0,nemepeti-leave-plur-ipfv,neme-leave,0
we-kill-ipfv-0,we-kill-ipfv,we-kill,0
tuja-give-neg-0,tuja-give-neg,tu-give,0
yeremaja-feed-neg-0,yeremaja-feed-neg,yerema-feed,0
yamanepike-make-prog-tr-0,yamanepike-make-prog-tr,yamane-make,0
yujwapetipeke-burn-plur-prog-tr-deriv-stem,yujwapetipeke-burn-plur-prog-tr,yujwapeti-burn-plur,"0,1"
yujwapetipeke-burn-plur-prog-tr-0,yujwapetipeke-burn-plur-prog-tr,yujwa-burn,0
tayami-3p-pick-up-ipfv-1,tayami-3p-pick-up-ipfv,yami-pick-up,1
tayempeka-3p-offend-ipfv-1,tayempeka-3p-offend-ipfv,yempeka-offend,1
pachitom-older-sister-of-woman-pl-0,pachitom-older-sister-of-woman-pl,pachi-older-sister-of-woman,0
takon-other-0,takon-other,takon-other,0
keyatapejse-grow-plur-pst-deriv-stem,keyatapejse-grow-plur-pst,keyatapej-grow-plur,"0,1"
keyatapejse-grow-plur-pst-0,keyatapejse-grow-plur-pst,keyata-grow,0
yemepike-eat-fruits-eggs-soup-prog-tr-0,yemepike-eat-fruits-eggs-soup-prog-tr,yeme-eat-fruits-eggs-soup,0
asamopejta-cry-plur-motimp-deriv-stem,asamopejta-cry-plur-motimp,asamopej-cry-plur,"0,1"
asamopejta-cry-plur-motimp-0,asamopejta-cry-plur-motimp,asamo-cry,0
pachitomo-older-sister-of-woman-pl-0,pachitomo-older-sister-of-woman-pl,pachi-older-sister-of-woman,0
yamanepeke-make-prog-tr-0,yamanepeke-make-prog-tr,yamane-make,0
tayujwapeti-3p-burn-plur-ipfv-deriv-stem,tayujwapeti-3p-burn-plur-ipfv,yujwapeti-burn-plur,"1,2"
tayujwapeti-3p-burn-plur-ipfv-1,tayujwapeti-3p-burn-plur-ipfv,yujwa-burn,1
papapijke-father-dim-deriv-stem,papapijke-father-dim,papapijke-father-dim,"0,1"
papapijke-father-dim-0,papapijke-father-dim,papa-father,0
weretaja-arrive-neg-0,weretaja-arrive-neg,wereta-arrive,0
taitapeke-3p-hear-prog-tr-1,taitapeke-3p-hear-prog-tr,ita-hear,1
yakaramake-tell-imp-0,yakaramake-tell-imp,yakarama-tell,0
tayakaramaja-3p-tell-neg-1,tayakaramaja-3p-tell-neg,yakarama-tell,1
tewijna-there-ana-0,tewijna-there-ana,tewijna-there-ana,0
tesaj-go-abs-nmlz-0,tesaj-go-abs-nmlz,te-go,0
tonko-play-ipfv-0,tonko-play-ipfv,tonko-play,0
wenkepija-forget-neg-0,wenkepija-forget-neg,wenkepi-forget-1,0
sawankuija-die-neg-0,sawankuija-die-neg,sawankui-die,0
wejta-come-motimp-0,wejta-come-motimp,wej-come,0
jotitomo-hoti-pl-0,jotitomo-hoti-pl,joti-hoti,0
waruwarutomo-hoti-pl-0,waruwarutomo-hoti-pl,waruwaru-hoti,0
yawankatoj-kill-circ-nmlz-deriv-stem,yawankatoj-kill-circ-nmlz,yawankatoj-kill-circ-nmlz,"0,1"
yawankatoj-kill-circ-nmlz-0,yawankatoj-kill-circ-nmlz,yawanka-kill,0
yamanpejteke-make-plur-pl-imp-deriv-stem,yamanpejteke-make-plur-pl-imp,yamanpej-make-plur,"0,1"
yamanpejteke-make-plur-pl-imp-0,yamanpejteke-make-plur-pl-imp,yaman-make,0
poyeno-above-nmlz-deriv-stem,poyeno-above-nmlz,poyeno-above-nmlz,"0,1"
poyeno-above-nmlz-0,poyeno-above-nmlz,poye-above,0
yenepepejteke-send-away-plur-pl-imp-deriv-stem,yenepepejteke-send-away-plur-pl-imp,yenepepej-send-away-plur,"0,1"
yenepepejteke-send-away-plur-pl-imp-0,yenepepejteke-send-away-plur-pl-imp,yenepe-send-away,0
joti-hoti-0,joti-hoti,joti-hoti,0
wejtojpano-come-fut-concl-0,wejtojpano-come-fut-concl,wej-come,0
tajpe-say-pst-0,tajpe-say-pst,ta-say,0
yamantojpe-make-fut-0,yamantojpe-make-fut,yaman-make,0
wejpejse-come-plur-pst-deriv-stem,wejpejse-come-plur-pst,wejpej-come-plur,"0,1"
wejpejse-come-plur-pst-0,wejpejse-come-plur-pst,wej-come,0
tewisanton-3pro-pl-0,tewisanton-3pro-pl,tewisanton-3pro-pl,0
tatemeki-3p-defend-ipfv-1,tatemeki-3p-defend-ipfv,temeki-defend,1
tatemekija-3p-defend-neg-1,tatemekija-3p-defend-neg,temeki-defend,1
tampasaj-become-angry-abs-nmlz-0,tampasaj-become-angry-abs-nmlz,tampa-become-angry,0
wesare-kill-imn-0,wesare-kill-imn,we-kill,0
mone-vagina-0,mone-vagina,mone-vagina,0
tuke-give-imp-0,tuke-give-imp,tu-give,0
turu-give-ipfv-0,turu-give-ipfv,tu-give,0
yawankasare-kill-imn-0,yawankasare-kill-imn,yawanka-kill,0
yawankapejse-kill-plur-pst-deriv-stem,yawankapejse-kill-plur-pst,yawankapej-kill-plur,"0,1"
yawankapejse-kill-plur-pst-0,yawankapejse-kill-plur-pst,yawanka-kill,0
yaketepejse-cut-plur-pst-deriv-stem,yaketepejse-cut-plur-pst,yaketepej-cut-plur,"0,1"
yaketepejse-cut-plur-pst-0,yaketepejse-cut-plur-pst,yakete-cut,0
tanai-3p-do-ipfv-1,tanai-3p-do-ipfv,nai-do,1
taperi-3-arm-wing-pert-1,taperi-3-arm-wing-pert,ape-arm-wing,1
inchaj-see-abs-nmlz-0,inchaj-see-abs-nmlz,in-see,0
yanikipeke-call-prog-tr-0,yanikipeke-call-prog-tr,yaniki-call,0
tawe-3p-kill-ipfv-1,tawe-3p-kill-ipfv,we-kill,1
yawankase-kill-pst-0,yawankase-kill-pst,yawanka-kill,0
yawono-loc-nmlz-deriv-stem,yawono-loc-nmlz,yawono-loc-nmlz,"0,1"
yawono-loc-nmlz-0,yawono-loc-nmlz,yawo-loc,0
tewisantomojpe-3pro-pl-pst-0,tewisantomojpe-3pro-pl-pst,tewisantomo-3pro-pl,0
turu-3-starchy-food-pert-1,turu-3-starchy-food-pert,u-starchy-food,1
anajpe-1-3pro-pst-0,anajpe-1-3pro-pst,ana-1-3pro,0
waimuru-language-pert-0,waimuru-language-pert,waimu-language,0
tayopose-3p-find-pst-1,tayopose-3p-find-pst,yopo-find,1
yemese-eat-fruits-eggs-soup-sup-0,yemese-eat-fruits-eggs-soup-sup,yeme-eat-fruits-eggs-soup,0
yemepori-eat-fruits-eggs-soup-des-ipfv-deriv-stem,yemepori-eat-fruits-eggs-soup-des-ipfv,yemepo-eat-fruits-eggs-soup-des,"0,1"
yemepori-eat-fruits-eggs-soup-des-ipfv-0,yemepori-eat-fruits-eggs-soup-des-ipfv,yeme-eat-fruits-eggs-soup,0
tainche-3p-see-pst-1,tainche-3p-see-pst,in-see,1
yemepo-eat-fruits-eggs-soup-des-ipfv-deriv-stem,yemepo-eat-fruits-eggs-soup-des-ipfv,yemepo-eat-fruits-eggs-soup-des,"0,1"
yemepo-eat-fruits-eggs-soup-des-ipfv-0,yemepo-eat-fruits-eggs-soup-des-ipfv,yeme-eat-fruits-eggs-soup,0
takase-3p-take-out-pst-1,takase-3p-take-out-pst,ka-take-out,1
wejteke-go-down-imp-0,wejteke-go-down-imp,wejte-go-down,0
nopan-good-nmlz-deriv-stem,nopan-good-nmlz,nopan-good-nmlz,"0,1"
nopan-good-nmlz-0,nopan-good-nmlz,nop-good,0
wetopo-kill-circ-nmlz-deriv-stem,wetopo-kill-circ-nmlz,wetopo-kill-circ-nmlz,"0,1"
wetopo-kill-circ-nmlz-0,wetopo-kill-circ-nmlz,we-kill,0
teseke-prop-name-prop-1,teseke-prop-name-prop,ese-name,1
mira-priodontes-maximus-0,mira-priodontes-maximus,mira-priodontes-maximus,0
inwa-3-glute-pert-1,inwa-3-glute-pert,nwa-glute,1
tapiremi-red-nmlz-deriv-stem,tapiremi-red-nmlz,tapiremi-red-nmlz,"0,1"
tapiremi-red-nmlz-0,tapiremi-red-nmlz,tapire-red,0
winiki-sleep-ipfv-0,winiki-sleep-ipfv,winiki-sleep,0
winijsaj-sleep-abs-nmlz-0,winijsaj-sleep-abs-nmlz,winij-sleep,0
womiri-enter-ipfv-0,womiri-enter-ipfv,womi-enter,0
apataka-come-out-acnnmlz-0,apataka-come-out-acnnmlz,apataka-come-out,0
waraijtokem-husband-prop-nmlz-deriv-stem,waraijtokem-husband-prop-nmlz,waraijtoke-husband-prop,"0,1"
waraijtokem-husband-prop-nmlz-0,waraijtokem-husband-prop-nmlz,waraijto-husband,0
apatakai-come-out-hort-0,apatakai-come-out-hort,apataka-come-out,0
tachikaja-3p-bite-neg-1,tachikaja-3p-bite-neg,chika-bite,1
patakapeti-take-out-plur-ipfv-deriv-stem,patakapeti-take-out-plur-ipfv,patakapeti-take-out-plur,"0,1"
patakapeti-take-out-plur-ipfv-0,patakapeti-take-out-plur-ipfv,pataka-take-out,0
esemapori-die-des-ipfv-deriv-stem,esemapori-die-des-ipfv,esemapo-die-des,"0,1"
esemapori-die-des-ipfv-0,esemapori-die-des-ipfv,esema-die,0
semapori-die-des-ipfv-deriv-stem,semapori-die-des-ipfv,semapo-die-des,"0,1"
semapori-die-des-ipfv-0,semapori-die-des-ipfv,sema-die,0
ye-tooth-1-0,ye-tooth-1,ye-tooth-1,0
yan-pick-up-acnnmlz-0,yan-pick-up-acnnmlz,yan-pick-up,0
tayamijpe-3p-pick-up-pst-1,tayamijpe-3p-pick-up-pst,yami-pick-up,1
wejsare-come-imn-0,wejsare-come-imn,wej-come,0
waijta-mouse-0,waijta-mouse,waijta-mouse,0
winijse-sleep-sup-0,winijse-sleep-sup,winij-sleep,0
tawani-darkness-0,tawani-darkness,tawani-darkness,0
enujse-go-up-pst-0,enujse-go-up-pst,enuj-go-up,0
waijtaton-mouse-pl-0,waijtaton-mouse-pl,waijta-mouse,0
nwajte-dance-ipfv-0,nwajte-dance-ipfv,nwajte-dance,0
wurijyampijke-woman-dim-deriv-stem,wurijyampijke-woman-dim,wurijyampijke-woman-dim,"0,1"
wurijyampijke-woman-dim-0,wurijyampijke-woman-dim,wurijyam-woman,0
nai-do-ipfv-0,nai-do-ipfv,nai-do,0
naijpetiri-do-plur-ipfv-deriv-stem,naijpetiri-do-plur-ipfv,naijpeti-do-plur,"0,1"
naijpetiri-do-plur-ipfv-0,naijpetiri-do-plur-ipfv,naij-do,0
waijtatomo-mouse-pl-0,waijtatomo-mouse-pl,waijta-mouse,0
nwajteri-dance-ipfv-0,nwajteri-dance-ipfv,nwajte-dance,0
ejwenakase-vomit-pst-0,ejwenakase-vomit-pst,ejwenaka-vomit,0
iwenaru-3-vomit-pert-1,iwenaru-3-vomit-pert,wena-vomit,1
sujtase-urinate-pst-0,sujtase-urinate-pst,sujta-urinate,0
sukuru-urine-pert-0,sukuru-urine-pert,suku-urine,0
sujta-urinate-ipfv-0,sujta-urinate-ipfv,sujta-urinate,0
waijtatomojpe-mouse-pl-pst-0,waijtatomojpe-mouse-pl-pst,waijta-mouse,0
tipase-go-in-group-pst-0,tipase-go-in-group-pst,tipa-go-in-group,0
ejwenakajpe-vomit-pst-acnnmlz-0,ejwenakajpe-vomit-pst-acnnmlz,ejwenaka-vomit,0
tainpetiri-3p-see-plur-ipfv-deriv-stem,tainpetiri-3p-see-plur-ipfv,inpeti-see-plur,"1,2"
tainpetiri-3p-see-plur-ipfv-1,tainpetiri-3p-see-plur-ipfv,in-see,1
inpeti-see-plur-ipfv-deriv-stem,inpeti-see-plur-ipfv,inpeti-see-plur,"0,1"
inpeti-see-plur-ipfv-0,inpeti-see-plur-ipfv,in-see,0
wenakajpe-vomit-pst-0,wenakajpe-vomit-pst,wenaka-vomit,0
wenarujpe-vomit-pert-pst-0,wenarujpe-vomit-pert-pst,wena-vomit,0
kerejpe-old-0,kerejpe-old,kerejpe-old,0
tipapejse-go-in-group-plur-pst-deriv-stem,tipapejse-go-in-group-plur-pst,tipapej-go-in-group-plur,"0,1"
tipapejse-go-in-group-plur-pst-0,tipapejse-go-in-group-plur-pst,tipa-go-in-group,0
ajpachi-undergrowth-0,ajpachi-undergrowth,ajpachi-undergrowth,0
wonse-enter-pst-0,wonse-enter-pst,won-enter,0
yakino-lk-younger-brother-pert-1,yakino-lk-younger-brother-pert,akino-younger-brother,1
tototom-non-indian-pl-0,tototom-non-indian-pl,toto-non-indian,0
mukukem-child-prop-nmlz-deriv-stem,mukukem-child-prop-nmlz,mukuke-child-prop,"0,1"
mukukem-child-prop-nmlz-0,mukukem-child-prop-nmlz,muku-child,0
tayamaneri-3p-make-ipfv-1,tayamaneri-3p-make-ipfv,yamane-make,1
yatunu-day-0,yatunu-day,yatunu-day,0
takino-3-younger-brother-pert-1,takino-3-younger-brother-pert,akino-younger-brother,1
sampu-black-piranha-0,sampu-black-piranha,sampu-black-piranha,0
tayojtese-3p-fish-with-hook-pst-1,tayojtese-3p-fish-with-hook-pst,yojte-fish-with-hook,1
karasakem-white-nmlz-deriv-stem,karasakem-white-nmlz,karasakem-white-nmlz,"0,1"
karasakem-white-nmlz-0,karasakem-white-nmlz,karasake-white,0
tayenepo-3p-eat-meat-des-ipfv-deriv-stem,tayenepo-3p-eat-meat-des-ipfv,yenepo-eat-meat-des,"1,2"
tayenepo-3p-eat-meat-des-ipfv-1,tayenepo-3p-eat-meat-des-ipfv,yene-eat-meat,1
tayenepese-3p-send-away-pst-1,tayenepese-3p-send-away-pst,yenepe-send-away,1
yenari-lk-nose-pert-1,yenari-lk-nose-pert,ena-nose,1
tatojpajpe-3p-hit-pst-1,tatojpajpe-3p-hit-pst,tojpa-hit,1
penejpe-piranha-pst-0,penejpe-piranha-pst,pene-piranha,0
tayojte-3p-fish-with-hook-ipfv-1,tayojte-3p-fish-with-hook-ipfv,yojte-fish-with-hook,1
tayojteja-3p-fish-with-hook-neg-1,tayojteja-3p-fish-with-hook-neg,yojte-fish-with-hook,1
tarokase-3p-wash-pst-1,tarokase-3p-wash-pst,roka-wash,1
roka-wash-acnnmlz-0,roka-wash-acnnmlz,roka-wash,0
weretapejse-arrive-plur-pst-deriv-stem,weretapejse-arrive-plur-pst,weretapej-arrive-plur,"0,1"
weretapejse-arrive-plur-pst-0,weretapejse-arrive-plur-pst,wereta-arrive,0
wereta-arrive-acnnmlz-0,wereta-arrive-acnnmlz,wereta-arrive,0
winijpejteke-sleep-plur-pl-imp-deriv-stem,winijpejteke-sleep-plur-pl-imp,winijpej-sleep-plur,"0,1"
winijpejteke-sleep-plur-pl-imp-0,winijpejteke-sleep-plur-pl-imp,winij-sleep,0
yantoj-pick-up-circ-nmlz-deriv-stem,yantoj-pick-up-circ-nmlz,yantoj-pick-up-circ-nmlz,"0,1"
yantoj-pick-up-circ-nmlz-0,yantoj-pick-up-circ-nmlz,yan-pick-up,0
winijpejse-sleep-plur-pst-deriv-stem,winijpejse-sleep-plur-pst,winijpej-sleep-plur,"0,1"
winijpejse-sleep-plur-pst-0,winijpejse-sleep-plur-pst,winij-sleep,0
tayamanse-3p-make-pst-1,tayamanse-3p-make-pst,yaman-make,1
putuja-feel-neg-0,putuja-feel-neg,putu-feel,0
weka-defecate-ipfv-0,weka-defecate-ipfv,weka-defecate,0
tutojpano-give-fut-concl-0,tutojpano-give-fut-concl,tu-give,0
apontejpe-seat-pst-0,apontejpe-seat-pst,aponte-seat,0
kamwiyajkase-change-sup-0,kamwiyajkase-change-sup,kamwiyajka-change,0
tase-say-sup-0,tase-say-sup,ta-say,0
tayamija-3p-pick-up-neg-1,tayamija-3p-pick-up-neg,yami-pick-up,1
atike-plot-of-cultivated-land-prop-deriv-stem,atike-plot-of-cultivated-land-prop,atike-plot-of-cultivated-land-prop,"0,1"
atike-plot-of-cultivated-land-prop-0,atike-plot-of-cultivated-land-prop,ati-plot-of-cultivated-land,0
wejte-go-down-acnnmlz-0,wejte-go-down-acnnmlz,wejte-go-down,0
tasem-say-ptcp-nmlz-0,tasem-say-ptcp-nmlz,ta-say,0
tajnonton-piaroa-pl-0,tajnonton-piaroa-pl,tajnon-piaroa,0
yej-lk-house-pert-1,yej-lk-house-pert,ej-house,1
teki-3-chicha-pert-1,teki-3-chicha-pert,eki-chicha,1
yepema-pay-ipfv-0,yepema-pay-ipfv,yepema-pay,0
chimari-path-pert-0,chimari-path-pert,chima-path,0
enujta-go-up-motimp-0,enujta-go-up-motimp,enuj-go-up,0
enuku-go-up-ipfv-0,enuku-go-up-ipfv,enuku-go-up,0
enujke-go-up-imp-0,enujke-go-up-imp,enuj-go-up,0
irui-3-older-brother-pert-1,irui-3-older-brother-pert,rui-older-brother,1
tainpo-3p-see-des-ipfv-deriv-stem,tainpo-3p-see-des-ipfv,inpo-see-des,"1,2"
tainpo-3p-see-des-ipfv-1,tainpo-3p-see-des-ipfv,in-see,1
yapejjrama-grab-proh-0,yapejjrama-grab-proh,yapej-grab,0
mejyakajrama-uncover-proh-0,mejyakajrama-uncover-proh,mejyaka-uncover,0
enuku-go-up-acnnmlz-0,enuku-go-up-acnnmlz,enuku-go-up,0
tamejyakase-3p-uncover-pst-1,tamejyakase-3p-uncover-pst,mejyaka-uncover,1
tayanse-3p-pick-up-pst-1,tayanse-3p-pick-up-pst,yan-pick-up,1
yapichija-grab-neg-0,yapichija-grab-neg,yapichi-grab,0
esemapejse-die-plur-pst-deriv-stem,esemapejse-die-plur-pst,esemapej-die-plur,"0,1"
esemapejse-die-plur-pst-0,esemapejse-die-plur-pst,esema-die,0
tawejkatojpano-dawn-fut-concl-0,tawejkatojpano-dawn-fut-concl,tawejka-dawn,0
tawejkaja-dawn-neg-0,tawejkaja-dawn-neg,tawejka-dawn,0
inwari-3-glute-pert-1,inwari-3-glute-pert,nwa-glute,1
tajta-say-motimp-0,tajta-say-motimp,taj-say,0
noro-parrot-sp-0,noro-parrot-sp,noro-parrot-sp,0
ejpenakapeti-return-plur-ipfv-deriv-stem,ejpenakapeti-return-plur-ipfv,ejpenakapeti-return-plur,"0,1"
ejpenakapeti-return-plur-ipfv-0,ejpenakapeti-return-plur-ipfv,ejpenaka-return,0
tayanijse-3p-call-pst-1,tayanijse-3p-call-pst,yanij-call,1
yujwajpe-burn-pst-0,yujwajpe-burn-pst,yujwa-burn,0
tataja-3p-say-neg-1,tataja-3p-say-neg,ta-say,1
yepemata-pay-motimp-0,yepemata-pay-motimp,yepema-pay,0
tanepi-3p-bring-ipfv-1,tanepi-3p-bring-ipfv,nepi-bring,1
ejnai-make-self-ipfv-0,ejnai-make-self-ipfv,ejnai-make-self,0
tayapichija-3p-grab-neg-1,tayapichija-3p-grab-neg,yapichi-grab,1
ejnemese-remain-sup-0,ejnemese-remain-sup,ejneme-remain,0
sakau-sand-0,sakau-sand,sakau-sand,0
yami-pick-up-ipfv-0,yami-pick-up-ipfv,yami-pick-up,0
tayampo-3p-pick-up-des-ipfv-deriv-stem,tayampo-3p-pick-up-des-ipfv,yampo-pick-up-des,"1,2"
tayampo-3p-pick-up-des-ipfv-1,tayampo-3p-pick-up-des-ipfv,yam-pick-up,1
yamanpejse-make-plur-pst-deriv-stem,yamanpejse-make-plur-pst,yamanpej-make-plur,"0,1"
yamanpejse-make-plur-pst-0,yamanpejse-make-plur-pst,yaman-make,0
weri-kill-ipfv-0,weri-kill-ipfv,we-kill,0
wonke-enter-imp-0,wonke-enter-imp,won-enter,0
itapo-hear-des-ipfv-deriv-stem,itapo-hear-des-ipfv,itapo-hear-des,"0,1"
itapo-hear-des-ipfv-0,itapo-hear-des-ipfv,ita-hear,0
tawese-3p-kill-pst-1,tawese-3p-kill-pst,we-kill,1
weke-kill-imp-0,weke-kill-imp,we-kill,0
kamere-lightning-0,kamere-lightning,kamere-lightning,0
wejka-fall-acnnmlz-0,wejka-fall-acnnmlz,wejka-fall,0
kamwiyajkapo-change-des-ipfv-deriv-stem,kamwiyajkapo-change-des-ipfv,kamwiyajkapo-change-des,"0,1"
kamwiyajkapo-change-des-ipfv-0,kamwiyajkapo-change-des-ipfv,kamwiyajka-change,0
tayamiri-3p-pick-up-ipfv-1,tayamiri-3p-pick-up-ipfv,yami-pick-up,1
pupuri-bactris-gasipaes-0,pupuri-bactris-gasipaes,pupuri-bactris-gasipaes,0
tasemejse-3p-defend-pst-1,tasemejse-3p-defend-pst,semej-defend,1
yanepijke-mother-dim-deriv-stem,yanepijke-mother-dim,yanepijke-mother-dim,"0,1"
yanepijke-mother-dim-0,yanepijke-mother-dim,yane-mother,0
ipachi-3-older-sister-of-woman-pert-1,ipachi-3-older-sister-of-woman-pert,pachi-older-sister-of-woman,1
mukuke-child-prop-deriv-stem,mukuke-child-prop,mukuke-child-prop,"0,1"
mukuke-child-prop-0,mukuke-child-prop,muku-child,0
tatemekiri-3p-defend-ipfv-1,tatemekiri-3p-defend-ipfv,temeki-defend,1
tatupo-3p-give-des-ipfv-deriv-stem,tatupo-3p-give-des-ipfv,tupo-give-des,"1,2"
tatupo-3p-give-des-ipfv-1,tatupo-3p-give-des-ipfv,tu-give,1
asamori-cry-acnnmlz-0,asamori-cry-acnnmlz,asamo-cry,0
tupo-give-des-ipfv-deriv-stem,tupo-give-des-ipfv,tupo-give-des,"0,1"
tupo-give-des-ipfv-0,tupo-give-des-ipfv,tu-give,0
tasemeki-3p-defend-ipfv-1,tasemeki-3p-defend-ipfv,semeki-defend,1
yorojyamori-lk-evil-being-pert-1,yorojyamori-lk-evil-being-pert,orojyamo-evil-being,1
yorojyamorijpe-lk-evil-being-pert-pst-1,yorojyamorijpe-lk-evil-being-pert-pst,orojyamo-evil-being,1
teijpono-far-nmlz-1-deriv-stem,teijpono-far-nmlz-1,teijpono-far-nmlz-1,"0,1"
teijpono-far-nmlz-1-0,teijpono-far-nmlz-1,teijpo-far,0
pijpe-skin-0,pijpe-skin,pijpe-skin,0
yorojyamo-lk-evil-being-pert-1,yorojyamo-lk-evil-being-pert,orojyamo-evil-being,1
patakake-take-out-imp-0,patakake-take-out-imp,pataka-take-out,0
yenu-lk-eye-pert-1,yenu-lk-eye-pert,enu-eye,1
epese-escape-pst-0,epese-escape-pst,epe-escape,0
ijteta-3-go-motimp-1,ijteta-3-go-motimp,te-go,1
inajpiri-3-grandfather-pert-1,inajpiri-3-grandfather-pert,najpi-grandfather,1
waraijtorijpe-husband-pert-pst-0,waraijtorijpe-husband-pert-pst,waraijto-husband,0
yenepo-eat-meat-des-ipfv-deriv-stem,yenepo-eat-meat-des-ipfv,yenepo-eat-meat-des,"0,1"
yenepo-eat-meat-des-ipfv-0,yenepo-eat-meat-des-ipfv,yene-eat-meat,0
ami-unidentified-plant-0,ami-unidentified-plant,ami-unidentified-plant,0
tanaijpeti-3p-do-plur-ipfv-deriv-stem,tanaijpeti-3p-do-plur-ipfv,naijpeti-do-plur,"1,2"
tanaijpeti-3p-do-plur-ipfv-1,tanaijpeti-3p-do-plur-ipfv,naij-do,1
tanaise-3p-do-pst-1,tanaise-3p-do-pst,nai-do,1
tanaijpetiri-3p-do-plur-ipfv-deriv-stem,tanaijpetiri-3p-do-plur-ipfv,naijpeti-do-plur,"1,2"
tanaijpetiri-3p-do-plur-ipfv-1,tanaijpetiri-3p-do-plur-ipfv,naij-do,1
moronori-poison-pert-0,moronori-poison-pert,morono-poison,0
chiyakontomo-friend-pl-0,chiyakontomo-friend-pl,chiyakon-friend,0
yapijtontomo-old-pl-0,yapijtontomo-old-pl,yapijton-old,0
taro-say-acnnmlz-0,taro-say-acnnmlz,taro-say,0
tojpapejse-hit-plur-pst-deriv-stem,tojpapejse-hit-plur-pst,tojpapej-hit-plur,"0,1"
tojpapejse-hit-plur-pst-0,tojpapejse-hit-plur-pst,tojpa-hit,0
yawotomo-lk-uncle-pert-pl-1,yawotomo-lk-uncle-pert-pl,awo-uncle,1
yansaj-pick-up-abs-nmlz-0,yansaj-pick-up-abs-nmlz,yan-pick-up,0
awanenei-2-aunt-pert-1,awanenei-2-aunt-pert,wanene-aunt,1
yakaramasaj-tell-abs-nmlz-0,yakaramasaj-tell-abs-nmlz,yakarama-tell,0
iwaraijto-3-husband-pert-1,iwaraijto-3-husband-pert,waraijto-husband,1
iwanenei-3-aunt-pert-1,iwanenei-3-aunt-pert,wanene-aunt,1
tataropo-3p-say-des-ipfv-1,tataropo-3p-say-des-ipfv,taro-say,1
pojteni-want-agtnmlz-deriv-stem,pojteni-want-agtnmlz,pojteni-want-agtnmlz,"0,1"
pojteni-want-agtnmlz-0,pojteni-want-agtnmlz,pojte-want,0
yatiri-lk-plot-of-cultivated-land-pert-1,yatiri-lk-plot-of-cultivated-land-pert,ati-plot-of-cultivated-land-1,1
yaketeke-cut-imp-0,yaketeke-cut-imp,yakete-cut,0
tatirijpe-3-plot-of-cultivated-land-pert-pst-1,tatirijpe-3-plot-of-cultivated-land-pert-pst,ati-plot-of-cultivated-land-1,1
winikijnari-sleep-ipfv-neg-0,winikijnari-sleep-ipfv-neg,winiki-sleep,0
wirejpe-1pro-pst-0,wirejpe-1pro-pst,wire-1pro,0
yawankase-kill-sup-0,yawankase-kill-sup,yawanka-kill,0
samo-cry-ipfv-0,samo-cry-ipfv,samo-cry,0
picha-capuchin-monkey-0,picha-capuchin-monkey,picha-capuchin-monkey,0
tajropo-have-fever-ipfv-0,tajropo-have-fever-ipfv,tajropo-have-fever,0
anoto-annatto-0,anoto-annatto,anoto-annatto,0
tayapimajpe-3p-make-worse-pst-1,tayapimajpe-3p-make-worse-pst,yapima-make-worse,1
pimi-neck-0,pimi-neck,pimi-neck,0
yakaramaja-tell-neg-0,yakaramaja-tell-neg,yakarama-tell,0
yaketeja-cut-neg-0,yaketeja-cut-neg,yakete-cut,0
yepemaja-pay-neg-0,yepemaja-pay-neg,yepema-pay,0
tojpa-hit-ipfv-0,tojpa-hit-ipfv,tojpa-hit,0
warotapojnari-work-des-ipfv-neg-deriv-stem,warotapojnari-work-des-ipfv-neg,warotapo-work-des,"0,1"
warotapojnari-work-des-ipfv-neg-0,warotapojnari-work-des-ipfv-neg,warota-work,0
pota-mouth-0,pota-mouth,pota-mouth,0
nankase-find-pst-0,nankase-find-pst,nanka-find,0
takerejtomo-3-relative-pert-pl-1,takerejtomo-3-relative-pert-pl,akere-relative-1,1
yerepunu-lk-sick-pert-1,yerepunu-lk-sick-pert,erepunu-sick,1
pachiri-older-sister-of-woman-pert-0,pachiri-older-sister-of-woman-pert,pachi-older-sister-of-woman,0
peti-leg-0,peti-leg,peti-leg,0
patakasape-take-out-pfv-0,patakasape-take-out-pfv,pataka-take-out,0
kochari-tail-pert-0,kochari-tail-pert,kocha-tail,0
mujnajtese-bury-sup-0,mujnajtese-bury-sup,mujnajte-bury,0
mukurujpe-child-pert-pst-0,mukurujpe-child-pert-pst,muku-child,0
tesetijpe-3-name-pert-pst-1,tesetijpe-3-name-pert-pst,ese-name,1
semajpe-die-pst-0,semajpe-die-pst,sema-die,0
waimupeke-speak-prog-tr-0,waimupeke-speak-prog-tr,waimu-speak,0
wanenetomo-aunt-pl-0,wanenetomo-aunt-pl,wanene-aunt,0
senkapeti-finish-plur-ipfv-0,senkapeti-finish-plur-ipfv,senka-finish,0
wejpetijpe-come-plur-pst-deriv-stem,wejpetijpe-come-plur-pst,wejpeti-come-plur,"0,1"
wejpetijpe-come-plur-pst-0,wejpetijpe-come-plur-pst,wej-come,0
iyipi-3-mountain-pert-1,iyipi-3-mountain-pert,yipi-mountain,1
inono-3-earth-pert-1,inono-3-earth-pert,nono-earth,1
tajnon-piaroa-0,tajnon-piaroa,tajnon-piaroa,0
tamutom-3-ripeness-pert-pl-1,tamutom-3-ripeness-pert-pl,amu-ripeness,1
senkane-finish-inf-0,senkane-finish-inf,senka-finish,0
pijiguao-bactris-gasipaes-0,pijiguao-bactris-gasipaes,pijiguao-bactris-gasipaes,0
warotanepeke-work-prog-intr-0,warotanepeke-work-prog-intr,warota-work,0
yipiri-mountain-pert-1-0,yipiri-mountain-pert-1,yipi-mountain,0
wejkatopo-fall-circ-nmlz-deriv-stem,wejkatopo-fall-circ-nmlz,wejkatopo-fall-circ-nmlz,"0,1"
wejkatopo-fall-circ-nmlz-0,wejkatopo-fall-circ-nmlz,wejka-fall,0
yipirijpe-mountain-pert-pst-0,yipirijpe-mountain-pert-pst,yipi-mountain,0
asamonepeke-cry-prog-intr-0,asamonepeke-cry-prog-intr,asamo-cry,0
inchare-see-imn-0,inchare-see-imn,in-see,0
semonepeke-cry-prog-intr-0,semonepeke-cry-prog-intr,semo-cry,0
wanenetom-aunt-pl-0,wanenetom-aunt-pl,wanene-aunt,0
waimute-speak-inf-0,waimute-speak-inf,waimu-speak,0
semone-cry-inf-0,semone-cry-inf,semo-cry,0
kukuru-answer-ipfv-0,kukuru-answer-ipfv,kuku-answer,0
ere-liver-0,ere-liver,ere-liver,0
yapejsare-grab-imn-0,yapejsare-grab-imn,yapej-grab,0
ipejsape-put-plur-pfv-deriv-stem,ipejsape-put-plur-pfv,ipej-put-plur,"0,1"
ipejsape-put-plur-pfv-0,ipejsape-put-plur-pfv,i-put,0
tapa-beat-acnnmlz-0,tapa-beat-acnnmlz,tapa-beat,0
yopoke-find-imp-0,yopoke-find-imp,yopo-find,0
keyetari-grow-ipfv-0,keyetari-grow-ipfv,keyeta-grow,0
waimutepeke-speak-prog-intr-0,waimutepeke-speak-prog-intr,waimu-speak,0
itapejteke-hear-plur-pl-imp-deriv-stem,itapejteke-hear-plur-pl-imp,itapej-hear-plur,"0,1"
itapejteke-hear-plur-pl-imp-0,itapejteke-hear-plur-pl-imp,ita-hear,0
yawotom-lk-uncle-pert-pl-1,yawotom-lk-uncle-pert-pl,awo-uncle,1
waimutomo-language-pl-0,waimutomo-language-pl,waimu-language,0
takonojpe-other-pst-0,takonojpe-other-pst,takono-other,0
chiyakono-friend-0,chiyakono-friend,chiyakono-friend,0
yamija-pick-up-neg-0,yamija-pick-up-neg,yami-pick-up,0
yopojpe-find-pst-0,yopojpe-find-pst,yopo-find,0
yewukuja-answer-neg-0,yewukuja-answer-neg,yewuku-answer,0
chiyakon-friend-0,chiyakon-friend,chiyakon-friend,0
ichemi-put-ptcp-nmlz-0,ichemi-put-ptcp-nmlz,i-put,0
eseneja-see-self-neg-0,eseneja-see-self-neg,esene-see-self,0
ejne-1-2pro-1-0,ejne-1-2pro-1,ejne-1-2pro-1,0
itajpe-hear-pst-acnnmlz-0,itajpe-hear-pst-acnnmlz,ita-hear,0
chimajpe-path-pst-0,chimajpe-path-pst,chima-path,0
yarepejse-bring-plur-pst-deriv-stem,yarepejse-bring-plur-pst,yarepej-bring-plur,"0,1"
yarepejse-bring-plur-pst-0,yarepejse-bring-plur-pst,yare-bring,0
chimarijpe-path-pert-pst-0,chimarijpe-path-pert-pst,chima-path,0
inonori-3-earth-pert-1,inonori-3-earth-pert,nono-earth,1
semekija-defend-neg-0,semekija-defend-neg,semeki-defend,0
yakonojpe-lk-younger-sister-of-woman-pert-pst-1,yakonojpe-lk-younger-sister-of-woman-pert-pst,akono-younger-sister-of-woman,1
yenke-drink-imp-0,yenke-drink-imp,yen-drink,0
yensem-drink-ptcp-nmlz-0,yensem-drink-ptcp-nmlz,yen-drink,0
sempinukuja-close-eyes-neg-0,sempinukuja-close-eyes-neg,sempinuku-close-eyes,0
intojpano-see-fut-concl-0,intojpano-see-fut-concl,in-see,0
wenkejne-forget-inf-0,wenkejne-forget-inf,wenkej-forget,0
peremekiri-speak-ipfv-0,peremekiri-speak-ipfv,peremeki-speak,0
epepeke-escape-prog-tr-0,epepeke-escape-prog-tr,epe-escape,0
yapejpetiri-grab-plur-ipfv-deriv-stem,yapejpetiri-grab-plur-ipfv,yapejpeti-grab-plur,"0,1"
yapejpetiri-grab-plur-ipfv-0,yapejpetiri-grab-plur-ipfv,yapej-grab,0
waimuruntopo-speak-circ-nmlz-deriv-stem,waimuruntopo-speak-circ-nmlz,waimuruntopo-speak-circ-nmlz,"0,1"
waimuruntopo-speak-circ-nmlz-0,waimuruntopo-speak-circ-nmlz,waimurun-speak,0
wenkepija-forget-neg-1-0,wenkepija-forget-neg-1,wenkepi-forget,0
itateke-hear-pl-imp-0,itateke-hear-pl-imp,ita-hear,0
waijteri-head-pert-0,waijteri-head-pert,waijte-head,0
semopejnepeke-cry-plur-prog-intr-deriv-stem,semopejnepeke-cry-plur-prog-intr,semopej-cry-plur,"0,1"
semopejnepeke-cry-plur-prog-intr-0,semopejnepeke-cry-plur-prog-intr,semo-cry,0
itapeke-hear-prog-tr-0,itapeke-hear-prog-tr,ita-hear,0
anajmotom-2-grandmother-pert-pl-1,anajmotom-2-grandmother-pert-pl,najmo-grandmother,1
peremekija-speak-neg-0,peremekija-speak-neg,peremeki-speak,0
semejke-defend-imp-0,semejke-defend-imp,semej-defend,0
tetopo-go-circ-nmlz-deriv-stem,tetopo-go-circ-nmlz,tetopo-go-circ-nmlz,"0,1"
tetopo-go-circ-nmlz-0,tetopo-go-circ-nmlz,te-go,0
kaimotatopo-hunt-circ-nmlz-deriv-stem,kaimotatopo-hunt-circ-nmlz,kaimotatopo-hunt-circ-nmlz,"0,1"
kaimotatopo-hunt-circ-nmlz-0,kaimotatopo-hunt-circ-nmlz,kaimota-hunt,0
wepijrama-come-proh-0,wepijrama-come-proh,wepi-come,0
aya-ra-2-grandchild-pert-1,aya-ra-2-grandchild-pert,ya-ra-grandchild,1
nonoke-earth-prop-deriv-stem,nonoke-earth-prop,nonoke-earth-prop,"0,1"
nonoke-earth-prop-0,nonoke-earth-prop,nono-earth,0
kapitan-chief-0,kapitan-chief,kapitan-chief,0
yapijton-old-0,yapijton-old,yapijton-old,0
wejpejsape-come-plur-pfv-deriv-stem,wejpejsape-come-plur-pfv,wejpej-come-plur,"0,1"
wejpejsape-come-plur-pfv-0,wejpejsape-come-plur-pfv,wej-come,0
keyamaja-raise-neg-0,keyamaja-raise-neg,keyama-raise,0
yewuku-answer-acnnmlz-0,yewuku-answer-acnnmlz,yewuku-answer,0
paka-cow-0,paka-cow,paka-cow,0
kuyuwi-bird-sp-0,kuyuwi-bird-sp,kuyuwi-bird-sp,0
yeneke-eat-meat-imp-0,yeneke-eat-meat-imp,yene-eat-meat,0
wurijyantom-woman-pl-0,wurijyantom-woman-pl,wurijyan-woman,0
nwa-glute-0,nwa-glute,nwa-glute,0
chima-path-0,chima-path,chima-path,0
pipiri-bactris-gasipaes-0,pipiri-bactris-gasipaes,pipiri-bactris-gasipaes,0
yakata-dig-out-motimp-0,yakata-dig-out-motimp,yaka-dig-out,0
winijsaj-sleep-pfv-0,winijsaj-sleep-pfv,winij-sleep,0
senkasaj-finish-abs-nmlz-0,senkasaj-finish-abs-nmlz,senka-finish,0
wepejsaj-kill-plur-pfv-deriv-stem,wepejsaj-kill-plur-pfv,wepej-kill-plur,"0,1"
wepejsaj-kill-plur-pfv-0,wepejsaj-kill-plur-pfv,we-kill,0
epese-escape-sup-0,epese-escape-sup,epe-escape,0
yipitomojpe-mountain-pl-pst-0,yipitomojpe-mountain-pl-pst,yipi-mountain,0
pata-village-0,pata-village,pata-village,0
torote-cemetery-0,torote-cemetery,torote-cemetery,0
yawaranatom-yawarana-pl-0,yawaranatom-yawarana-pl,yawarana-yawarana,0
patatejpe-village-npert-pst-0,patatejpe-village-npert-pst,pata-village,0
enirom-now-nmlz-deriv-stem,enirom-now-nmlz,enirom-now-nmlz,"0,1"
enirom-now-nmlz-0,enirom-now-nmlz,eniro-now,0
tairi-3p-put-ipfv-1,tairi-3p-put-ipfv,i-put,1
ipejse-put-plur-pst-deriv-stem,ipejse-put-plur-pst,ipej-put-plur,"0,1"
ipejse-put-plur-pst-0,ipejse-put-plur-pst,i-put,0
tepetijpe-go-plur-pst-0,tepetijpe-go-plur-pst,tepeti-go-plur,0
anta-island-0,anta-island,anta-island,0
tepeti-go-plur-ipfv-0,tepeti-go-plur-ipfv,tepeti-go-plur,0
semeki-defend-acnnmlz-0,semeki-defend-acnnmlz,semeki-defend,0
najpitomo-grandfather-pl-0,najpitomo-grandfather-pl,najpi-grandfather,0
tetojpano-go-fut-concl-0,tetojpano-go-fut-concl,te-go,0
sempinujsaj-close-eyes-abs-nmlz-0,sempinujsaj-close-eyes-abs-nmlz,sempinuj-close-eyes,0
ya-raton-grandchild-pl-0,ya-raton-grandchild-pl,ya-ra-grandchild,0
yenepetojpano-send-away-fut-concl-0,yenepetojpano-send-away-fut-concl,yenepe-send-away,0
wanapu-savannah-0,wanapu-savannah,wanapu-savannah,0
weretasare-arrive-imn-0,weretasare-arrive-imn,wereta-arrive,0
sempinujsare-close-eyes-imn-0,sempinujsare-close-eyes-imn,sempinuj-close-eyes,0
sempinujtopo-close-eyes-circ-nmlz-deriv-stem,sempinujtopo-close-eyes-circ-nmlz,sempinujtopo-close-eyes-circ-nmlz,"0,1"
sempinujtopo-close-eyes-circ-nmlz-0,sempinujtopo-close-eyes-circ-nmlz,sempinuj-close-eyes,0
samori-cry-ipfv-0,samori-cry-ipfv,samo-cry,0
yipi-mountain-pert-0,yipi-mountain-pert,yipi-mountain,0
senkasare-finish-imn-0,senkasare-finish-imn,senka-finish,0
yipijpe-mountain-pst-0,yipijpe-mountain-pst,yipi-mountain,0
wintika-disappear-acnnmlz-0,wintika-disappear-acnnmlz,wintika-disappear,0
parangana-pot-0,parangana-pot,parangana-pot,0
yarepejteke-bring-plur-pl-imp-deriv-stem,yarepejteke-bring-plur-pl-imp,yarepej-bring-plur,"0,1"
yarepejteke-bring-plur-pl-imp-0,yarepejteke-bring-plur-pl-imp,yare-bring,0
yamaneri-make-acnnmlz-0,yamaneri-make-acnnmlz,yamane-make,0
kuruwa-coroba-palm-0,kuruwa-coroba-palm,kuruwa-coroba-palm,0
seremanepeke-eat-prog-intr-0,seremanepeke-eat-prog-intr,serema-eat,0
tayojmari-3p-mix-ipfv-1,tayojmari-3p-mix-ipfv,yojma-mix,1
tesekem-prop-name-prop-nmlz-1,tesekem-prop-name-prop-nmlz,ese-name,1
yaka-dig-out-ipfv-0,yaka-dig-out-ipfv,yaka-dig-out,0
yojmatopo-mix-circ-nmlz-deriv-stem,yojmatopo-mix-circ-nmlz,yojmatopo-mix-circ-nmlz,"0,1"
yojmatopo-mix-circ-nmlz-0,yojmatopo-mix-circ-nmlz,yojma-mix,0
kerepijke-old-dim-deriv-stem,kerepijke-old-dim,kerepijke-old-dim,"0,1"
kerepijke-old-dim-0,kerepijke-old-dim,kere-old,0
yateno-loc-nmlz-deriv-stem,yateno-loc-nmlz,yateno-loc-nmlz,"0,1"
yateno-loc-nmlz-0,yateno-loc-nmlz,yate-loc,0
yemetopo-eat-fruits-eggs-soup-circ-nmlz-deriv-stem,yemetopo-eat-fruits-eggs-soup-circ-nmlz,yemetopo-eat-fruits-eggs-soup-circ-nmlz,"0,1"
yemetopo-eat-fruits-eggs-soup-circ-nmlz-0,yemetopo-eat-fruits-eggs-soup-circ-nmlz,yeme-eat-fruits-eggs-soup,0
tayamanejpe-3p-make-pst-1,tayamanejpe-3p-make-pst,yamane-make,1
tayujwa-3p-burn-ipfv-1,tayujwa-3p-burn-ipfv,yujwa-burn,1
ten-loc-nmlz-0,ten-loc-nmlz,te-loc,0
wejkari-fall-acnnmlz-0,wejkari-fall-acnnmlz,wejka-fall,0
yokipeke-eat-starch-prog-tr-0,yokipeke-eat-starch-prog-tr,yoki-eat-starch,0
yamanijpe-make-pst-0,yamanijpe-make-pst,yamani-make,0
asamo-cry-acnnmlz-0,asamo-cry-acnnmlz,asamo-cry,0
yempekapori-offend-des-ipfv-deriv-stem,yempekapori-offend-des-ipfv,yempekapo-offend-des,"0,1"
yempekapori-offend-des-ipfv-0,yempekapori-offend-des-ipfv,yempeka-offend,0
empami-learn-acnnmlz-0,empami-learn-acnnmlz,empami-learn,0
waimujnari-speak-ipfv-neg-0,waimujnari-speak-ipfv-neg,waimu-speak,0
takerej-3-relative-pert-1,takerej-3-relative-pert,akere-relative-1,1
wintikatojpano-disappear-fut-concl-0,wintikatojpano-disappear-fut-concl,wintika-disappear,0
wintikasare-disappear-imn-0,wintikasare-disappear-imn,wintika-disappear,0
moneka-girl-voc-0,moneka-girl-voc,moneka-girl-voc,0
najpitomo-grandfather-pert-pl-0,najpitomo-grandfather-pert-pl,najpi-grandfather,0
wenkejsaj-forget-abs-nmlz-0,wenkejsaj-forget-abs-nmlz,wenkej-forget,0
wintikapejse-disappear-plur-pst-deriv-stem,wintikapejse-disappear-plur-pst,wintikapej-disappear-plur,"0,1"
wintikapejse-disappear-plur-pst-0,wintikapejse-disappear-plur-pst,wintika-disappear,0
kukuja-answer-neg-0,kukuja-answer-neg,kuku-answer,0
iwaijte-3-head-pert-1,iwaijte-3-head-pert,waijte-head,1
waimurunpejteke-speak-plur-pl-imp-deriv-stem,waimurunpejteke-speak-plur-pl-imp,waimurunpej-speak-plur,"0,1"
waimurunpejteke-speak-plur-pl-imp-0,waimurunpejteke-speak-plur-pl-imp,waimurun-speak,0
taitari-3p-hear-ipfv-1,taitari-3p-hear-ipfv,ita-hear,1
waimuke-speak-imp-0,waimuke-speak-imp,waimu-speak,0
empanke-learn-imp-0,empanke-learn-imp,empan-learn,0
empampo-learn-des-ipfv-deriv-stem,empampo-learn-des-ipfv,empampo-learn-des,"0,1"
empampo-learn-des-ipfv-0,empampo-learn-des-ipfv,empam-learn,0
waimupori-speak-des-ipfv-deriv-stem,waimupori-speak-des-ipfv,waimupo-speak-des,"0,1"
waimupori-speak-des-ipfv-0,waimupori-speak-des-ipfv,waimu-speak,0
yareni-bring-agtnmlz-deriv-stem,yareni-bring-agtnmlz,yareni-bring-agtnmlz,"0,1"
yareni-bring-agtnmlz-0,yareni-bring-agtnmlz,yare-bring,0
ichiyakono-3-friend-pert-1,ichiyakono-3-friend-pert,chiyakono-friend,1
inu-3-tongue-pert-1,inu-3-tongue-pert,nu-tongue,1
wenkejtojpano-forget-fut-concl-0,wenkejtojpano-forget-fut-concl,wenkej-forget,0
tatapeke-3p-say-prog-tr-1,tatapeke-3p-say-prog-tr,ta-say,1
wenkepijrama-forget-proh-0,wenkepijrama-forget-proh,wenkepi-forget-1,0
tai-say-hort-0,tai-say-hort,ta-say,0
yenta-drink-motimp-0,yenta-drink-motimp,yen-drink,0
yense-drink-sup-0,yense-drink-sup,yen-drink,0
imukutomo-3-child-pert-pl-1,imukutomo-3-child-pert-pl,muku-child,1
yanejpe-mother-pst-0,yanejpe-mother-pst,yane-mother,0
tawejpe-3p-kill-pst-1,tawejpe-3p-kill-pst,we-kill,1
tasopikase-3p-skin-pst-1,tasopikase-3p-skin-pst,sopika-skin,1
sopikasemi-skin-ptcp-nmlz-0,sopikasemi-skin-ptcp-nmlz,sopika-skin,0
yopoja-find-neg-0,yopoja-find-neg,yopo-find,0
yopose-find-pst-0,yopose-find-pst,yopo-find,0
wontoj-enter-circ-nmlz-deriv-stem,wontoj-enter-circ-nmlz,wontoj-enter-circ-nmlz,"0,1"
wontoj-enter-circ-nmlz-0,wontoj-enter-circ-nmlz,won-enter,0
potari-mouth-pert-0,potari-mouth-pert,pota-mouth,0
yenese-eat-meat-sup-0,yenese-eat-meat-sup,yene-eat-meat,0
makarike-cayman-0,makarike-cayman,makarike-cayman,0
punujpe-flesh-pst-0,punujpe-flesh-pst,punu-flesh,0
wejpeti-come-plur-ipfv-deriv-stem,wejpeti-come-plur-ipfv,wejpeti-come-plur,"0,1"
wejpeti-come-plur-ipfv-0,wejpeti-come-plur-ipfv,wej-come,0
yareri-bring-ipfv-0,yareri-bring-ipfv,yare-bring,0
yare-bring-acnnmlz-0,yare-bring-acnnmlz,yare-bring,0
wereta-arrive-ipfv-0,wereta-arrive-ipfv,wereta-arrive,0
taweri-3p-kill-ipfv-1,taweri-3p-kill-ipfv,we-kill,1
tanemeri-3p-leave-ipfv-1,tanemeri-3p-leave-ipfv,neme-leave,1
tayareri-3p-bring-ipfv-1,tayareri-3p-bring-ipfv,yare-bring,1
yoj-eat-starch-acnnmlz-0,yoj-eat-starch-acnnmlz,yoj-eat-starch,0
yerema-feed-ipfv-0,yerema-feed-ipfv,yerema-feed,0
tayareja-3p-bring-neg-1,tayareja-3p-bring-neg,yare-bring,1
waruwaru-hoti-0,waruwaru-hoti,waruwaru-hoti,0
tayare-3p-bring-ipfv-1,tayare-3p-bring-ipfv,yare-bring,1
tachikase-3p-bite-pst-1,tachikase-3p-bite-pst,chika-bite,1
roka-wash-ipfv-0,roka-wash-ipfv,roka-wash,0
yanijta-call-motimp-0,yanijta-call-motimp,yanij-call,0
tapirikaja-3p-endure-neg-1,tapirikaja-3p-endure-neg,pirika-endure,1
chikaja-bite-neg-0,chikaja-bite-neg,chika-bite,0
tanepiri-3p-bring-ipfv-1,tanepiri-3p-bring-ipfv,nepi-bring,1
nejpeti-bring-plur-ipfv-deriv-stem,nejpeti-bring-plur-ipfv,nejpeti-bring-plur,"0,1"
nejpeti-bring-plur-ipfv-0,nejpeti-bring-plur-ipfv,nej-bring,0
morono-poison-0,morono-poison,morono-poison,0
rotoro-doctor-0,rotoro-doctor,rotoro-doctor,0
