ID,Wordform_ID,Morph_ID,Index,Gloss_ID
ajpachike-undergrowth-prop-0,ajpachike-undergrowth-prop,ajpachi-undergrowth,0,undergrowth
ajpachike-undergrowth-prop-1,ajpachike-undergrowth-prop,keprop,1,prop
jra-neg-0,jra-neg,jra-neg,0,neg
aka-ouch-cry-of-pain-0,aka-ouch-cry-of-pain,aka-ouch-cry-of-pain,0,ouch-cry-of-pain
aniki-who-0,aniki-who,aniki-who-1,0,who
apo-later-0,apo-later,apo-later,0,later
arajmate-dangerous-0,arajmate-dangerous,arajmate-dangerous,0,dangerous
arokate-difficult-0,arokate-difficult,arokate-difficult,0,difficult
asakontompene-four-0,asakontompene-four,asakontompene-four,0,four
asake-two-0,asake-two,asake-two,0,two
jne-pl-0,jne-pl,jne-pl,0,pl
asane-2-mother-pert-0,asane-2-mother-pert,a2,0,2
asane-2-mother-pert-1,asane-2-mother-pert,sane-mother,1,mother
asane-2-mother-pert-2,asane-2-mother-pert,rupert-zero,2,pert
asereke-dry-cough-prop-0,asereke-dry-cough-prop,asere-dry-cough,0,dry-cough
asereke-dry-cough-prop-1,asereke-dry-cough-prop,keprop,1,prop
ayawori-2-lk-uncle-pert-0,ayawori-2-lk-uncle-pert,a2,0,2
ayawori-2-lk-uncle-pert-1,ayawori-2-lk-uncle-pert,ylk,1,lk
ayawori-2-lk-uncle-pert-2,ayawori-2-lk-uncle-pert,awo-uncle,2,uncle
ayawori-2-lk-uncle-pert-3,ayawori-2-lk-uncle-pert,ripert,3,pert
chijchipuru-body-movement-pert-0,chijchipuru-body-movement-pert,chijchipu-body-movement,0,body-movement
chijchipuru-body-movement-pert-1,chijchipuru-body-movement-pert,rupert,1,pert
ejne-1-2pro-0,ejne-1-2pro,ejne-1-2pro,0,1-2pro
eni-prox-inan-0,eni-prox-inan,eni-prox-inan,0,"prox,inan"
enijpete-one-0,enijpete-one,enijpete-one,0,one
enirono-now-nmlz-0,enirono-now-nmlz,eniro-now,0,now
enirono-now-nmlz-1,enirono-now-nmlz,nonmlz,1,nmlz
ente-here-loc-0,ente-here-loc,ente-here-loc,0,"here,loc"
ewine-here-all-0,ewine-here-all,ewine-here-all,0,"here,all"
ijmokani-cook-agtnmlz-0,ijmokani-cook-agtnmlz,ijmoka-cook,0,cook
ijmokani-cook-agtnmlz-1,ijmokani-cook-agtnmlz,ninmlz,1,agtnmlz
ijtari-3-foot-pert-0,ijtari-3-foot-pert,i31,0,3
ijtari-3-foot-pert-1,ijtari-3-foot-pert,jta-foot,1,foot
ijtari-3-foot-pert-2,ijtari-3-foot-pert,ripert,2,pert
inawe-have-0,inawe-have,inawe-have,0,have
intipijke-small-0,intipijke-small,intipijke-small,0,small
irejpe-then-0,irejpe-then,irejpe-then,0,then
kaimoke-game-prop-0,kaimoke-game-prop,kaimo-game,0,game
kaimoke-game-prop-1,kaimoke-game-prop,keprop,1,prop
kamparake-big-prop-0,kamparake-big-prop,kampara-big,0,big
kamparake-big-prop-1,kamparake-big-prop,keprop,1,prop
karasake-white-0,karasake-white,karasake-white,0,white
kasori-fat-pert-0,kasori-fat-pert,kaso-fat,0,fat
kasori-fat-pert-1,kasori-fat-pert,ripert,1,pert
kawe-high-0,kawe-high,kawe-high,0,high
kori-brassolis-sophorae-pert-0,kori-brassolis-sophorae-pert,ko-brassolis-sophorae,0,brassolis-sophorae
kori-brassolis-sophorae-pert-1,kori-brassolis-sophorae-pert,ripert,1,pert
kururu-prochilodus-mariae-pert-0,kururu-prochilodus-mariae-pert,kuru-prochilodus-mariae,0,prochilodus-mariae
kururu-prochilodus-mariae-pert-1,kururu-prochilodus-mariae-pert,rupert,1,pert
kuyari-tree-sp-pert-0,kuyari-tree-sp-pert,kuya-tree-sp,0,"tree,sp"
kuyari-tree-sp-pert-1,kuyari-tree-sp-pert,ripert,1,pert
kemuru-pus-pert-0,kemuru-pus-pert,kemu-pus,0,pus
kemuru-pus-pert-1,kemuru-pus-pert,rupert,1,pert
kereke-old-prop-0,kereke-old-prop,kere-old,0,old
kereke-old-prop-1,kereke-old-prop,keprop,1,prop
kerekemi-old-prop-nmlz-0,kerekemi-old-prop-nmlz,kere-old,0,old
kerekemi-old-prop-nmlz-1,kerekemi-old-prop-nmlz,keprop,1,prop
kerekemi-old-prop-nmlz-2,kerekemi-old-prop-nmlz,minmlz,2,nmlz
keya-think-acnnmlz-0,keya-think-acnnmlz,keya-think,0,think
keya-think-acnnmlz-1,keya-think-acnnmlz,rinmlz-zero,1,acnnmlz
pe-ess-0,pe-ess,pe-ess,0,ess
michi-med-anim-0,michi-med-anim,michi-med-anim,0,"med,anim"
morone-hurting-0,morone-hurting,morone-hurting,0,hurting
mune-bulbous-0,mune-bulbous,mune-bulbous,0,bulbous
mejki-dist-anim-0,mejki-dist-anim,mejki-dist-anim,0,"dist,anim"
mijna-there-all-0,mijna-there-all,mijna-there-all,0,"there,all"
najmo-grandmother-0,najmo-grandmother,najmo-grandmother,0,grandmother
nakiri-thirst-pert-0,nakiri-thirst-pert,naki-thirst,0,thirst
nakiri-thirst-pert-1,nakiri-thirst-pert,ripert,1,pert
nonokemi-earth-prop-nmlz-0,nonokemi-earth-prop-nmlz,nono-earth,0,earth
nonokemi-earth-prop-nmlz-1,nonokemi-earth-prop-nmlz,keprop,1,prop
nonokemi-earth-prop-nmlz-2,nonokemi-earth-prop-nmlz,minmlz,2,nmlz
nopano-good-nmlz-0,nopano-good-nmlz,nop-good,0,good
nopano-good-nmlz-1,nopano-good-nmlz,anonmlz,1,nmlz
nope-good-0,nope-good,nope-good,0,good
ntate-mouth-npert-0,ntate-mouth-npert,nta-mouth,0,mouth
ntate-mouth-npert-1,ntate-mouth-npert,tenpert,1,npert
nuru-tongue-pert-0,nuru-tongue-pert,nu-tongue,0,tongue
nuru-tongue-pert-1,nuru-tongue-pert,rupert,1,pert
pakuri-arrow-tip-pert-0,pakuri-arrow-tip-pert,paku-arrow-tip,0,arrow-tip
pakuri-arrow-tip-pert-1,pakuri-arrow-tip-pert,ripert,1,pert
panake-ear-prop-0,panake-ear-prop,pana-ear,0,ear
panake-ear-prop-1,panake-ear-prop,keprop,1,prop
pejmani-bewitch-agtnmlz-1,pejmani-bewitch-agtnmlz,ninmlz,1,agtnmlz
pepoye-above-perl-0,pepoye-above-perl,pepoye-above-perl,0,"above,perl"
peri-palm-sp-pert-0,peri-palm-sp-pert,pe-palm-sp,0,"palm,sp"
peri-palm-sp-pert-1,peri-palm-sp-pert,ripert,1,pert
poseti-belly-0,poseti-belly,poseti-belly,0,belly
puturu-feel-ipfv-0,puturu-feel-ipfv,putu-feel,0,feel
puturu-feel-ipfv-1,puturu-feel-ipfv,ri-ru,1,ipfv
peke-about-0,peke-about,peke-about,0,about
pekepene-alone-0,pekepene-alone,pekepene-alone,0,alone
romoye-downriver-0,romoye-downriver,romoye-downriver,0,downriver
rui-older-brother-0,rui-older-brother,rui-older-brother,0,older-brother
saparari-heavy-pot-pert-0,saparari-heavy-pot-pert,sapara-heavy-pot,0,heavy-pot
saparari-heavy-pot-pert-1,saparari-heavy-pot-pert,ripert,1,pert
sukase-all-0,sukase-all,sukase-all,0,all-1
tajme-ugly-0,tajme-ugly,tajme-ugly,0,ugly
takunuru-laziness-pert-0,takunuru-laziness-pert,takunu-laziness,0,laziness
takunuru-laziness-pert-1,takunuru-laziness-pert,rupert,1,pert
tarine-fast-0,tarine-fast,tarine-fast,0,fast
tawaru-nyctidromus-albicollis-pert-0,tawaru-nyctidromus-albicollis-pert,tawa-nyctidromus-albicollis,0,nyctidromus-albicollis
tawaru-nyctidromus-albicollis-pert-1,tawaru-nyctidromus-albicollis-pert,rupert,1,pert
tawori-3-uncle-pert-0,tawori-3-uncle-pert,it3,0,3
tawori-3-uncle-pert-1,tawori-3-uncle-pert,awo-uncle,1,uncle
tawori-3-uncle-pert-2,tawori-3-uncle-pert,ripert,2,pert
teijpo-far-0,teijpo-far,teijpo-far-1,0,far
teijpono-far-nmlz-0,teijpono-far-nmlz,teijpo-far-1,0,far
teijpono-far-nmlz-1,teijpono-far-nmlz,nonmlz,1,nmlz
tejporemi-tasty-nmlz-1,tejporemi-tasty-nmlz,minmlz,1,nmlz
tejweti-3-hammock-pert-0,tejweti-3-hammock-pert,it3,0,3
tejweti-3-hammock-pert-1,tejweti-3-hammock-pert,ejwe-hammock,1,hammock
tejweti-3-hammock-pert-2,tejweti-3-hammock-pert,tipert,2,pert
tepese-3-escape-pst-0,tepese-3-escape-pst,it3,0,3
tepese-3-escape-pst-1,tepese-3-escape-pst,epe-escape,1,escape
tepese-3-escape-pst-2,tepese-3-escape-pst,sepst,2,pst
terepunu-3-sick-pert-0,terepunu-3-sick-pert,it3,0,3
terepunu-3-sick-pert-1,terepunu-3-sick-pert,erepunu-sick,1,sick
terepunu-3-sick-pert-2,terepunu-3-sick-pert,rupert-zero,2,pert
tesekemi-prop-name-prop-nmlz-0,tesekemi-prop-name-prop-nmlz,tprop,0,prop
tesekemi-prop-name-prop-nmlz-1,tesekemi-prop-name-prop-nmlz,ese-name,1,name
tesekemi-prop-name-prop-nmlz-2,tesekemi-prop-name-prop-nmlz,keprop,2,prop
tesekemi-prop-name-prop-nmlz-3,tesekemi-prop-name-prop-nmlz,minmlz,3,nmlz
toti-3-meat-pert-0,toti-3-meat-pert,it3,0,3
toti-3-meat-pert-1,toti-3-meat-pert,oti-meat,1,meat
toti-3-meat-pert-2,toti-3-meat-pert,rupert-zero,2,pert
tujnaka-iller-0,tujnaka-iller,tujnaka-iller,0,iller
teijpo-far-1-0,teijpo-far-1,teijpo-far,0,far
tewi-3pro-0,tewi-3pro,tewi-3pro,0,3pro
tewisantomo-3pro-pl-0,tewisantomo-3pro-pl,tewisantomo-3pro-pl,0,"3pro,pl"
wanene-aunt-0,wanene-aunt,wanene-aunt,0,aunt
waraijtori-husband-pert-0,waraijtori-husband-pert,waraijto-husband,0,husband
waraijtori-husband-pert-1,waraijtori-husband-pert,ripert,1,pert
wenaru-vomit-pert-0,wenaru-vomit-pert,wena-vomit,0,vomit
wenaru-vomit-pert-1,wenaru-vomit-pert,rupert,1,pert
weseyu-be-brave-acnnmlz-0,weseyu-be-brave-acnnmlz,weseyu-be-brave,0,be-brave
weseyu-be-brave-acnnmlz-1,weseyu-be-brave-acnnmlz,rinmlz-zero,1,acnnmlz
weseyuru-be-brave-ipfv-0,weseyuru-be-brave-ipfv,weseyu-be-brave,0,be-brave
weseyuru-be-brave-ipfv-1,weseyuru-be-brave-ipfv,ri-ru,1,ipfv
wire-1pro-0,wire-1pro,wire-1pro,0,1pro
yane-mother-0,yane-mother,yane-mother,0,mother
yumpe-fairly-0,yumpe-fairly,yumpe-fairly,0,fairly
yewukuru-answer-ipfv-0,yewukuru-answer-ipfv,yewuku-answer,0,answer
yewukuru-answer-ipfv-1,yewukuru-answer-ipfv,ri-ru,1,ipfv
ejpina-often-0,ejpina-often,ejpina-often,0,often
ejte-house-npert-0,ejte-house-npert,ej-house,0,house
ejte-house-npert-1,ejte-house-npert,tenpert,1,npert
eke-which-0,eke-which,eke-which,0,which
empare-already-0,empare-already,empare-already,0,already
enukuru-go-up-ipfv-0,enukuru-go-up-ipfv,enuku-go-up,0,go-up
enukuru-go-up-ipfv-1,enukuru-go-up-ipfv,ri-ru,1,ipfv
toto-non-indian-0,toto-non-indian,toto-non-indian,0,non-indian
yoti-lk-meat-pert-0,yoti-lk-meat-pert,ylk,0,lk
yoti-lk-meat-pert-1,yoti-lk-meat-pert,oti-meat,1,meat
yoti-lk-meat-pert-2,yoti-lk-meat-pert,rupert-zero,2,pert
tajtoj-say-circ-nmlz-0,tajtoj-say-circ-nmlz,taj-say,0,say
tajtoj-say-circ-nmlz-1,tajtoj-say-circ-nmlz,tojnmlz,1,"circ,nmlz"
ati-what-0,ati-what,ati-what,0,what
ke-ins-0,ke-ins,ke-ins,0,ins
yamane-make-ipfv-0,yamane-make-ipfv,yamane-make,0,make
yamane-make-ipfv-1,yamane-make-ipfv,ri-zero,1,ipfv
wejsape-cop-pfv-0,wejsape-cop-pfv,wej-cop,0,cop
wejsape-cop-pfv-1,wejsape-cop-pfv,sapepfv,1,pfv
ya-erg-0,ya-erg,ya-erg,0,erg
nepijpe-bring-pst-0,nepijpe-bring-pst,nepi-bring,0,bring
nepijpe-bring-pst-1,nepijpe-bring-pst,jpepst1,1,pst
ma-rst-0,ma-rst,ma-rst,0,rst
wejtane-cop-cncs-0,wejtane-cop-cncs,wej-cop,0,cop
wejtane-cop-cncs-1,wejtane-cop-cncs,tanecncs,1,cncs
re-emp-0,re-emp,re-emp,0,emp
warai-like-0,warai-like,warai-like,0,like
mere-2pro-0,mere-2pro,mere-2pro,0,2pro
iniri-see-ipfv-0,iniri-see-ipfv,ini-see,0,see
iniri-see-ipfv-1,iniri-see-ipfv,ri,1,ipfv
meyarika-2-laugh-ipfv-0,meyarika-2-laugh-ipfv,me2,0,2
meyarika-2-laugh-ipfv-1,meyarika-2-laugh-ipfv,yarika-laugh,1,laugh
meyarika-2-laugh-ipfv-2,meyarika-2-laugh-ipfv,ri-zero,2,ipfv
ti-hsy-0,ti-hsy,ti-hsy,0,hsy
yaruwari-laugh-ipfv-0,yaruwari-laugh-ipfv,yaruwa-laugh,0,laugh
yaruwari-laugh-ipfv-1,yaruwari-laugh-ipfv,ri,1,ipfv
kwase-how-0,kwase-how,kwase-how,0,how
wajyakiti-be-happy-ipfv-0,wajyakiti-be-happy-ipfv,wajyakiti-be-happy,0,be-happy
wajyakiti-be-happy-ipfv-1,wajyakiti-be-happy-ipfv,ri-zero,1,ipfv
taro-say-ipfv-0,taro-say-ipfv,taro-say,0,say
taro-say-ipfv-1,taro-say-ipfv,ri-zero,1,ipfv
ta-say-ipfv-0,ta-say-ipfv,ta-say,0,say
ta-say-ipfv-1,ta-say-ipfv,ri-zero,1,ipfv
uyiwij-1-lk-house-pert-0,uyiwij-1-lk-house-pert,u1,0,1
uyiwij-1-lk-house-pert-1,uyiwij-1-lk-house-pert,ylk,1,lk
uyiwij-1-lk-house-pert-2,uyiwij-1-lk-house-pert,iwij-house,2,house
uyiwij-1-lk-house-pert-3,uyiwij-1-lk-house-pert,rupert-zero,3,pert
yawe-loc-0,yawe-loc,yawe-loc,0,loc
usenejkari-1-stay-ipfv-0,usenejkari-1-stay-ipfv,u1,0,1
usenejkari-1-stay-ipfv-2,usenejkari-1-stay-ipfv,ri,2,ipfv
sukuri-silently-0,sukuri-silently,sukuri-silently,0,silently
yaruwa-laugh-ipfv-0,yaruwa-laugh-ipfv,yaruwa-laugh,0,laugh
yaruwa-laugh-ipfv-1,yaruwa-laugh-ipfv,ri-zero,1,ipfv
kontomo-pl-0,kontomo-pl,kontomo-pl,0,pl
yatum-day-0,yatum-day,yatum-day,0,day
inija-see-neg-0,inija-see-neg,ini-see,0,see
inija-see-neg-1,inija-see-neg,janeg,1,neg
ta-like-0,ta-like,ta-like,0,like
uyare-1-alone-0,uyare-1-alone,u1,0,1
uyare-1-alone-1,uyare-1-alone,yare-alone,1,alone
peremekiri-talk-ipfv-0,peremekiri-talk-ipfv,peremeki-talk,0,talk
peremekiri-talk-ipfv-1,peremekiri-talk-ipfv,ri-ri,1,ipfv
narepe-part-0,narepe-part,narepe-part,0,part
yakere-lk-with-0,yakere-lk-with,ylk,0,lk
yakere-lk-with-1,yakere-lk-with,akere-with,1,with
wa-thus-0,wa-thus,wa-thus,0,thus
meyenetojpano-2-eat-meat-fut-concl-0,meyenetojpano-2-eat-meat-fut-concl,me2,0,2
meyenetojpano-2-eat-meat-fut-concl-1,meyenetojpano-2-eat-meat-fut-concl,yene-eat-meat,1,eat-meat
meyenetojpano-2-eat-meat-fut-concl-2,meyenetojpano-2-eat-meat-fut-concl,tojpanofut,2,"fut,concl"
uyakere-1-lk-with-0,uyakere-1-lk-with,u1,0,1
uyakere-1-lk-with-1,uyakere-1-lk-with,ylk,1,lk
uyakere-1-lk-with-2,uyakere-1-lk-with,akere-with,2,with
wepiri-come-ipfv-0,wepiri-come-ipfv,wepi-come,0,come
wepiri-come-ipfv-1,wepiri-come-ipfv,ri-ri,1,ipfv
e-e-yes-0,e-e-yes,e-e-yes,0,yes
tawara-too-0,tawara-too,tawara-too,0,too
taki-cnfrm-0,taki-cnfrm,taki-cnfrm,0,cnfrm
winikiri-sleep-ipfv-0,winikiri-sleep-ipfv,winiki-sleep,0,sleep
winikiri-sleep-ipfv-1,winikiri-sleep-ipfv,ri-ri,1,ipfv
iyawe-3-loc-0,iyawe-3-loc,i31,0,3
iyawe-3-loc-1,iyawe-3-loc,yawe-loc,1,loc
chipeke-because-0,chipeke-because,chipeke-because,0,because
tayawankase-3p-kill-pst-0,tayawankase-3p-kill-pst,ta-3,0,3p
tayawankase-3p-kill-pst-1,tayawankase-3p-kill-pst,yawanka-kill,1,kill
tayawankase-3p-kill-pst-2,tayawankase-3p-kill-pst,sepst,2,pst
meinpo-2-see-des-ipfv-0,meinpo-2-see-des-ipfv,me2,0,2
meinpo-2-see-des-ipfv-1,meinpo-2-see-des-ipfv,in-see,1,see
meinpo-2-see-des-ipfv-2,meinpo-2-see-des-ipfv,podes,2,des
meinpo-2-see-des-ipfv-3,meinpo-2-see-des-ipfv,ri-zero,3,ipfv
meini-2-see-ipfv-0,meini-2-see-ipfv,me2,0,2
meini-2-see-ipfv-1,meini-2-see-ipfv,ini-see,1,see
meini-2-see-ipfv-2,meini-2-see-ipfv,ri-zero,2,ipfv
keyaja-think-neg-0,keyaja-think-neg,keya-think,0,think
keyaja-think-neg-1,keyaja-think-neg,janeg,1,neg
make-mom-0,make-mom,make-mom,0,mom
meyakarama-2-tell-ipfv-0,meyakarama-2-tell-ipfv,me2,0,2
meyakarama-2-tell-ipfv-2,meyakarama-2-tell-ipfv,ri-zero,2,ipfv
mare-rel-inan-0,mare-rel-inan,mare-rel-inan-1,0,"rel,inan"
moyochi-spider-sp-0,moyochi-spider-sp,moyochi-spider-sp,0,spider-sp
tasare-say-imn-0,tasare-say-imn,ta-say,0,say
tasare-say-imn-1,tasare-say-imn,sareimn,1,imn
chipokono-because-0,chipokono-because,chipokono-because,0,because
pinika-prob-0,pinika-prob,pinika-prob,0,prob
warotari-work-ipfv-0,warotari-work-ipfv,warota-work,0,work
warotari-work-ipfv-1,warotari-work-ipfv,ri,1,ipfv
ire-3ana-inan-0,ire-3ana-inan,ire-3ana-inan,0,"3ana,inan"
mujyam-pregnancy-0,mujyam-pregnancy,mujyam-pregnancy,0,pregnancy
patakaja-take-out-neg-1,patakaja-take-out-neg,janeg,1,neg
apatakaja-come-out-neg-1,apatakaja-come-out-neg,janeg,1,neg
nwajtenepeke-dance-prog-intr-0,nwajtenepeke-dance-prog-intr,nwajte-dance,0,dance
nwajtenepeke-dance-prog-intr-1,nwajtenepeke-dance-prog-intr,nepeke,1,"prog,intr"
wejkaja-fall-neg-0,wejkaja-fall-neg,wejka-fall,0,fall
wejkaja-fall-neg-1,wejkaja-fall-neg,janeg,1,neg
ana-1-3pro-0,ana-1-3pro,ana-1-3pro,0,1-3pro
tese-go-pst-0,tese-go-pst,te-go,0,go
tese-go-pst-1,tese-go-pst,sepst,1,pst
neke-cntr-0,neke-cntr,neke-cntr,0,cntr
ne-ints-0,ne-ints,ne-ints,0,ints
wurijyantomo-woman-pl-0,wurijyantomo-woman-pl,wurijyan-woman,0,woman
wurijyantomo-woman-pl-1,wurijyantomo-woman-pl,tomopl,1,pl
ijte-there-0,ijte-there,ijte-there,0,there
muku-child-0,muku-child,muku-child,0,child
tase-say-pst-0,tase-say-pst,ta-say,0,say
tase-say-pst-1,tase-say-pst,sepst,1,pst
pano-fmr-0,pano-fmr,pano-fmr,0,fmr
tototomo-non-indian-pl-0,tototomo-non-indian-pl,toto-non-indian,0,non-indian
tototomo-non-indian-pl-1,tototomo-non-indian-pl,tomopl,1,pl
pata-village-pert-0,pata-village-pert,pata-village,0,village
pata-village-pert-1,pata-village-pert,rupert-zero,1,pert
yaka-all-0,yaka-all,yaka-all,0,all
meteja-2-go-neg-0,meteja-2-go-neg,me2,0,2
meteja-2-go-neg-1,meteja-2-go-neg,te-go,1,go
meteja-2-go-neg-2,meteja-2-go-neg,janeg,2,neg
chijpe-cop-pst-acnnmlz-0,chijpe-cop-pst-acnnmlz,chi-cop,0,cop
chijpe-cop-pst-acnnmlz-1,chijpe-cop-pst-acnnmlz,jpenmlz,1,"pst,acnnmlz"
wara-thus-0,wara-thus,wara-thus,0,thus
kwa-how-0,kwa-how,kwa-how,0,how
senkatoj-finish-circ-nmlz-1,senkatoj-finish-circ-nmlz,tojnmlz,1,"circ,nmlz"
meempamijpe-2-learn-pst-0,meempamijpe-2-learn-pst,me2,0,2
meempamijpe-2-learn-pst-1,meempamijpe-2-learn-pst,empami-learn,1,learn
meempamijpe-2-learn-pst-2,meempamijpe-2-learn-pst,jpepst1,2,pst
waimu-language-pert-0,waimu-language-pert,waimu-language,0,language
waimu-language-pert-1,waimu-language-pert,rupert-zero,1,pert
yaye-loc-0,yaye-loc,yaye-loc,0,loc
mare-rel-inan-1-0,mare-rel-inan-1,mare-rel-inan,0,"rel,inan"
winijse-sleep-pst-0,winijse-sleep-pst,winij-sleep,0,sleep
winijse-sleep-pst-1,winijse-sleep-pst,sepst,1,pst
waijtatomo-mouse-pl-0,waijtatomo-mouse-pl,waijta-mouse,0,mouse
waijtatomo-mouse-pl-1,waijtatomo-mouse-pl,tomopl,1,pl
nwajteri-dance-ipfv-0,nwajteri-dance-ipfv,nwajte-dance,0,dance
nwajteri-dance-ipfv-1,nwajteri-dance-ipfv,ri,1,ipfv
pirare-neg-exist-0,pirare-neg-exist,pirare-neg-exist,0,"neg,exist"
iwenaru-3-vomit-pert-0,iwenaru-3-vomit-pert,i31,0,3
iwenaru-3-vomit-pert-1,iwenaru-3-vomit-pert,wena-vomit,1,vomit
iwenaru-3-vomit-pert-2,iwenaru-3-vomit-pert,rupert,2,pert
aaa-ah-0,aaa-ah,aaa-ah,0,ah
usukuru-1-urine-pert-0,usukuru-1-urine-pert,u1,0,1
usukuru-1-urine-pert-1,usukuru-1-urine-pert,suku-urine,1,urine
usukuru-1-urine-pert-2,usukuru-1-urine-pert,rupert,2,pert
usujta-1-urinate-ipfv-0,usujta-1-urinate-ipfv,u1,0,1
usujta-1-urinate-ipfv-2,usujta-1-urinate-ipfv,ri-zero,2,ipfv
konopo-rain-0,konopo-rain,konopo-rain,0,rain
wejsare-come-imn-0,wejsare-come-imn,wej-come,0,come
wejsare-come-imn-1,wejsare-come-imn,sareimn,1,imn
tipase-go-in-group-pst-0,tipase-go-in-group-pst,tipa-go-in-group,0,go-in-group
tipase-go-in-group-pst-1,tipase-go-in-group-pst,sepst,1,pst
tipapejse-go-in-group-plur-pst-0,tipapejse-go-in-group-plur-pst,tipa-go-in-group,0,go-in-group
tipapejse-go-in-group-plur-pst-1,tipapejse-go-in-group-plur-pst,plur2,1,plur
tipapejse-go-in-group-plur-pst-2,tipapejse-go-in-group-plur-pst,sepst,2,pst
waijta-mouse-0,waijta-mouse,waijta-mouse,0,mouse
waraijtokon-man-0,waraijtokon-man,waraijtokon-man,0,man
maniki-rel-anim-0,maniki-rel-anim,maniki-rel-anim-1,0,"rel,anim"
ijtese-3-go-pst-0,ijtese-3-go-pst,ij3,0,3
ijtese-3-go-pst-1,ijtese-3-go-pst,te-go,1,go
ijtese-3-go-pst-2,ijtese-3-go-pst,sepst,2,pst
tiwij-3-house-pert-0,tiwij-3-house-pert,it3,0,3
tiwij-3-house-pert-1,tiwij-3-house-pert,iwij-house,1,house
tiwij-3-house-pert-2,tiwij-3-house-pert,rupert-zero,2,pert
waraijtokomo-man-0,waraijtokomo-man,waraijtokomo-man,0,man
meyepema-2-pay-ipfv-0,meyepema-2-pay-ipfv,me2,0,2
meyepema-2-pay-ipfv-1,meyepema-2-pay-ipfv,yepema-pay,1,pay
meyepema-2-pay-ipfv-2,meyepema-2-pay-ipfv,ri-zero,2,ipfv
meyapejjrama-2-grab-proh-0,meyapejjrama-2-grab-proh,me2,0,2
meyapejjrama-2-grab-proh-1,meyapejjrama-2-grab-proh,yapej-grab,1,grab
meyapejjrama-2-grab-proh-2,meyapejjrama-2-grab-proh,jramaproh,2,proh
mepana-2-dat-0,mepana-2-dat,me2,0,2
mepana-2-dat-1,mepana-2-dat,pana-dat,1,dat
tataja-3p-say-neg-0,tataja-3p-say-neg,ta-3,0,3p
tataja-3p-say-neg-1,tataja-3p-say-neg,ta-say,1,say
tataja-3p-say-neg-2,tataja-3p-say-neg,janeg,2,neg
metojpa-2-hit-ipfv-0,metojpa-2-hit-ipfv,me2,0,2
metojpa-2-hit-ipfv-1,metojpa-2-hit-ipfv,tojpa-hit,1,hit
metojpa-2-hit-ipfv-2,metojpa-2-hit-ipfv,ri-zero,2,ipfv
tajne-3-pl-0,tajne-3-pl,ta-3,0,3
tajne-3-pl-1,tajne-3-pl,jne-pl,1,pl
nankase-find-pst-0,nankase-find-pst,nanka-find,0,find
nankase-find-pst-1,nankase-find-pst,sepst,1,pst
takerejtomo-3-relative-pert-pl-0,takerejtomo-3-relative-pert-pl,it3,0,3
takerejtomo-3-relative-pert-pl-1,takerejtomo-3-relative-pert-pl,akere-relative-1,1,relative
takerejtomo-3-relative-pert-pl-2,takerejtomo-3-relative-pert-pl,jpert,2,pert
takerejtomo-3-relative-pert-pl-3,takerejtomo-3-relative-pert-pl,tomopl,3,pl
peti-leg-0,peti-leg,peti-leg,0,leg
patakasape-take-out-pfv-1,patakasape-take-out-pfv,sapepfv,1,pfv
yakucho-p-a-0,yakucho-p-a,yakucho-p-a,0,"p,a"
pana-dat-0,pana-dat,pana-dat,0,dat
kukuru-answer-ipfv-0,kukuru-answer-ipfv,kuku-answer,0,answer
kukuru-answer-ipfv-1,kukuru-answer-ipfv,ri-ru,1,ipfv
weroro-dog-0,weroro-dog,weroro-dog,0,dog
wera-like-0,wera-like,wera-like,0,like
keyetari-grow-ipfv-1,keyetari-grow-ipfv,ri,1,ipfv
memukuru-2-child-pert-0,memukuru-2-child-pert,me2,0,2
memukuru-2-child-pert-1,memukuru-2-child-pert,muku-child,1,child
memukuru-2-child-pert-2,memukuru-2-child-pert,rupert,2,pert
keyetajpe-grow-pst-1,keyetajpe-grow-pst,jpepst1,1,pst
chima-path-0,chima-path,chima-path,0,path
pata-village-0,pata-village,pata-village,0,village
mere-med-inan-0,mere-med-inan,mere-med-inan,0,"med,inan"
mare-still-0,mare-still,mare-still-1,0,still
meinija-2-see-neg-0,meinija-2-see-neg,me2,0,2
meinija-2-see-neg-1,meinija-2-see-neg,ini-see,1,see
meinija-2-see-neg-2,meinija-2-see-neg,janeg,2,neg
ka-q-0,ka-q,ka-q,0,q
pinchi-hes-0,pinchi-hes,pinchi-hes,0,hes
nwa-thus-0,nwa-thus,nwa-thus,0,thus
usamori-1-cry-ipfv-0,usamori-1-cry-ipfv,u1,0,1
usamori-1-cry-ipfv-1,usamori-1-cry-ipfv,samo-cry,1,cry
usamori-1-cry-ipfv-2,usamori-1-cry-ipfv,ri,2,ipfv
uyipi-1-mountain-pert-0,uyipi-1-mountain-pert,u1,0,1
uyipi-1-mountain-pert-1,uyipi-1-mountain-pert,yipi-mountain,1,mountain
uyipi-1-mountain-pert-2,uyipi-1-mountain-pert,rupert-zero,2,pert
inchare-see-imn-0,inchare-see-imn,in-see,0,see
inchare-see-imn-1,inchare-see-imn,chareimn,1,imn
uyepematojpe-1-pay-purp-0,uyepematojpe-1-pay-purp,u1,0,1
uyepematojpe-1-pay-purp-1,uyepematojpe-1-pay-purp,yepema-pay,1,pay
uyepematojpe-1-pay-purp-2,uyepematojpe-1-pay-purp,tojpepurp,2,purp
metepetiri-2-go-plur-ipfv-0,metepetiri-2-go-plur-ipfv,me2,0,2
metepetiri-2-go-plur-ipfv-1,metepetiri-2-go-plur-ipfv,te-go,1,go
metepetiri-2-go-plur-ipfv-2,metepetiri-2-go-plur-ipfv,plur1,2,plur
metepetiri-2-go-plur-ipfv-3,metepetiri-2-go-plur-ipfv,ri,3,ipfv
tepeti-go-plur-ipfv-1,tepeti-go-plur-ipfv,ri-zero,1,ipfv
najpitomo-grandfather-pert-pl-0,najpitomo-grandfather-pert-pl,najpi-grandfather,0,grandfather
najpitomo-grandfather-pert-pl-1,najpitomo-grandfather-pert-pl,rupert-zero,1,pert
najpitomo-grandfather-pert-pl-2,najpitomo-grandfather-pert-pl,tomopl,2,pl
senka-finish-acnnmlz-1,senka-finish-acnnmlz,rinmlz-zero,1,acnnmlz
